keyword,title,price,rating,reviews,platform,delivery
air fryer India,Nike air fryer India Model 114,509.0,3.8,3324,reliance digital,2 days
microwave oven convection,Philips microwave oven convection Model 363,545.0,4.5,3336,reliance digital,2 days
air fryer India,Dell air fryer India Model 406,580.0,5.0,4288,reliance digital,free delivery
power bank fast charging,Nike power bank fast charging Model 363,702.0,4.5,1477,flipkart,2 days
men running shoes,Samsung men running shoes Model 836,712.0,4.6,819,flipkart,2 days
power bank fast charging,Samsung power bank fast charging Model 308,780.0,2.9,2239,croma,2 days
microwave oven convection,Philips microwave oven convection Model 889,861.0,5.0,1382,amazon,2 days
power bank fast charging,Puma power bank fast charging Model 343,889.0,4.9,3557,reliance digital,5 days
air fryer India,Philips air fryer India Model 575,1010.0,3.3,2030,flipkart,2 days
microwave oven convection,HP microwave oven convection Model 801,1014.0,4.8,556,flipkart,5 days
power bank fast charging,Dell power bank fast charging Model 291,1087.0,2.6,1882,croma,5 days
microwave oven convection,Sony microwave oven convection Model 911,1095.0,3.5,2227,reliance digital,5 days
microwave oven convection,HP microwave oven convection Model 455,1099.0,2.6,2771,reliance digital,2 days
men running shoes,HP men running shoes Model 425,1105.0,3.8,69,amazon,5 days
office chair ergonomic,Puma office chair ergonomic Model 753,1131.0,3.9,4694,reliance digital,2 days
power bank fast charging,Sony power bank fast charging Model 552,1240.0,4.0,1072,flipkart,free delivery
microwave oven convection,HP microwave oven convection Model 770,1253.0,3.6,1177,flipkart,5 days
men running shoes,Puma men running shoes Model 846,1264.0,4.2,1855,croma,5 days
office chair ergonomic,HP office chair ergonomic Model 303,1279.0,4.9,4932,amazon,2 days
microwave oven convection,HP microwave oven convection Model 218,1280.0,3.8,4982,flipkart,free delivery
air fryer India,Boat air fryer India Model 191,1312.0,4.3,3015,croma,free delivery
office chair ergonomic,Samsung office chair ergonomic Model 195,1336.0,4.2,3413,flipkart,free delivery
microwave oven convection,LG microwave oven convection Model 421,1377.0,5.0,1203,reliance digital,free delivery
microwave oven convection,Dell microwave oven convection Model 924,1432.0,4.8,2003,croma,2 days
men running shoes,Boat men running shoes Model 963,1439.0,3.7,2268,reliance digital,free delivery
air fryer India,Philips air fryer India Model 898,1480.0,4.4,4269,croma,free delivery
microwave oven convection,Nike microwave oven convection Model 438,1670.0,3.9,1982,amazon,2 days
men running shoes,LG men running shoes Model 614,1680.0,2.7,4120,reliance digital,free delivery
air fryer India,LG air fryer India Model 497,1734.0,4.9,1240,amazon,free delivery
microwave oven convection,LG microwave oven convection Model 441,1788.0,4.4,713,flipkart,free delivery
men running shoes,HP men running shoes Model 956,1861.0,3.9,652,croma,5 days
office chair ergonomic,Boat office chair ergonomic Model 668,1919.0,2.9,1430,croma,2 days
microwave oven convection,Samsung microwave oven convection Model 132,2008.0,4.8,2465,croma,5 days
microwave oven convection,Nike microwave oven convection Model 675,2014.0,3.7,1428,reliance digital,5 days
office chair ergonomic,Philips office chair ergonomic Model 733,2022.0,3.7,4021,flipkart,2 days
office chair ergonomic,Philips office chair ergonomic Model 733,2022.0,3.7,2679,flipkart,2 days
power bank fast charging,Samsung power bank fast charging Model 292,2027.0,5.0,939,amazon,5 days
men running shoes,Sony men running shoes Model 547,2086.0,4.6,2882,croma,2 days
power bank fast charging,Sony power bank fast charging Model 726,2163.0,3.5,1528,reliance digital,free delivery
microwave oven convection,HP microwave oven convection Model 594,2169.0,3.6,3203,amazon,free delivery
men running shoes,Dell men running shoes Model 536,2176.0,3.8,2031,croma,5 days
office chair ergonomic,Sony office chair ergonomic Model 587,2295.0,3.9,4417,croma,5 days
microwave oven convection,Dell microwave oven convection Model 877,2507.0,4.7,3446,flipkart,free delivery
men running shoes,Boat men running shoes Model 839,2510.0,2.5,3356,croma,2 days
microwave oven convection,Nike microwave oven convection Model 140,2510.0,4.5,4517,croma,free delivery
microwave oven convection,Samsung microwave oven convection Model 326,2525.0,3.9,3415,croma,5 days
office chair ergonomic,Nike office chair ergonomic Model 983,2556.0,3.3,951,flipkart,free delivery
power bank fast charging,Samsung power bank fast charging Model 461,2621.0,4.9,112,amazon,free delivery
power bank fast charging,HP power bank fast charging Model 544,2627.0,4.7,512,amazon,free delivery
microwave oven convection,Dell microwave oven convection Model 467,2674.0,4.7,1877,amazon,2 days
microwave oven convection,Dell microwave oven convection Model 991,2702.0,4.1,1510,amazon,free delivery
office chair ergonomic,Boat office chair ergonomic Model 688,2783.0,3.1,1997,reliance digital,5 days
air fryer India,Dell air fryer India Model 411,2793.0,4.1,804,flipkart,free delivery
microwave oven convection,Boat microwave oven convection Model 754,2828.0,3.2,1712,reliance digital,5 days
men running shoes,Dell men running shoes Model 450,2830.0,2.9,3675,amazon,2 days
office chair ergonomic,Samsung office chair ergonomic Model 134,2841.0,3.7,3132,croma,5 days
men running shoes,Samsung men running shoes Model 589,2849.0,2.7,4466,amazon,2 days
power bank fast charging,Samsung power bank fast charging Model 567,2958.0,4.1,4103,croma,2 days
air fryer India,HP air fryer India Model 122,3007.0,3.0,798,flipkart,free delivery
office chair ergonomic,HP office chair ergonomic Model 586,3054.0,3.7,2790,reliance digital,2 days
office chair ergonomic,HP office chair ergonomic Model 586,3054.0,3.5,2790,reliance digital,2 days
air fryer India,LG air fryer India Model 237,3117.0,3.7,748,croma,free delivery
men running shoes,Boat men running shoes Model 961,3146.0,2.9,521,amazon,free delivery
microwave oven convection,HP microwave oven convection Model 268,3182.0,3.3,278,flipkart,free delivery
microwave oven convection,Sony microwave oven convection Model 208,3190.0,3.7,3485,reliance digital,free delivery
power bank fast charging,Philips power bank fast charging Model 481,3252.0,4.4,4842,amazon,free delivery
air fryer India,Dell air fryer India Model 399,3266.0,3.2,3596,amazon,free delivery
microwave oven convection,Nike microwave oven convection Model 418,3327.0,4.4,1863,flipkart,free delivery
microwave oven convection,LG microwave oven convection Model 315,3378.0,2.8,1762,reliance digital,2 days
microwave oven convection,LG microwave oven convection Model 315,3378.0,4.0,1762,reliance digital,2 days
air fryer India,LG air fryer India Model 521,3501.0,2.7,4874,flipkart,2 days
power bank fast charging,Puma power bank fast charging Model 877,3589.0,3.1,2943,amazon,2 days
microwave oven convection,HP microwave oven convection Model 133,3630.0,3.7,4648,amazon,free delivery
men running shoes,Philips men running shoes Model 919,3772.0,3.8,1377,croma,2 days
air fryer India,LG air fryer India Model 884,3840.0,4.9,2735,croma,5 days
power bank fast charging,HP power bank fast charging Model 824,3841.0,3.8,1977,amazon,5 days
air fryer India,Samsung air fryer India Model 611,3868.0,2.7,4042,croma,2 days
office chair ergonomic,Boat office chair ergonomic Model 391,3892.0,2.8,1107,reliance digital,free delivery
office chair ergonomic,Puma office chair ergonomic Model 150,3938.0,3.3,270,amazon,free delivery
power bank fast charging,LG power bank fast charging Model 398,4006.0,3.9,3536,reliance digital,free delivery
men running shoes,Dell men running shoes Model 200,4014.0,3.4,3811,flipkart,2 days
air fryer India,Sony air fryer India Model 556,4039.0,3.1,2150,amazon,5 days
power bank fast charging,Boat power bank fast charging Model 239,4103.0,4.7,4335,amazon,2 days
men running shoes,LG men running shoes Model 141,4134.0,3.5,2553,reliance digital,2 days
office chair ergonomic,Nike office chair ergonomic Model 597,4149.0,3.6,2704,reliance digital,5 days
power bank fast charging,Boat power bank fast charging Model 133,4165.0,3.4,2655,croma,5 days
power bank fast charging,Samsung power bank fast charging Model 858,4182.0,4.4,2560,amazon,free delivery
office chair ergonomic,Samsung office chair ergonomic Model 666,4203.0,4.0,3908,croma,5 days
microwave oven convection,HP microwave oven convection Model 639,4261.0,2.7,2230,flipkart,5 days
microwave oven convection,Sony microwave oven convection Model 440,4334.0,2.5,2041,flipkart,5 days
microwave oven convection,LG microwave oven convection Model 208,4378.0,3.8,646,amazon,2 days
office chair ergonomic,Philips office chair ergonomic Model 658,4438.0,4.4,40,amazon,5 days
microwave oven convection,Boat microwave oven convection Model 217,4482.0,3.2,779,croma,2 days
microwave oven convection,Nike microwave oven convection Model 917,4484.0,3.0,3422,reliance digital,5 days
men running shoes,Philips men running shoes Model 661,4516.0,4.6,1771,flipkart,2 days
men running shoes,Boat men running shoes Model 131,4525.0,4.3,60,amazon,free delivery
office chair ergonomic,Philips office chair ergonomic Model 836,4564.0,3.0,1540,amazon,free delivery
office chair ergonomic,Nike office chair ergonomic Model 625,4607.0,2.9,1964,reliance digital,5 days
microwave oven convection,Sony microwave oven convection Model 852,4773.0,4.5,3005,croma,2 days
microwave oven convection,Sony microwave oven convection Model 369,4789.0,4.6,589,amazon,5 days
power bank fast charging,Philips power bank fast charging Model 149,4795.0,4.1,942,croma,2 days
microwave oven convection,LG microwave oven convection Model 638,4845.0,4.5,2320,croma,5 days
power bank fast charging,Boat power bank fast charging Model 254,4855.0,4.8,2336,reliance digital,free delivery
air fryer India,Puma air fryer India Model 818,4964.0,4.1,732,flipkart,5 days
office chair ergonomic,Boat office chair ergonomic Model 178,5007.0,4.5,543,amazon,2 days
men running shoes,Dell men running shoes Model 605,5013.0,4.4,511,flipkart,free delivery
air fryer India,Philips air fryer India Model 545,5049.0,4.4,557,amazon,2 days
microwave oven convection,Sony microwave oven convection Model 224,5069.0,4.3,2597,reliance digital,2 days
office chair ergonomic,Dell office chair ergonomic Model 133,5073.0,3.3,515,reliance digital,2 days
microwave oven convection,LG microwave oven convection Model 152,5102.0,2.8,2118,reliance digital,5 days
power bank fast charging,Sony power bank fast charging Model 896,5150.0,5.0,2220,croma,2 days
office chair ergonomic,Dell office chair ergonomic Model 197,5177.0,3.6,764,croma,free delivery
air fryer India,HP air fryer India Model 506,5202.0,3.6,2195,croma,2 days
men running shoes,Nike men running shoes Model 985,5261.0,4.0,947,reliance digital,2 days
power bank fast charging,Samsung power bank fast charging Model 562,5331.0,3.8,4124,reliance digital,5 days
power bank fast charging,LG power bank fast charging Model 927,5380.0,2.6,1069,croma,free delivery
office chair ergonomic,Philips office chair ergonomic Model 849,5498.0,2.9,1932,amazon,free delivery
air fryer India,Samsung air fryer India Model 883,5559.0,3.9,3803,croma,free delivery
men running shoes,Sony men running shoes Model 835,5646.0,4.2,3419,amazon,5 days
air fryer India,Dell air fryer India Model 150,5659.0,4.2,270,amazon,5 days
microwave oven convection,Dell microwave oven convection Model 663,5712.0,4.2,1139,amazon,5 days
men running shoes,Nike men running shoes Model 799,5743.0,3.8,1695,flipkart,5 days
men running shoes,LG men running shoes Model 272,5766.0,3.2,973,reliance digital,5 days
power bank fast charging,LG power bank fast charging Model 926,5841.0,3.5,1593,croma,5 days
power bank fast charging,Boat power bank fast charging Model 927,5855.0,4.7,3908,croma,2 days
power bank fast charging,HP power bank fast charging Model 815,5912.0,3.6,80,reliance digital,free delivery
air fryer India,Puma air fryer India Model 766,5958.0,3.4,494,flipkart,2 days
office chair ergonomic,Nike office chair ergonomic Model 457,6006.0,3.4,1498,flipkart,free delivery
air fryer India,Nike air fryer India Model 642,6086.0,3.7,4274,flipkart,5 days
men running shoes,Nike men running shoes Model 692,6110.0,2.9,3598,croma,2 days
men running shoes,Philips men running shoes Model 921,6136.0,3.2,3343,croma,free delivery
air fryer India,HP air fryer India Model 735,6304.0,3.9,3336,amazon,5 days
men running shoes,Philips men running shoes Model 769,6357.0,3.3,255,reliance digital,5 days
microwave oven convection,Boat microwave oven convection Model 875,6446.0,4.6,613,amazon,2 days
microwave oven convection,Boat microwave oven convection Model 520,6468.0,4.1,4876,amazon,free delivery
men running shoes,HP men running shoes Model 115,6514.0,3.7,2024,amazon,free delivery
men running shoes,Nike men running shoes Model 445,6514.0,3.1,3970,amazon,free delivery
office chair ergonomic,Nike office chair ergonomic Model 716,6599.0,4.4,1617,flipkart,free delivery
power bank fast charging,HP power bank fast charging Model 232,6725.0,3.9,800,flipkart,free delivery
power bank fast charging,Sony power bank fast charging Model 131,6862.0,3.9,1670,croma,5 days
microwave oven convection,Samsung microwave oven convection Model 533,6933.0,3.8,4407,croma,5 days
men running shoes,Boat men running shoes Model 196,6965.0,4.7,281,amazon,free delivery
air fryer India,Nike air fryer India Model 938,6967.0,2.7,2732,reliance digital,5 days
men running shoes,LG men running shoes Model 597,6967.0,3.4,1700,reliance digital,2 days
air fryer India,Dell air fryer India Model 753,6992.0,4.4,1002,flipkart,2 days
men running shoes,Sony men running shoes Model 458,7058.0,3.1,516,reliance digital,2 days
men running shoes,Dell men running shoes Model 531,7064.0,4.9,2725,reliance digital,2 days
office chair ergonomic,Nike office chair ergonomic Model 206,7079.0,3.8,3238,amazon,free delivery
power bank fast charging,Puma power bank fast charging Model 586,7191.0,3.9,1373,croma,2 days
microwave oven convection,Puma microwave oven convection Model 554,7198.0,4.8,4075,amazon,5 days
power bank fast charging,Boat power bank fast charging Model 410,7209.0,3.8,4713,flipkart,free delivery
office chair ergonomic,Samsung office chair ergonomic Model 796,7217.0,4.3,4830,reliance digital,2 days
air fryer India,Nike air fryer India Model 258,7313.0,4.8,4820,amazon,5 days
office chair ergonomic,Dell office chair ergonomic Model 884,7331.0,4.1,2179,reliance digital,free delivery
men running shoes,Boat men running shoes Model 987,7350.0,4.4,1199,amazon,free delivery
men running shoes,Philips men running shoes Model 691,7350.0,3.6,2998,amazon,free delivery
men running shoes,LG men running shoes Model 260,7350.0,3.8,2107,amazon,free delivery
men running shoes,Nike men running shoes Model 881,7350.0,4.3,3162,amazon,free delivery
office chair ergonomic,LG office chair ergonomic Model 187,7370.0,4.9,324,flipkart,5 days
air fryer India,Sony air fryer India Model 991,7436.0,4.9,1081,flipkart,free delivery
men running shoes,Philips men running shoes Model 659,7470.0,3.5,3046,croma,2 days
men running shoes,Samsung men running shoes Model 785,7514.0,3.1,4026,reliance digital,5 days
office chair ergonomic,Puma office chair ergonomic Model 799,7517.0,3.7,2856,croma,2 days
power bank fast charging,LG power bank fast charging Model 620,7596.0,2.5,3981,flipkart,2 days
office chair ergonomic,LG office chair ergonomic Model 100,7656.0,4.7,778,croma,5 days
microwave oven convection,Sony microwave oven convection Model 482,7782.0,3.3,2054,croma,2 days
office chair ergonomic,Boat office chair ergonomic Model 509,7810.0,2.9,3143,croma,2 days
microwave oven convection,Puma microwave oven convection Model 243,7911.0,4.3,3020,reliance digital,2 days
power bank fast charging,Puma power bank fast charging Model 333,7947.0,3.3,3734,croma,5 days
microwave oven convection,LG microwave oven convection Model 306,8035.0,4.7,4121,reliance digital,5 days
power bank fast charging,Sony power bank fast charging Model 720,8143.0,5.0,1895,amazon,2 days
office chair ergonomic,Nike office chair ergonomic Model 378,8156.0,4.8,1246,croma,5 days
office chair ergonomic,HP office chair ergonomic Model 478,8156.0,3.5,89,croma,5 days
microwave oven convection,Nike microwave oven convection Model 509,8160.0,3.9,4917,reliance digital,free delivery
power bank fast charging,HP power bank fast charging Model 730,8200.0,2.7,633,flipkart,5 days
air fryer India,Dell air fryer India Model 238,8235.0,3.0,351,croma,5 days
office chair ergonomic,Dell office chair ergonomic Model 372,8277.0,3.6,389,croma,2 days
power bank fast charging,Dell power bank fast charging Model 817,8299.0,3.7,2691,flipkart,5 days
men running shoes,Sony men running shoes Model 393,8312.0,4.8,441,croma,free delivery
men running shoes,Dell men running shoes Model 900,8466.0,3.2,3377,croma,2 days
men running shoes,Nike men running shoes Model 469,8496.0,4.5,969,croma,2 days
microwave oven convection,Puma microwave oven convection Model 765,8497.0,2.6,1408,croma,2 days
men running shoes,LG men running shoes Model 675,8539.0,2.8,1189,reliance digital,2 days
air fryer India,Nike air fryer India Model 536,8598.0,3.3,1641,croma,5 days
office chair ergonomic,Boat office chair ergonomic Model 710,8682.0,4.5,3068,flipkart,free delivery
office chair ergonomic,Puma office chair ergonomic Model 417,8744.0,4.9,3832,croma,2 days
air fryer India,Samsung air fryer India Model 811,8748.0,3.9,2245,amazon,2 days
men running shoes,Philips men running shoes Model 437,8752.0,4.7,3962,amazon,5 days
air fryer India,LG air fryer India Model 428,8757.0,4.9,2023,croma,free delivery
microwave oven convection,HP microwave oven convection Model 564,8799.0,3.5,4884,amazon,free delivery
office chair ergonomic,Philips office chair ergonomic Model 989,8904.0,3.0,3739,amazon,2 days
office chair ergonomic,Nike office chair ergonomic Model 106,8923.0,4.6,2822,flipkart,5 days
power bank fast charging,Puma power bank fast charging Model 131,8933.0,3.8,143,amazon,2 days
power bank fast charging,Puma power bank fast charging Model 415,8944.0,3.7,2974,amazon,2 days
air fryer India,Puma air fryer India Model 696,8987.0,4.8,2999,reliance digital,free delivery
microwave oven convection,Sony microwave oven convection Model 848,9020.0,3.0,1410,amazon,2 days
microwave oven convection,Boat microwave oven convection Model 255,9089.0,4.1,3138,croma,5 days
power bank fast charging,HP power bank fast charging Model 100,9092.0,3.8,811,croma,free delivery
men running shoes,Philips men running shoes Model 418,9160.0,3.7,2887,amazon,5 days
air fryer India,Nike air fryer India Model 458,9171.0,2.5,3658,reliance digital,2 days
power bank fast charging,HP power bank fast charging Model 103,9195.0,4.3,426,amazon,5 days
air fryer India,HP air fryer India Model 618,9220.0,2.9,326,croma,free delivery
office chair ergonomic,Dell office chair ergonomic Model 249,9264.0,3.3,609,reliance digital,free delivery
microwave oven convection,Sony microwave oven convection Model 983,9278.0,3.2,937,amazon,free delivery
men running shoes,HP men running shoes Model 911,9329.0,4.5,418,amazon,5 days
office chair ergonomic,Boat office chair ergonomic Model 303,9335.0,3.7,844,reliance digital,free delivery
power bank fast charging,Sony power bank fast charging Model 300,9342.0,4.0,3843,croma,2 days
office chair ergonomic,Philips office chair ergonomic Model 755,9463.0,3.5,3340,flipkart,free delivery
power bank fast charging,Sony power bank fast charging Model 334,9499.0,4.9,4207,croma,free delivery
office chair ergonomic,Philips office chair ergonomic Model 887,9713.0,3.7,3026,flipkart,2 days
office chair ergonomic,Samsung office chair ergonomic Model 472,9857.0,4.3,3938,amazon,2 days
men running shoes,Boat men running shoes Model 728,9884.0,2.6,4871,croma,free delivery
men running shoes,Philips men running shoes Model 793,9884.0,3.1,1285,croma,free delivery
power bank fast charging,Samsung power bank fast charging Model 878,9900.0,3.4,3076,croma,5 days
air fryer India,Sony air fryer India Model 515,9979.0,4.4,424,croma,2 days
office chair ergonomic,Philips office chair ergonomic Model 137,10015.0,4.0,2426,flipkart,free delivery
men running shoes,Boat men running shoes Model 948,10068.0,4.5,3869,reliance digital,2 days
men running shoes,Dell men running shoes Model 277,10071.0,4.9,4560,croma,5 days
office chair ergonomic,Boat office chair ergonomic Model 251,10118.0,3.7,2270,amazon,2 days
men running shoes,Boat men running shoes Model 475,10153.0,2.9,3274,amazon,5 days
men running shoes,Puma men running shoes Model 698,10209.0,4.2,1801,reliance digital,5 days
office chair ergonomic,LG office chair ergonomic Model 901,10247.0,3.6,2696,reliance digital,2 days
microwave oven convection,Samsung microwave oven convection Model 571,10268.0,4.7,3228,flipkart,2 days
air fryer India,Sony air fryer India Model 404,10311.0,2.9,2685,croma,free delivery
air fryer India,LG air fryer India Model 363,10393.0,3.5,3600,croma,2 days
air fryer India,LG air fryer India Model 363,10393.0,3.5,1538,croma,2 days
microwave oven convection,HP microwave oven convection Model 260,10399.0,4.8,1364,croma,2 days
men running shoes,Samsung men running shoes Model 544,10486.0,2.7,2100,reliance digital,5 days
power bank fast charging,Sony power bank fast charging Model 711,10504.0,3.5,3408,croma,free delivery
air fryer India,LG air fryer India Model 797,10526.0,4.7,4373,reliance digital,2 days
microwave oven convection,Sony microwave oven convection Model 705,10551.0,3.0,1713,croma,free delivery
air fryer India,Dell air fryer India Model 810,10588.0,3.9,4559,croma,5 days
men running shoes,Samsung men running shoes Model 620,10627.0,2.6,1998,amazon,2 days
men running shoes,LG men running shoes Model 336,10645.0,2.6,1588,amazon,2 days
power bank fast charging,Puma power bank fast charging Model 127,10720.0,4.3,629,reliance digital,free delivery
men running shoes,Boat men running shoes Model 296,10726.0,3.4,3096,flipkart,free delivery
men running shoes,Dell men running shoes Model 874,10730.0,2.5,1422,reliance digital,2 days
men running shoes,Nike men running shoes Model 571,10750.0,4.4,586,croma,2 days
air fryer India,Boat air fryer India Model 608,10828.0,3.3,4277,flipkart,5 days
office chair ergonomic,Dell office chair ergonomic Model 783,10831.0,2.8,547,croma,2 days
office chair ergonomic,Philips office chair ergonomic Model 477,10866.0,4.2,4350,croma,5 days
men running shoes,LG men running shoes Model 927,10893.0,3.4,3220,flipkart,free delivery
office chair ergonomic,HP office chair ergonomic Model 981,10915.0,3.5,2068,amazon,free delivery
power bank fast charging,LG power bank fast charging Model 382,10945.0,2.9,3032,amazon,free delivery
office chair ergonomic,Sony office chair ergonomic Model 546,11042.0,3.0,571,flipkart,free delivery
power bank fast charging,Samsung power bank fast charging Model 384,11076.0,4.4,2498,amazon,free delivery
microwave oven convection,LG microwave oven convection Model 443,11089.0,4.4,3882,amazon,2 days
air fryer India,HP air fryer India Model 755,11309.0,3.6,4502,flipkart,2 days
office chair ergonomic,Boat office chair ergonomic Model 922,11394.0,3.7,3099,reliance digital,5 days
power bank fast charging,Philips power bank fast charging Model 136,11469.0,3.4,2456,reliance digital,free delivery
men running shoes,Boat men running shoes Model 103,11594.0,3.9,3659,amazon,5 days
power bank fast charging,Boat power bank fast charging Model 651,11700.0,4.4,1813,reliance digital,2 days
office chair ergonomic,Philips office chair ergonomic Model 947,11703.0,4.5,1804,flipkart,free delivery
office chair ergonomic,Nike office chair ergonomic Model 411,11726.0,4.3,3164,croma,5 days
microwave oven convection,Puma microwave oven convection Model 871,11766.0,4.5,4784,reliance digital,5 days
air fryer India,Samsung air fryer India Model 610,11773.0,3.9,2771,croma,free delivery
air fryer India,Sony air fryer India Model 333,11773.0,3.3,609,croma,free delivery
air fryer India,Philips air fryer India Model 646,11773.0,4.6,2746,croma,free delivery
microwave oven convection,HP microwave oven convection Model 749,11799.0,3.8,2729,croma,2 days
microwave oven convection,HP microwave oven convection Model 749,11799.0,4.0,2729,croma,2 days
men running shoes,Boat men running shoes Model 821,11806.0,3.7,3346,amazon,2 days
microwave oven convection,HP microwave oven convection Model 837,11861.0,4.4,1200,amazon,free delivery
office chair ergonomic,Samsung office chair ergonomic Model 959,11870.0,3.4,3887,flipkart,5 days
office chair ergonomic,Dell office chair ergonomic Model 777,11887.0,2.7,153,flipkart,2 days
men running shoes,HP men running shoes Model 632,11908.0,3.5,1442,amazon,5 days
men running shoes,Puma men running shoes Model 709,11908.0,2.6,4933,amazon,5 days
microwave oven convection,Samsung microwave oven convection Model 210,11972.0,3.6,629,flipkart,2 days
microwave oven convection,Philips microwave oven convection Model 749,12002.0,4.2,1195,flipkart,2 days
microwave oven convection,Philips microwave oven convection Model 744,12043.0,3.9,3591,croma,5 days
office chair ergonomic,Sony office chair ergonomic Model 822,12081.0,4.1,4670,amazon,free delivery
office chair ergonomic,Philips office chair ergonomic Model 414,12081.0,3.2,2235,amazon,free delivery
office chair ergonomic,Puma office chair ergonomic Model 823,12081.0,3.4,937,amazon,free delivery
office chair ergonomic,Philips office chair ergonomic Model 414,12081.0,3.2,1965,amazon,free delivery
office chair ergonomic,LG office chair ergonomic Model 731,12081.0,3.0,3496,amazon,free delivery
microwave oven convection,Boat microwave oven convection Model 117,12123.0,4.6,4412,flipkart,5 days
men running shoes,Nike men running shoes Model 773,12222.0,4.3,3755,amazon,5 days
microwave oven convection,Puma microwave oven convection Model 455,12233.0,2.6,129,flipkart,2 days
power bank fast charging,Philips power bank fast charging Model 895,12239.0,4.6,2596,croma,2 days
power bank fast charging,Sony power bank fast charging Model 286,12239.0,3.7,4088,croma,2 days
power bank fast charging,LG power bank fast charging Model 599,12239.0,5.0,4919,croma,2 days
power bank fast charging,Puma power bank fast charging Model 122,12239.0,4.7,3770,croma,2 days
power bank fast charging,Dell power bank fast charging Model 484,12239.0,3.0,1454,croma,2 days
air fryer India,LG air fryer India Model 734,12278.0,3.7,3022,flipkart,free delivery
microwave oven convection,Samsung microwave oven convection Model 999,12362.0,3.6,3512,croma,5 days
men running shoes,Philips men running shoes Model 417,12377.0,4.1,1839,flipkart,5 days
microwave oven convection,Puma microwave oven convection Model 666,12418.0,3.5,4483,reliance digital,free delivery
men running shoes,Nike men running shoes Model 955,12436.0,2.8,4004,amazon,2 days
office chair ergonomic,HP office chair ergonomic Model 389,12474.0,5.0,1626,amazon,5 days
air fryer India,Sony air fryer India Model 462,12476.5,3.5,3710,flipkart,2 days
air fryer India,Sony air fryer India Model 387,12476.5,3.4,3668,flipkart,2 days
men running shoes,Sony men running shoes Model 238,12511.0,4.8,910,flipkart,2 days
men running shoes,Philips men running shoes Model 776,12533.0,4.8,208,flipkart,free delivery
office chair ergonomic,Puma office chair ergonomic Model 296,12559.0,4.4,2806,reliance digital,free delivery
office chair ergonomic,Philips office chair ergonomic Model 290,12568.0,3.3,1037,amazon,free delivery
microwave oven convection,Nike microwave oven convection Model 978,12578.0,2.7,788,flipkart,2 days
power bank fast charging,Dell power bank fast charging Model 326,12582.0,4.4,3935,amazon,5 days
power bank fast charging,Philips power bank fast charging Model 708,12594.0,4.1,4687,reliance digital,free delivery
men running shoes,Dell men running shoes Model 997,12597.0,4.2,3096,amazon,5 days
microwave oven convection,Samsung microwave oven convection Model 262,12598.0,4.0,329,amazon,2 days
microwave oven convection,Sony microwave oven convection Model 316,12598.0,4.8,760,amazon,2 days
microwave oven convection,Philips microwave oven convection Model 635,12598.0,4.1,3062,amazon,2 days
air fryer India,Sony air fryer India Model 331,12621.0,3.0,2262,flipkart,free delivery
microwave oven convection,Puma microwave oven convection Model 212,12632.0,3.0,2291,flipkart,free delivery
air fryer India,HP air fryer India Model 976,12662.0,3.6,1032,flipkart,5 days
microwave oven convection,Samsung microwave oven convection Model 524,12668.0,4.7,1294,amazon,free delivery
microwave oven convection,Sony microwave oven convection Model 488,12668.0,3.1,2333,amazon,free delivery
men running shoes,Sony men running shoes Model 596,12685.0,5.0,1964,flipkart,2 days
air fryer India,HP air fryer India Model 491,12698.0,3.6,3540,reliance digital,free delivery
air fryer India,Boat air fryer India Model 971,12775.0,4.0,2898,reliance digital,free delivery
power bank fast charging,HP power bank fast charging Model 169,12817.0,4.8,3939,flipkart,2 days
microwave oven convection,LG microwave oven convection Model 741,12854.0,4.0,1502,croma,5 days
microwave oven convection,Puma microwave oven convection Model 195,12872.0,4.4,629,amazon,5 days
office chair ergonomic,Puma office chair ergonomic Model 837,13147.0,4.2,32,croma,5 days
office chair ergonomic,LG office chair ergonomic Model 374,13147.0,4.5,1364,croma,5 days
office chair ergonomic,Puma office chair ergonomic Model 514,13147.0,4.4,3775,croma,5 days
men running shoes,HP men running shoes Model 974,13155.0,3.6,2057,flipkart,2 days
microwave oven convection,Boat microwave oven convection Model 962,13198.0,4.3,3270,amazon,2 days
men running shoes,LG men running shoes Model 220,13243.0,3.7,1513,flipkart,free delivery
office chair ergonomic,LG office chair ergonomic Model 994,13287.0,4.6,414,croma,free delivery
microwave oven convection,Nike microwave oven convection Model 798,13302.0,3.0,4736,croma,free delivery
office chair ergonomic,Boat office chair ergonomic Model 912,13315.0,2.7,3479,amazon,2 days
microwave oven convection,Puma microwave oven convection Model 155,13333.0,5.0,14,reliance digital,5 days
air fryer India,Boat air fryer India Model 361,13406.0,3.0,3322,flipkart,5 days
men running shoes,Samsung men running shoes Model 613,13410.0,2.9,1987,reliance digital,2 days
power bank fast charging,LG power bank fast charging Model 622,13442.0,4.9,2243,amazon,5 days
microwave oven convection,Puma microwave oven convection Model 435,13475.0,4.5,1862,amazon,free delivery
men running shoes,Samsung men running shoes Model 200,13528.0,3.3,2011,flipkart,free delivery
power bank fast charging,Samsung power bank fast charging Model 440,13597.0,3.6,4156,amazon,2 days
air fryer India,Philips air fryer India Model 669,13652.0,2.7,2243,amazon,2 days
power bank fast charging,Boat power bank fast charging Model 685,13683.0,4.5,2173,croma,2 days
air fryer India,Samsung air fryer India Model 258,13788.0,3.4,1089,croma,2 days
power bank fast charging,Dell power bank fast charging Model 185,13896.0,3.9,963,reliance digital,5 days
men running shoes,LG men running shoes Model 503,13904.0,3.7,3400,croma,2 days
air fryer India,Puma air fryer India Model 299,13953.0,3.8,762,flipkart,free delivery
power bank fast charging,Philips power bank fast charging Model 289,13988.0,3.7,694,croma,2 days
power bank fast charging,Samsung power bank fast charging Model 447,14024.0,4.0,3085,reliance digital,free delivery
microwave oven convection,Nike microwave oven convection Model 744,14102.0,3.3,355,reliance digital,free delivery
air fryer India,Samsung air fryer India Model 961,14116.0,2.6,2903,croma,free delivery
air fryer India,LG air fryer India Model 766,14150.0,3.9,4540,flipkart,5 days
microwave oven convection,Sony microwave oven convection Model 861,14160.0,5.0,1594,reliance digital,free delivery
men running shoes,Samsung men running shoes Model 413,14199.0,3.9,4628,reliance digital,free delivery
air fryer India,Philips air fryer India Model 746,14228.5,4.0,4869,croma,free delivery
power bank fast charging,Sony power bank fast charging Model 485,14257.0,3.3,4586,flipkart,5 days
office chair ergonomic,Nike office chair ergonomic Model 400,14284.0,4.7,1381,croma,free delivery
microwave oven convection,Boat microwave oven convection Model 912,14301.0,3.4,3397,croma,5 days
men running shoes,Nike men running shoes Model 359,14330.0,3.9,4643,amazon,free delivery
office chair ergonomic,Boat office chair ergonomic Model 293,14351.0,3.9,1098,flipkart,5 days
air fryer India,Philips air fryer India Model 348,14376.0,4.6,2307,croma,5 days
air fryer India,LG air fryer India Model 455,14463.0,4.6,3414,reliance digital,2 days
men running shoes,Puma men running shoes Model 181,14503.0,3.3,259,amazon,5 days
power bank fast charging,Boat power bank fast charging Model 839,14552.0,3.0,3900,amazon,free delivery
men running shoes,LG men running shoes Model 798,14557.0,4.2,4101,flipkart,free delivery
microwave oven convection,Boat microwave oven convection Model 294,14590.0,4.1,877,flipkart,5 days
men running shoes,Philips men running shoes Model 202,14611.0,2.7,4839,croma,free delivery
office chair ergonomic,Puma office chair ergonomic Model 226,14746.0,3.1,1199,croma,2 days
microwave oven convection,Philips microwave oven convection Model 221,14840.0,4.3,3858,flipkart,free delivery
men running shoes,Nike men running shoes Model 830,14871.0,4.6,187,amazon,2 days
power bank fast charging,LG power bank fast charging Model 410,14986.0,3.1,2293,reliance digital,5 days
air fryer India,Puma air fryer India Model 297,15008.0,4.6,3256,croma,5 days
office chair ergonomic,HP office chair ergonomic Model 913,15034.0,3.3,3503,reliance digital,5 days
power bank fast charging,Dell power bank fast charging Model 238,15091.0,4.1,1955,croma,free delivery
office chair ergonomic,Puma office chair ergonomic Model 198,15160.0,3.2,1275,flipkart,2 days
power bank fast charging,Puma power bank fast charging Model 256,15276.0,4.4,3436,amazon,free delivery
power bank fast charging,Nike power bank fast charging Model 593,15276.0,4.4,1615,amazon,free delivery
air fryer India,HP air fryer India Model 114,15280.0,4.2,4970,reliance digital,5 days
men running shoes,Sony men running shoes Model 146,15396.0,4.5,1884,flipkart,5 days
microwave oven convection,Philips microwave oven convection Model 423,15450.0,3.5,2281,croma,2 days
microwave oven convection,LG microwave oven convection Model 377,15541.0,3.6,1848,reliance digital,5 days
air fryer India,Sony air fryer India Model 833,15593.0,3.1,4956,croma,5 days
office chair ergonomic,Puma office chair ergonomic Model 305,15697.0,3.7,1940,flipkart,2 days
microwave oven convection,LG microwave oven convection Model 911,15783.0,3.8,2230,amazon,5 days
men running shoes,LG men running shoes Model 449,15824.0,2.9,2382,reliance digital,2 days
men running shoes,Dell men running shoes Model 968,15824.0,3.1,1233,reliance digital,2 days
men running shoes,Samsung men running shoes Model 521,15845.0,3.7,1366,reliance digital,5 days
air fryer India,HP air fryer India Model 922,15908.0,3.0,2532,reliance digital,5 days
microwave oven convection,HP microwave oven convection Model 231,15909.0,3.3,3043,reliance digital,free delivery
power bank fast charging,HP power bank fast charging Model 730,15938.0,3.3,3328,amazon,free delivery
power bank fast charging,Boat power bank fast charging Model 932,15951.0,4.9,3521,reliance digital,2 days
power bank fast charging,Samsung power bank fast charging Model 954,16114.0,3.1,3197,reliance digital,2 days
office chair ergonomic,Puma office chair ergonomic Model 894,16173.0,3.8,3831,reliance digital,5 days
men running shoes,Samsung men running shoes Model 624,16190.5,4.4,4218,croma,5 days
men running shoes,Sony men running shoes Model 584,16190.5,4.1,411,croma,5 days
microwave oven convection,LG microwave oven convection Model 223,16266.0,2.6,841,flipkart,2 days
men running shoes,HP men running shoes Model 796,16321.0,4.8,4474,flipkart,5 days
microwave oven convection,Boat microwave oven convection Model 460,16391.0,4.4,4959,croma,2 days
microwave oven convection,Boat microwave oven convection Model 727,16473.0,3.7,4296,croma,free delivery
microwave oven convection,Boat microwave oven convection Model 727,16473.0,3.9,4296,croma,free delivery
microwave oven convection,Boat microwave oven convection Model 306,16492.0,2.6,4233,reliance digital,5 days
microwave oven convection,LG microwave oven convection Model 538,16690.0,4.3,3962,reliance digital,5 days
microwave oven convection,Samsung microwave oven convection Model 702,16855.0,3.4,1687,amazon,free delivery
men running shoes,Philips men running shoes Model 197,16859.0,2.9,3991,amazon,5 days
power bank fast charging,LG power bank fast charging Model 347,16861.0,4.4,1826,croma,2 days
microwave oven convection,Samsung microwave oven convection Model 354,16888.0,2.9,1267,reliance digital,5 days
power bank fast charging,Sony power bank fast charging Model 298,16898.0,4.2,4324,reliance digital,free delivery
air fryer India,LG air fryer India Model 921,16964.0,2.7,4354,reliance digital,2 days
men running shoes,Boat men running shoes Model 933,16984.0,3.5,4626,reliance digital,5 days
men running shoes,Dell men running shoes Model 338,16984.0,4.8,541,reliance digital,5 days
air fryer India,Philips air fryer India Model 360,17016.0,3.5,2921,reliance digital,free delivery
air fryer India,Nike air fryer India Model 258,17028.0,3.0,3583,flipkart,5 days
air fryer India,LG air fryer India Model 774,17078.0,3.2,2604,croma,5 days
office chair ergonomic,Sony office chair ergonomic Model 865,17134.0,3.5,2274,amazon,free delivery
power bank fast charging,Boat power bank fast charging Model 295,17152.0,3.9,1879,flipkart,free delivery
men running shoes,Sony men running shoes Model 146,17182.0,3.5,500,amazon,free delivery
air fryer India,Nike air fryer India Model 948,17183.0,2.7,130,croma,2 days
men running shoes,Sony men running shoes Model 584,17198.0,4.1,2426,croma,5 days
men running shoes,HP men running shoes Model 660,17198.0,4.1,1332,croma,5 days
men running shoes,Nike men running shoes Model 617,17198.0,3.8,3865,croma,5 days
men running shoes,Samsung men running shoes Model 188,17198.0,3.6,4555,croma,5 days
men running shoes,LG men running shoes Model 990,17198.0,4.0,1413,croma,5 days
men running shoes,LG men running shoes Model 853,17198.0,2.8,1611,croma,5 days
men running shoes,Nike men running shoes Model 858,17198.0,3.7,2110,croma,5 days
microwave oven convection,Boat microwave oven convection Model 347,17219.0,4.9,4143,reliance digital,5 days
microwave oven convection,HP microwave oven convection Model 932,17219.0,3.7,4405,reliance digital,5 days
microwave oven convection,Sony microwave oven convection Model 340,17219.0,4.3,4487,reliance digital,5 days
microwave oven convection,Nike microwave oven convection Model 591,17219.0,2.7,3821,reliance digital,5 days
men running shoes,Samsung men running shoes Model 540,17273.0,3.6,561,croma,free delivery
office chair ergonomic,Boat office chair ergonomic Model 505,17335.0,4.9,2038,croma,free delivery
microwave oven convection,Puma microwave oven convection Model 380,17378.0,4.6,4702,flipkart,5 days
microwave oven convection,Dell microwave oven convection Model 797,17378.0,3.7,3318,flipkart,5 days
microwave oven convection,Philips microwave oven convection Model 955,17378.0,4.3,4330,flipkart,5 days
power bank fast charging,LG power bank fast charging Model 629,17478.0,3.8,835,reliance digital,2 days
office chair ergonomic,Boat office chair ergonomic Model 149,17627.0,3.6,2289,amazon,2 days
office chair ergonomic,Samsung office chair ergonomic Model 401,17691.0,4.1,4739,flipkart,2 days
office chair ergonomic,Philips office chair ergonomic Model 257,17699.0,2.6,1407,flipkart,free delivery
power bank fast charging,LG power bank fast charging Model 346,17711.0,3.6,608,croma,2 days
microwave oven convection,Samsung microwave oven convection Model 836,17755.0,3.3,903,reliance digital,free delivery
power bank fast charging,Samsung power bank fast charging Model 946,17773.0,3.6,587,amazon,free delivery
power bank fast charging,Nike power bank fast charging Model 593,17773.0,3.9,1615,amazon,free delivery
power bank fast charging,LG power bank fast charging Model 591,17773.0,3.4,2625,amazon,free delivery
power bank fast charging,Dell power bank fast charging Model 451,17801.0,3.4,3942,croma,2 days
power bank fast charging,Nike power bank fast charging Model 184,17801.0,2.8,1599,croma,2 days
power bank fast charging,Nike power bank fast charging Model 172,17801.0,3.0,263,croma,2 days
power bank fast charging,Sony power bank fast charging Model 242,17801.0,3.4,2910,croma,2 days
office chair ergonomic,Nike office chair ergonomic Model 321,17858.0,3.7,666,flipkart,5 days
microwave oven convection,Dell microwave oven convection Model 915,17906.0,4.2,1947,amazon,2 days
microwave oven convection,Sony microwave oven convection Model 574,17906.0,2.8,2634,amazon,2 days
air fryer India,Nike air fryer India Model 534,17928.0,3.4,3731,reliance digital,2 days
microwave oven convection,HP microwave oven convection Model 409,17931.0,2.9,4166,amazon,2 days
air fryer India,Dell air fryer India Model 580,17961.0,3.1,4995,flipkart,2 days
office chair ergonomic,Dell office chair ergonomic Model 173,18061.0,4.3,4758,flipkart,free delivery
men running shoes,Boat men running shoes Model 740,18123.0,4.5,1799,reliance digital,5 days
office chair ergonomic,HP office chair ergonomic Model 442,18356.0,3.3,1514,croma,5 days
microwave oven convection,Puma microwave oven convection Model 943,18372.0,4.2,367,croma,5 days
office chair ergonomic,Nike office chair ergonomic Model 698,18380.0,3.1,1698,reliance digital,free delivery
office chair ergonomic,Nike office chair ergonomic Model 207,18384.0,3.9,3798,flipkart,2 days
air fryer India,Dell air fryer India Model 243,18440.0,2.6,3171,amazon,free delivery
men running shoes,Dell men running shoes Model 938,18469.0,3.8,3920,amazon,5 days
microwave oven convection,Puma microwave oven convection Model 541,18499.0,3.4,2522,reliance digital,2 days
men running shoes,Samsung men running shoes Model 250,18528.0,4.4,4222,amazon,2 days
power bank fast charging,HP power bank fast charging Model 954,18558.0,3.1,2253,flipkart,5 days
air fryer India,LG air fryer India Model 268,18575.0,2.8,1910,croma,5 days
air fryer India,Samsung air fryer India Model 440,18612.0,2.6,3055,croma,5 days
air fryer India,Dell air fryer India Model 603,18674.0,3.9,4850,amazon,free delivery
power bank fast charging,Philips power bank fast charging Model 586,18710.0,2.9,1312,flipkart,5 days
power bank fast charging,Boat power bank fast charging Model 457,18723.0,3.9,3760,amazon,2 days
men running shoes,Philips men running shoes Model 538,18724.0,3.7,4023,flipkart,5 days
air fryer India,Dell air fryer India Model 524,18745.0,4.4,1310,flipkart,free delivery
men running shoes,Boat men running shoes Model 762,18772.0,3.4,347,reliance digital,free delivery
air fryer India,Nike air fryer India Model 478,18795.0,4.7,4940,reliance digital,free delivery
power bank fast charging,Sony power bank fast charging Model 702,18859.5,4.7,4883,croma,5 days
power bank fast charging,HP power bank fast charging Model 389,18859.5,3.8,1152,croma,5 days
air fryer India,Sony air fryer India Model 395,18860.0,2.6,2188,flipkart,2 days
power bank fast charging,HP power bank fast charging Model 389,18862.0,4.7,4825,flipkart,5 days
microwave oven convection,Nike microwave oven convection Model 392,18929.0,3.7,4407,amazon,free delivery
power bank fast charging,Nike power bank fast charging Model 543,19052.0,4.2,3428,flipkart,5 days
air fryer India,Dell air fryer India Model 476,19141.0,4.1,4829,amazon,free delivery
power bank fast charging,LG power bank fast charging Model 658,19178.0,4.9,4495,reliance digital,2 days
office chair ergonomic,HP office chair ergonomic Model 117,19227.0,4.4,3149,reliance digital,2 days
office chair ergonomic,Puma office chair ergonomic Model 591,19233.0,4.6,3911,reliance digital,5 days
air fryer India,Puma air fryer India Model 114,19237.0,4.2,2847,croma,free delivery
air fryer India,Puma air fryer India Model 420,19293.0,3.5,721,amazon,2 days
men running shoes,Nike men running shoes Model 523,19303.0,4.7,3172,amazon,2 days
office chair ergonomic,Sony office chair ergonomic Model 231,19356.0,3.3,3401,reliance digital,free delivery
microwave oven convection,Puma microwave oven convection Model 409,19446.0,3.8,2308,croma,2 days
office chair ergonomic,Dell office chair ergonomic Model 304,19464.0,4.4,1826,amazon,5 days
power bank fast charging,Nike power bank fast charging Model 262,19476.0,4.0,4865,amazon,free delivery
office chair ergonomic,Puma office chair ergonomic Model 268,19653.0,4.4,2571,amazon,5 days
office chair ergonomic,Sony office chair ergonomic Model 327,19653.0,4.2,1332,amazon,5 days
microwave oven convection,HP microwave oven convection Model 797,19714.0,4.1,3378,amazon,free delivery
microwave oven convection,Samsung microwave oven convection Model 355,19714.0,2.5,658,amazon,free delivery
microwave oven convection,Puma microwave oven convection Model 774,19714.0,3.2,3544,amazon,free delivery
microwave oven convection,LG microwave oven convection Model 640,19714.0,3.4,2664,amazon,free delivery
microwave oven convection,Boat microwave oven convection Model 652,19714.0,4.0,1801,amazon,free delivery
microwave oven convection,HP microwave oven convection Model 285,19791.0,3.2,2826,flipkart,2 days
microwave oven convection,Boat microwave oven convection Model 219,19893.0,3.5,3165,amazon,5 days
microwave oven convection,HP microwave oven convection Model 299,19916.0,4.6,281,reliance digital,5 days
men running shoes,Puma men running shoes Model 511,19924.0,4.5,902,flipkart,2 days
men running shoes,Nike men running shoes Model 884,19924.0,4.0,1629,flipkart,2 days
air fryer India,Philips air fryer India Model 259,19982.0,2.8,1761,croma,5 days
air fryer India,HP air fryer India Model 412,19982.0,4.5,1293,croma,5 days
air fryer India,Nike air fryer India Model 543,19982.0,3.8,4051,croma,5 days
air fryer India,Samsung air fryer India Model 923,20041.0,4.6,1686,reliance digital,free delivery
power bank fast charging,Boat power bank fast charging Model 929,20043.0,2.7,1299,flipkart,2 days
power bank fast charging,Nike power bank fast charging Model 332,20043.0,3.7,2355,flipkart,2 days
microwave oven convection,Boat microwave oven convection Model 128,20084.0,3.6,2575,amazon,free delivery
office chair ergonomic,HP office chair ergonomic Model 168,20097.0,3.5,2880,croma,2 days
office chair ergonomic,Samsung office chair ergonomic Model 229,20104.0,2.7,439,amazon,2 days
power bank fast charging,Philips power bank fast charging Model 262,20128.0,4.6,1331,reliance digital,2 days
microwave oven convection,Samsung microwave oven convection Model 714,20323.0,3.8,4602,flipkart,free delivery
microwave oven convection,LG microwave oven convection Model 704,20323.0,2.6,4942,flipkart,free delivery
office chair ergonomic,Nike office chair ergonomic Model 650,20379.0,4.0,1776,croma,5 days
men running shoes,Boat men running shoes Model 859,20381.0,3.6,684,amazon,2 days
men running shoes,Samsung men running shoes Model 630,20381.0,2.7,1756,amazon,2 days
men running shoes,Samsung men running shoes Model 561,20381.0,3.5,4897,amazon,2 days
men running shoes,Dell men running shoes Model 705,20430.0,4.6,4958,croma,2 days
men running shoes,HP men running shoes Model 481,20430.0,3.4,2479,croma,2 days
men running shoes,Philips men running shoes Model 825,20430.0,3.9,2097,croma,2 days
office chair ergonomic,Puma office chair ergonomic Model 677,20577.0,3.6,3338,croma,5 days
air fryer India,LG air fryer India Model 402,20591.0,4.8,3083,flipkart,5 days
men running shoes,Samsung men running shoes Model 170,20645.0,3.7,679,reliance digital,free delivery
air fryer India,HP air fryer India Model 837,20648.0,3.4,866,reliance digital,5 days
office chair ergonomic,Samsung office chair ergonomic Model 192,20680.0,2.8,934,amazon,2 days
power bank fast charging,HP power bank fast charging Model 526,20759.0,4.2,1884,amazon,5 days
office chair ergonomic,HP office chair ergonomic Model 581,20763.0,3.4,4476,croma,free delivery
men running shoes,LG men running shoes Model 272,20795.0,4.1,1456,flipkart,2 days
power bank fast charging,Puma power bank fast charging Model 422,20958.0,3.3,427,amazon,5 days
men running shoes,Boat men running shoes Model 803,20987.0,4.5,3826,flipkart,2 days
men running shoes,Samsung men running shoes Model 152,20987.0,4.5,4319,flipkart,2 days
men running shoes,Boat men running shoes Model 369,20987.0,3.6,1998,flipkart,2 days
air fryer India,LG air fryer India Model 541,21052.0,2.8,3250,amazon,2 days
power bank fast charging,Nike power bank fast charging Model 647,21053.0,3.9,3385,amazon,2 days
office chair ergonomic,Boat office chair ergonomic Model 626,21070.0,3.5,2232,amazon,5 days
air fryer India,Philips air fryer India Model 729,21132.0,2.7,4262,croma,free delivery
office chair ergonomic,Samsung office chair ergonomic Model 182,21133.0,2.9,2149,reliance digital,5 days
men running shoes,HP men running shoes Model 771,21140.0,3.7,2215,amazon,5 days
air fryer India,Boat air fryer India Model 553,21190.0,4.5,1543,amazon,2 days
air fryer India,LG air fryer India Model 351,21190.0,4.1,3041,amazon,2 days
air fryer India,Philips air fryer India Model 430,21190.0,4.0,2842,amazon,2 days
air fryer India,Philips air fryer India Model 213,21190.0,4.4,2655,amazon,2 days
air fryer India,Sony air fryer India Model 915,21233.0,4.6,57,croma,2 days
air fryer India,Philips air fryer India Model 596,21238.0,4.8,2607,flipkart,free delivery
office chair ergonomic,Nike office chair ergonomic Model 944,21252.0,3.0,3789,reliance digital,2 days
men running shoes,Sony men running shoes Model 823,21290.5,3.4,3112,flipkart,free delivery
men running shoes,Philips men running shoes Model 827,21290.5,2.7,2023,flipkart,free delivery
air fryer India,Dell air fryer India Model 326,21328.0,4.5,2894,amazon,2 days
air fryer India,Nike air fryer India Model 186,21352.0,3.3,2849,croma,5 days
microwave oven convection,HP microwave oven convection Model 705,21357.0,4.3,1751,amazon,2 days
power bank fast charging,HP power bank fast charging Model 829,21387.0,3.4,3884,reliance digital,5 days
power bank fast charging,Nike power bank fast charging Model 843,21420.0,4.5,465,flipkart,free delivery
air fryer India,LG air fryer India Model 739,21483.0,4.4,1545,flipkart,free delivery
air fryer India,Samsung air fryer India Model 271,21550.0,3.0,2163,reliance digital,5 days
air fryer India,HP air fryer India Model 965,21550.0,3.4,3219,reliance digital,5 days
air fryer India,Sony air fryer India Model 459,21550.0,3.4,3674,reliance digital,5 days
air fryer India,LG air fryer India Model 328,21550.0,3.9,2799,reliance digital,5 days
air fryer India,Nike air fryer India Model 396,21550.0,2.6,2792,reliance digital,5 days
power bank fast charging,Sony power bank fast charging Model 905,21605.0,3.2,4282,flipkart,5 days
power bank fast charging,Puma power bank fast charging Model 391,21690.0,3.2,3331,flipkart,2 days
men running shoes,Boat men running shoes Model 359,21749.0,3.6,4967,croma,2 days
men running shoes,LG men running shoes Model 786,21749.0,3.1,3910,croma,2 days
men running shoes,Sony men running shoes Model 605,21749.0,2.9,418,croma,2 days
men running shoes,Dell men running shoes Model 708,21749.0,4.4,3471,croma,2 days
microwave oven convection,Boat microwave oven convection Model 588,21830.0,4.0,126,croma,free delivery
air fryer India,Philips air fryer India Model 717,21851.0,4.4,1283,reliance digital,2 days
microwave oven convection,Boat microwave oven convection Model 156,22013.0,4.8,2137,croma,2 days
men running shoes,HP men running shoes Model 608,22065.0,4.9,2727,amazon,free delivery
air fryer India,Samsung air fryer India Model 217,22083.0,4.2,4838,flipkart,5 days
air fryer India,Sony air fryer India Model 725,22083.0,2.5,3667,flipkart,5 days
air fryer India,Philips air fryer India Model 269,22083.0,3.6,1770,flipkart,5 days
air fryer India,Philips air fryer India Model 269,22083.0,3.6,3111,flipkart,5 days
men running shoes,Puma men running shoes Model 151,22136.0,2.9,741,croma,free delivery
men running shoes,HP men running shoes Model 980,22136.0,4.4,2269,croma,free delivery
men running shoes,Boat men running shoes Model 178,22136.0,4.9,2712,croma,free delivery
men running shoes,Nike men running shoes Model 454,22178.5,3.6,2249,reliance digital,free delivery
men running shoes,Philips men running shoes Model 473,22178.5,4.2,3085,reliance digital,free delivery
men running shoes,Puma men running shoes Model 718,22178.5,2.7,3002,reliance digital,free delivery
air fryer India,HP air fryer India Model 426,22209.0,4.0,1544,reliance digital,free delivery
men running shoes,Nike men running shoes Model 602,22310.0,3.8,255,croma,5 days
air fryer India,Dell air fryer India Model 363,22353.0,4.0,641,flipkart,2 days
air fryer India,Puma air fryer India Model 186,22353.0,3.8,1856,flipkart,2 days
air fryer India,HP air fryer India Model 627,22353.0,4.0,4304,flipkart,2 days
air fryer India,HP air fryer India Model 624,22353.0,4.3,1573,flipkart,2 days
men running shoes,Nike men running shoes Model 539,22398.0,2.7,685,flipkart,2 days
microwave oven convection,Dell microwave oven convection Model 732,22414.0,4.5,4065,flipkart,2 days
men running shoes,Boat men running shoes Model 401,22525.0,4.4,3883,reliance digital,free delivery
men running shoes,Samsung men running shoes Model 931,22549.0,2.9,2761,flipkart,5 days
power bank fast charging,HP power bank fast charging Model 322,22563.0,4.2,658,croma,free delivery
air fryer India,Dell air fryer India Model 609,22607.0,3.8,862,reliance digital,2 days
air fryer India,Puma air fryer India Model 890,22607.0,3.3,2977,reliance digital,2 days
air fryer India,Puma air fryer India Model 328,22632.0,4.8,2008,amazon,free delivery
air fryer India,LG air fryer India Model 163,22657.0,3.8,3631,croma,5 days
power bank fast charging,Philips power bank fast charging Model 956,22658.0,4.3,4250,amazon,2 days
men running shoes,Nike men running shoes Model 761,22667.0,4.7,1929,flipkart,free delivery
men running shoes,Puma men running shoes Model 233,22667.0,4.2,4990,flipkart,free delivery
microwave oven convection,LG microwave oven convection Model 410,22679.0,3.9,2444,reliance digital,free delivery
office chair ergonomic,Nike office chair ergonomic Model 830,22701.0,4.6,868,amazon,free delivery
microwave oven convection,Nike microwave oven convection Model 519,22744.0,4.7,3824,flipkart,2 days
microwave oven convection,Nike microwave oven convection Model 591,23074.0,4.1,4557,flipkart,2 days
power bank fast charging,HP power bank fast charging Model 514,23139.0,3.5,3129,amazon,2 days
men running shoes,Puma men running shoes Model 761,23220.0,4.5,3713,flipkart,5 days
microwave oven convection,Philips microwave oven convection Model 280,23316.0,2.5,1090,flipkart,2 days
power bank fast charging,HP power bank fast charging Model 469,23432.0,3.3,2265,croma,2 days
microwave oven convection,LG microwave oven convection Model 304,23499.0,2.6,4843,amazon,2 days
microwave oven convection,Sony microwave oven convection Model 912,23503.0,4.0,1238,reliance digital,2 days
microwave oven convection,LG microwave oven convection Model 469,23503.0,3.7,712,reliance digital,2 days
microwave oven convection,Samsung microwave oven convection Model 185,23503.0,3.2,4994,reliance digital,2 days
power bank fast charging,LG power bank fast charging Model 928,23555.0,4.9,506,flipkart,free delivery
air fryer India,HP air fryer India Model 320,23619.5,3.4,381,reliance digital,free delivery
air fryer India,Dell air fryer India Model 866,23619.5,4.9,1352,reliance digital,free delivery
air fryer India,Boat air fryer India Model 706,23619.5,2.8,750,reliance digital,free delivery
men running shoes,Puma men running shoes Model 666,23630.0,3.4,982,flipkart,5 days
men running shoes,Dell men running shoes Model 244,23673.0,4.5,3927,croma,2 days
office chair ergonomic,HP office chair ergonomic Model 603,23777.0,3.7,3241,croma,2 days
office chair ergonomic,Nike office chair ergonomic Model 462,23777.0,3.7,1783,croma,2 days
office chair ergonomic,LG office chair ergonomic Model 572,23787.0,4.4,2192,croma,free delivery
office chair ergonomic,Puma office chair ergonomic Model 306,23833.0,2.6,293,flipkart,5 days
microwave oven convection,Boat microwave oven convection Model 957,23854.0,4.8,3087,flipkart,5 days
office chair ergonomic,Puma office chair ergonomic Model 906,23890.0,3.5,2464,reliance digital,2 days
office chair ergonomic,Nike office chair ergonomic Model 620,23961.0,3.7,913,reliance digital,free delivery
air fryer India,Nike air fryer India Model 635,23979.0,4.0,384,amazon,2 days
power bank fast charging,Sony power bank fast charging Model 327,24058.0,4.6,251,croma,5 days
microwave oven convection,Sony microwave oven convection Model 712,24110.0,3.0,2924,croma,free delivery
microwave oven convection,Philips microwave oven convection Model 322,24110.0,4.2,3643,croma,free delivery
power bank fast charging,HP power bank fast charging Model 709,24141.0,3.2,2688,croma,2 days
air fryer India,Philips air fryer India Model 777,24223.0,2.9,2765,reliance digital,5 days
air fryer India,HP air fryer India Model 467,24241.0,3.6,2577,croma,5 days
office chair ergonomic,Samsung office chair ergonomic Model 750,24312.0,4.6,1105,amazon,2 days
air fryer India,Philips air fryer India Model 811,24354.0,2.7,3500,reliance digital,2 days
air fryer India,Puma air fryer India Model 487,24376.0,2.7,2426,croma,2 days
men running shoes,Puma men running shoes Model 575,24405.0,3.2,3131,reliance digital,free delivery
microwave oven convection,Puma microwave oven convection Model 342,24507.0,2.7,389,amazon,5 days
office chair ergonomic,Puma office chair ergonomic Model 360,24626.0,2.8,3256,croma,free delivery
power bank fast charging,HP power bank fast charging Model 605,24658.0,4.1,2491,reliance digital,2 days
microwave oven convection,Samsung microwave oven convection Model 981,24681.0,4.6,2547,flipkart,5 days
men running shoes,Philips men running shoes Model 324,24783.0,3.0,1077,croma,2 days
men running shoes,Nike men running shoes Model 543,24799.0,3.7,2416,flipkart,5 days
men running shoes,Nike men running shoes Model 785,24799.0,3.4,246,flipkart,5 days
air fryer India,Samsung air fryer India Model 320,25030.0,3.7,3449,reliance digital,free delivery
power bank fast charging,Puma power bank fast charging Model 955,25138.0,4.7,1783,amazon,2 days
power bank fast charging,Philips power bank fast charging Model 461,25138.0,3.1,4526,amazon,2 days
power bank fast charging,LG power bank fast charging Model 344,25192.0,4.3,1871,flipkart,free delivery
men running shoes,Philips men running shoes Model 411,25279.0,3.4,2261,amazon,5 days
office chair ergonomic,Sony office chair ergonomic Model 493,25335.0,3.5,252,croma,5 days
microwave oven convection,HP microwave oven convection Model 563,25389.0,3.8,1359,flipkart,free delivery
microwave oven convection,LG microwave oven convection Model 323,25389.0,3.8,1494,flipkart,free delivery
office chair ergonomic,Dell office chair ergonomic Model 101,25401.0,3.0,3442,reliance digital,2 days
office chair ergonomic,Nike office chair ergonomic Model 559,25401.0,3.7,3147,reliance digital,2 days
microwave oven convection,Sony microwave oven convection Model 539,25404.0,3.3,3211,reliance digital,5 days
office chair ergonomic,Dell office chair ergonomic Model 627,25413.0,4.4,1324,flipkart,5 days
office chair ergonomic,HP office chair ergonomic Model 674,25437.0,3.0,2042,croma,2 days
air fryer India,Dell air fryer India Model 491,25496.0,3.4,2200,reliance digital,2 days
microwave oven convection,Dell microwave oven convection Model 722,25560.0,4.3,844,reliance digital,free delivery
men running shoes,HP men running shoes Model 164,25568.0,3.8,2404,croma,2 days
air fryer India,Dell air fryer India Model 250,25576.0,2.9,1041,flipkart,5 days
men running shoes,Samsung men running shoes Model 420,25585.0,4.4,382,reliance digital,free delivery
air fryer India,Dell air fryer India Model 696,25678.0,3.3,1208,flipkart,free delivery
air fryer India,LG air fryer India Model 168,25678.0,2.7,2233,flipkart,free delivery
air fryer India,Philips air fryer India Model 933,25678.0,4.7,4077,flipkart,free delivery
air fryer India,Sony air fryer India Model 538,25678.0,4.0,39,flipkart,free delivery
air fryer India,Dell air fryer India Model 426,25678.0,4.1,3123,flipkart,free delivery
power bank fast charging,Samsung power bank fast charging Model 221,25707.5,2.7,4394,croma,5 days
power bank fast charging,Dell power bank fast charging Model 386,25796.5,4.2,962,reliance digital,free delivery
microwave oven convection,Puma microwave oven convection Model 599,25806.0,4.3,2331,flipkart,free delivery
air fryer India,Dell air fryer India Model 471,25906.0,2.8,2582,reliance digital,free delivery
air fryer India,Samsung air fryer India Model 721,25932.5,3.7,4645,reliance digital,5 days
men running shoes,LG men running shoes Model 174,25956.0,3.7,4029,amazon,5 days
men running shoes,Sony men running shoes Model 630,25956.0,3.8,3445,amazon,5 days
men running shoes,Dell men running shoes Model 209,25956.0,4.0,674,amazon,5 days
power bank fast charging,LG power bank fast charging Model 649,26039.0,4.1,248,flipkart,2 days
office chair ergonomic,Sony office chair ergonomic Model 529,26090.0,4.7,2527,flipkart,2 days
power bank fast charging,Philips power bank fast charging Model 367,26131.0,3.1,587,flipkart,5 days
power bank fast charging,Nike power bank fast charging Model 679,26131.0,4.4,209,flipkart,5 days
men running shoes,Dell men running shoes Model 980,26143.0,4.3,3563,amazon,free delivery
air fryer India,Dell air fryer India Model 255,26154.0,3.4,1644,flipkart,free delivery
power bank fast charging,Boat power bank fast charging Model 483,26374.0,4.4,2145,flipkart,2 days
microwave oven convection,Nike microwave oven convection Model 557,26380.0,4.7,3235,flipkart,free delivery
microwave oven convection,Sony microwave oven convection Model 764,26390.0,4.1,1905,croma,free delivery
power bank fast charging,Samsung power bank fast charging Model 596,26397.0,3.3,1033,reliance digital,free delivery
men running shoes,Boat men running shoes Model 420,26404.0,3.9,718,croma,free delivery
air fryer India,Nike air fryer India Model 150,26407.0,2.9,3910,reliance digital,free delivery
microwave oven convection,Philips microwave oven convection Model 652,26565.0,2.6,3497,amazon,2 days
air fryer India,HP air fryer India Model 947,26570.0,4.9,1076,croma,2 days
air fryer India,HP air fryer India Model 947,26570.0,4.9,1783,croma,2 days
men running shoes,HP men running shoes Model 563,26629.0,3.8,371,croma,free delivery
microwave oven convection,Dell microwave oven convection Model 714,26693.0,4.9,3601,croma,free delivery
microwave oven convection,Philips microwave oven convection Model 925,26739.0,4.8,461,reliance digital,2 days
power bank fast charging,Dell power bank fast charging Model 949,26802.0,2.9,3666,flipkart,free delivery
office chair ergonomic,Samsung office chair ergonomic Model 945,26888.0,3.0,3165,amazon,free delivery
office chair ergonomic,Puma office chair ergonomic Model 101,26888.0,4.7,2219,amazon,free delivery
office chair ergonomic,Philips office chair ergonomic Model 550,26888.0,4.6,2088,amazon,free delivery
office chair ergonomic,LG office chair ergonomic Model 315,26888.0,2.5,517,amazon,free delivery
office chair ergonomic,Sony office chair ergonomic Model 630,26972.0,4.9,3572,reliance digital,free delivery
office chair ergonomic,Samsung office chair ergonomic Model 816,26972.0,3.5,4253,reliance digital,free delivery
office chair ergonomic,Puma office chair ergonomic Model 834,26972.0,4.4,3119,reliance digital,free delivery
men running shoes,Philips men running shoes Model 426,27021.0,3.8,2209,amazon,5 days
microwave oven convection,Boat microwave oven convection Model 919,27029.0,4.6,4765,croma,5 days
microwave oven convection,Philips microwave oven convection Model 381,27029.0,4.4,4638,croma,5 days
microwave oven convection,Sony microwave oven convection Model 143,27040.0,3.5,3942,reliance digital,5 days
microwave oven convection,Nike microwave oven convection Model 856,27091.0,4.1,277,croma,5 days
men running shoes,Boat men running shoes Model 506,27212.0,3.1,797,croma,2 days
office chair ergonomic,Boat office chair ergonomic Model 748,27212.0,3.0,2333,flipkart,free delivery
office chair ergonomic,Puma office chair ergonomic Model 946,27326.0,4.4,3197,amazon,5 days
power bank fast charging,Puma power bank fast charging Model 990,27357.0,3.7,1960,croma,5 days
men running shoes,HP men running shoes Model 244,27366.0,4.7,171,amazon,5 days
office chair ergonomic,Philips office chair ergonomic Model 358,27382.0,4.2,2911,amazon,5 days
microwave oven convection,Dell microwave oven convection Model 363,27413.0,3.1,1596,flipkart,2 days
power bank fast charging,Dell power bank fast charging Model 852,27435.0,4.3,1773,amazon,free delivery
office chair ergonomic,Philips office chair ergonomic Model 798,27544.0,3.6,1535,flipkart,5 days
office chair ergonomic,Nike office chair ergonomic Model 962,27544.0,4.6,2246,flipkart,5 days
office chair ergonomic,Dell office chair ergonomic Model 771,27544.0,4.4,923,flipkart,5 days
office chair ergonomic,Dell office chair ergonomic Model 968,27549.0,3.7,1702,amazon,2 days
air fryer India,Samsung air fryer India Model 992,27560.0,4.8,982,flipkart,free delivery
air fryer India,HP air fryer India Model 794,27642.0,4.9,22,reliance digital,5 days
men running shoes,Sony men running shoes Model 620,27675.0,2.8,2671,flipkart,2 days
men running shoes,Samsung men running shoes Model 267,27684.0,4.4,2165,flipkart,5 days
microwave oven convection,Puma microwave oven convection Model 387,27730.0,2.7,3521,croma,5 days
office chair ergonomic,LG office chair ergonomic Model 482,27778.0,3.7,1253,flipkart,2 days
microwave oven convection,Philips microwave oven convection Model 209,27815.0,3.2,4406,reliance digital,5 days
power bank fast charging,Nike power bank fast charging Model 179,27819.0,4.4,4685,croma,5 days
men running shoes,Puma men running shoes Model 582,28024.0,3.4,80,flipkart,free delivery
air fryer India,Nike air fryer India Model 172,28087.0,4.2,2788,croma,free delivery
air fryer India,Nike air fryer India Model 672,28104.5,2.6,1638,amazon,free delivery
power bank fast charging,Dell power bank fast charging Model 966,28133.0,4.4,2950,flipkart,free delivery
power bank fast charging,Philips power bank fast charging Model 642,28225.0,4.6,2579,reliance digital,2 days
microwave oven convection,Samsung microwave oven convection Model 788,28251.0,3.3,4604,amazon,free delivery
office chair ergonomic,Puma office chair ergonomic Model 336,28269.0,3.3,4418,flipkart,2 days
air fryer India,Dell air fryer India Model 786,28304.0,4.4,2261,reliance digital,2 days
air fryer India,Samsung air fryer India Model 307,28309.0,3.7,2822,reliance digital,5 days
microwave oven convection,Puma microwave oven convection Model 321,28313.0,3.5,4186,reliance digital,free delivery
office chair ergonomic,Philips office chair ergonomic Model 756,28361.0,3.7,159,reliance digital,free delivery
men running shoes,Boat men running shoes Model 581,28385.0,2.9,3362,amazon,2 days
office chair ergonomic,Sony office chair ergonomic Model 515,28389.0,4.6,685,croma,free delivery
air fryer India,LG air fryer India Model 520,28421.0,4.6,2786,reliance digital,5 days
air fryer India,HP air fryer India Model 607,28433.0,3.6,2110,amazon,2 days
office chair ergonomic,Boat office chair ergonomic Model 172,28498.0,4.0,4784,reliance digital,free delivery
air fryer India,LG air fryer India Model 152,28647.0,3.9,3757,flipkart,5 days
power bank fast charging,Puma power bank fast charging Model 349,28673.0,4.0,1584,amazon,2 days
air fryer India,Dell air fryer India Model 521,28686.0,5.0,640,flipkart,free delivery
office chair ergonomic,Philips office chair ergonomic Model 808,28743.0,5.0,3347,amazon,2 days
air fryer India,Puma air fryer India Model 363,28760.0,4.9,1266,reliance digital,free delivery
office chair ergonomic,Sony office chair ergonomic Model 955,28760.0,3.6,2169,flipkart,2 days
microwave oven convection,Philips microwave oven convection Model 565,28852.0,3.8,4195,flipkart,free delivery
power bank fast charging,LG power bank fast charging Model 917,28909.0,4.2,589,reliance digital,2 days
men running shoes,Philips men running shoes Model 904,28926.0,3.2,4894,amazon,2 days
power bank fast charging,LG power bank fast charging Model 330,28981.0,3.8,4349,croma,2 days
power bank fast charging,HP power bank fast charging Model 949,29252.5,3.6,4390,reliance digital,2 days
power bank fast charging,Philips power bank fast charging Model 553,29281.0,4.6,1856,flipkart,free delivery
power bank fast charging,Samsung power bank fast charging Model 316,29321.0,3.8,2779,amazon,5 days
men running shoes,Boat men running shoes Model 882,29336.0,2.8,199,flipkart,5 days
office chair ergonomic,Nike office chair ergonomic Model 771,29337.0,3.6,1541,flipkart,free delivery
men running shoes,Sony men running shoes Model 922,29370.0,4.6,1501,amazon,free delivery
office chair ergonomic,Sony office chair ergonomic Model 491,29394.0,3.0,485,flipkart,5 days
microwave oven convection,Dell microwave oven convection Model 150,29474.0,2.5,3901,croma,2 days
office chair ergonomic,Philips office chair ergonomic Model 400,29559.5,4.6,3440,flipkart,5 days
office chair ergonomic,Philips office chair ergonomic Model 798,29559.5,3.6,1257,flipkart,5 days
office chair ergonomic,LG office chair ergonomic Model 249,29559.5,4.5,4364,flipkart,5 days
power bank fast charging,Sony power bank fast charging Model 747,29596.0,4.3,934,reliance digital,2 days
microwave oven convection,Samsung microwave oven convection Model 126,29631.0,3.6,531,amazon,2 days
men running shoes,HP men running shoes Model 331,29643.0,4.6,359,reliance digital,2 days
power bank fast charging,Boat power bank fast charging Model 977,29650.0,3.3,2070,amazon,5 days
power bank fast charging,Philips power bank fast charging Model 285,29650.0,3.0,2704,amazon,5 days
power bank fast charging,HP power bank fast charging Model 251,29650.0,4.0,2211,amazon,5 days
microwave oven convection,Nike microwave oven convection Model 828,29703.0,2.6,3912,croma,2 days
microwave oven convection,Sony microwave oven convection Model 895,29727.0,4.5,4979,croma,2 days
microwave oven convection,Dell microwave oven convection Model 261,29727.0,4.5,729,croma,2 days
air fryer India,Nike air fryer India Model 718,29744.0,4.3,767,croma,5 days
men running shoes,HP men running shoes Model 129,29804.5,4.5,3287,flipkart,5 days
men running shoes,Philips men running shoes Model 376,29804.5,4.4,2555,flipkart,5 days
office chair ergonomic,LG office chair ergonomic Model 721,29876.0,4.9,2562,croma,free delivery
office chair ergonomic,Boat office chair ergonomic Model 649,30063.5,4.4,4972,reliance digital,5 days
microwave oven convection,HP microwave oven convection Model 412,30081.0,3.1,1743,croma,free delivery
men running shoes,LG men running shoes Model 145,30111.0,3.1,702,reliance digital,free delivery
men running shoes,Dell men running shoes Model 652,30140.0,2.9,807,reliance digital,5 days
microwave oven convection,LG microwave oven convection Model 606,30148.0,2.7,4899,croma,5 days
microwave oven convection,LG microwave oven convection Model 479,30190.0,3.6,1335,amazon,5 days
microwave oven convection,Boat microwave oven convection Model 107,30190.0,3.4,4732,amazon,5 days
microwave oven convection,Puma microwave oven convection Model 551,30190.0,2.7,4482,amazon,5 days
microwave oven convection,LG microwave oven convection Model 518,30190.0,3.5,2553,amazon,5 days
air fryer India,Puma air fryer India Model 349,30268.0,4.2,3941,croma,free delivery
men running shoes,Dell men running shoes Model 106,30345.0,4.7,1355,amazon,free delivery
men running shoes,HP men running shoes Model 454,30364.0,3.8,660,amazon,5 days
power bank fast charging,HP power bank fast charging Model 832,30429.0,4.4,4501,flipkart,free delivery
office chair ergonomic,Boat office chair ergonomic Model 957,30490.0,2.9,4951,flipkart,5 days
microwave oven convection,HP microwave oven convection Model 129,30496.0,3.9,4979,amazon,5 days
power bank fast charging,HP power bank fast charging Model 527,30519.0,4.9,4510,reliance digital,2 days
microwave oven convection,Sony microwave oven convection Model 163,30641.0,4.0,3963,flipkart,free delivery
power bank fast charging,HP power bank fast charging Model 745,30753.0,4.6,884,reliance digital,2 days
air fryer India,Boat air fryer India Model 433,30954.0,4.2,746,amazon,5 days
air fryer India,Philips air fryer India Model 978,30954.0,5.0,843,amazon,5 days
air fryer India,LG air fryer India Model 404,30954.0,3.4,4079,amazon,5 days
air fryer India,LG air fryer India Model 409,30972.0,3.5,2526,croma,5 days
microwave oven convection,Philips microwave oven convection Model 970,30993.0,3.6,387,amazon,5 days
microwave oven convection,Boat microwave oven convection Model 757,30993.0,4.1,3765,amazon,5 days
microwave oven convection,Boat microwave oven convection Model 458,30993.0,3.1,1093,amazon,5 days
microwave oven convection,LG microwave oven convection Model 878,30993.0,2.8,2854,amazon,5 days
men running shoes,LG men running shoes Model 265,31009.0,3.1,506,reliance digital,2 days
power bank fast charging,Philips power bank fast charging Model 373,31026.0,4.5,2471,reliance digital,2 days
office chair ergonomic,Samsung office chair ergonomic Model 398,31075.0,4.7,1146,amazon,free delivery
air fryer India,Philips air fryer India Model 632,31084.0,3.1,741,amazon,2 days
air fryer India,Samsung air fryer India Model 896,31084.0,3.2,2853,amazon,2 days
air fryer India,HP air fryer India Model 426,31084.0,3.2,1962,amazon,2 days
men running shoes,Nike men running shoes Model 627,31099.0,3.8,3192,reliance digital,2 days
men running shoes,LG men running shoes Model 114,31099.0,2.7,2202,reliance digital,2 days
men running shoes,Samsung men running shoes Model 677,31281.0,3.2,1859,amazon,5 days
men running shoes,Philips men running shoes Model 277,31389.0,4.3,4321,croma,5 days
air fryer India,Samsung air fryer India Model 438,31390.0,4.6,1497,flipkart,free delivery
air fryer India,Boat air fryer India Model 227,31390.0,2.8,1021,flipkart,free delivery
air fryer India,Puma air fryer India Model 882,31390.0,4.0,4009,flipkart,free delivery
office chair ergonomic,HP office chair ergonomic Model 112,31474.0,3.0,4517,croma,free delivery
microwave oven convection,HP microwave oven convection Model 573,31490.0,3.1,3081,amazon,2 days
men running shoes,Samsung men running shoes Model 646,31537.0,4.0,2188,flipkart,free delivery
office chair ergonomic,Philips office chair ergonomic Model 666,31575.0,5.0,1871,reliance digital,2 days
men running shoes,Nike men running shoes Model 347,31724.0,3.1,612,reliance digital,2 days
air fryer India,Nike air fryer India Model 194,31793.0,3.9,2201,amazon,5 days
men running shoes,Dell men running shoes Model 200,31794.0,4.0,354,amazon,2 days
air fryer India,Boat air fryer India Model 677,31799.0,4.5,1392,flipkart,2 days
microwave oven convection,LG microwave oven convection Model 351,31911.0,4.4,2073,reliance digital,2 days
men running shoes,Puma men running shoes Model 682,31925.0,4.1,504,flipkart,5 days
men running shoes,Dell men running shoes Model 919,32059.0,4.1,692,amazon,2 days
power bank fast charging,Nike power bank fast charging Model 824,32123.0,4.1,3827,croma,free delivery
power bank fast charging,Philips power bank fast charging Model 829,32123.0,2.6,1456,croma,free delivery
power bank fast charging,HP power bank fast charging Model 782,32123.0,2.6,4498,croma,free delivery
office chair ergonomic,Dell office chair ergonomic Model 875,32126.0,3.2,3250,reliance digital,5 days
air fryer India,Samsung air fryer India Model 897,32149.0,3.9,1417,flipkart,free delivery
power bank fast charging,LG power bank fast charging Model 610,32170.0,3.4,852,reliance digital,free delivery
power bank fast charging,Boat power bank fast charging Model 237,32170.0,4.1,4794,reliance digital,free delivery
power bank fast charging,HP power bank fast charging Model 834,32170.0,4.8,2734,reliance digital,free delivery
power bank fast charging,Nike power bank fast charging Model 112,32170.0,4.9,1869,reliance digital,free delivery
power bank fast charging,Samsung power bank fast charging Model 126,32170.0,4.7,3626,reliance digital,free delivery
power bank fast charging,LG power bank fast charging Model 549,32260.0,4.7,1850,reliance digital,5 days
microwave oven convection,Dell microwave oven convection Model 367,32317.0,3.6,434,amazon,free delivery
men running shoes,Dell men running shoes Model 598,32326.0,4.8,3889,croma,2 days
office chair ergonomic,Puma office chair ergonomic Model 795,32346.0,3.7,15,flipkart,5 days
power bank fast charging,Sony power bank fast charging Model 531,32369.0,2.6,2525,flipkart,free delivery
air fryer India,Philips air fryer India Model 250,32487.0,4.5,2194,reliance digital,free delivery
men running shoes,LG men running shoes Model 951,32489.0,4.7,1071,croma,2 days
microwave oven convection,Puma microwave oven convection Model 672,32574.0,4.0,4159,reliance digital,2 days
air fryer India,HP air fryer India Model 138,32579.0,4.6,1009,amazon,5 days
power bank fast charging,Boat power bank fast charging Model 718,32604.0,3.8,2491,croma,free delivery
power bank fast charging,Samsung power bank fast charging Model 402,32604.0,3.9,3070,croma,free delivery
air fryer India,Puma air fryer India Model 888,32658.0,3.4,3151,reliance digital,free delivery
microwave oven convection,Puma microwave oven convection Model 925,32710.0,3.1,3780,reliance digital,2 days
microwave oven convection,Samsung microwave oven convection Model 810,32746.5,3.3,105,croma,free delivery
microwave oven convection,Nike microwave oven convection Model 875,32746.5,2.7,221,croma,free delivery
office chair ergonomic,Sony office chair ergonomic Model 904,32777.0,4.4,774,croma,free delivery
air fryer India,Philips air fryer India Model 486,32783.0,3.0,3444,reliance digital,free delivery
office chair ergonomic,Philips office chair ergonomic Model 629,32891.0,3.5,2641,flipkart,free delivery
power bank fast charging,Sony power bank fast charging Model 154,33036.0,3.9,3288,reliance digital,free delivery
office chair ergonomic,Philips office chair ergonomic Model 883,33161.0,3.4,3442,amazon,2 days
air fryer India,LG air fryer India Model 348,33206.5,4.3,806,reliance digital,free delivery
men running shoes,Philips men running shoes Model 842,33315.0,3.7,1768,amazon,free delivery
power bank fast charging,Sony power bank fast charging Model 453,33355.0,3.6,1888,amazon,5 days
air fryer India,Boat air fryer India Model 535,33365.0,3.6,1179,amazon,5 days
men running shoes,Samsung men running shoes Model 565,33380.0,2.6,2274,reliance digital,5 days
air fryer India,LG air fryer India Model 520,33415.0,3.3,1279,croma,2 days
air fryer India,Puma air fryer India Model 736,33415.0,3.5,2305,croma,2 days
air fryer India,Samsung air fryer India Model 509,33415.0,3.7,418,croma,2 days
office chair ergonomic,Samsung office chair ergonomic Model 268,33453.0,3.8,1147,reliance digital,free delivery
office chair ergonomic,Nike office chair ergonomic Model 994,33453.0,4.3,1126,reliance digital,free delivery
power bank fast charging,Boat power bank fast charging Model 924,33465.0,3.0,939,amazon,5 days
power bank fast charging,Philips power bank fast charging Model 713,33479.0,3.5,1868,croma,5 days
air fryer India,Dell air fryer India Model 962,33577.0,2.9,991,amazon,free delivery
air fryer India,LG air fryer India Model 811,33630.0,4.0,1597,reliance digital,free delivery
office chair ergonomic,Boat office chair ergonomic Model 306,33632.0,3.7,803,reliance digital,2 days
microwave oven convection,Puma microwave oven convection Model 583,33632.0,4.5,2177,reliance digital,free delivery
office chair ergonomic,Nike office chair ergonomic Model 138,33684.0,4.1,4006,croma,5 days
microwave oven convection,Philips microwave oven convection Model 214,33691.0,2.5,343,reliance digital,free delivery
microwave oven convection,Sony microwave oven convection Model 900,33691.0,3.9,2177,reliance digital,free delivery
air fryer India,Nike air fryer India Model 470,33735.0,2.7,1710,amazon,2 days
microwave oven convection,Nike microwave oven convection Model 989,33750.0,3.1,4457,reliance digital,free delivery
office chair ergonomic,Nike office chair ergonomic Model 173,33852.0,4.4,3965,amazon,2 days
office chair ergonomic,Sony office chair ergonomic Model 805,33876.0,4.2,4729,flipkart,2 days
men running shoes,Samsung men running shoes Model 658,33900.0,4.0,458,reliance digital,5 days
office chair ergonomic,Nike office chair ergonomic Model 210,34006.0,4.6,2854,flipkart,free delivery
office chair ergonomic,Puma office chair ergonomic Model 984,34006.0,4.6,2494,flipkart,free delivery
power bank fast charging,Samsung power bank fast charging Model 321,34057.0,4.5,3652,amazon,5 days
air fryer India,Philips air fryer India Model 969,34115.0,3.7,2589,reliance digital,2 days
power bank fast charging,HP power bank fast charging Model 573,34168.0,4.3,1223,flipkart,2 days
power bank fast charging,Dell power bank fast charging Model 883,34235.0,2.7,200,reliance digital,free delivery
men running shoes,Nike men running shoes Model 219,34253.0,3.6,841,flipkart,5 days
power bank fast charging,Puma power bank fast charging Model 759,34266.5,4.9,4497,reliance digital,5 days
power bank fast charging,Samsung power bank fast charging Model 560,34266.5,3.9,3606,reliance digital,5 days
power bank fast charging,Samsung power bank fast charging Model 407,34266.5,3.0,384,reliance digital,5 days
men running shoes,Puma men running shoes Model 319,34307.0,4.1,1256,flipkart,free delivery
power bank fast charging,Puma power bank fast charging Model 707,34331.0,3.9,662,amazon,5 days
air fryer India,Nike air fryer India Model 609,34421.0,2.8,660,amazon,free delivery
microwave oven convection,Sony microwave oven convection Model 718,34513.5,4.0,1163,croma,5 days
microwave oven convection,Dell microwave oven convection Model 822,34513.5,2.8,4732,croma,5 days
power bank fast charging,LG power bank fast charging Model 664,34516.0,4.0,2812,amazon,free delivery
power bank fast charging,HP power bank fast charging Model 312,34695.0,3.4,3977,reliance digital,free delivery
office chair ergonomic,Philips office chair ergonomic Model 378,34748.0,3.6,3627,flipkart,2 days
air fryer India,Dell air fryer India Model 323,34760.0,4.2,2520,croma,2 days
microwave oven convection,HP microwave oven convection Model 161,34850.0,4.7,1498,amazon,5 days
men running shoes,LG men running shoes Model 770,34889.0,3.4,51,amazon,5 days
men running shoes,Boat men running shoes Model 488,34899.0,4.3,2120,amazon,5 days
power bank fast charging,Philips power bank fast charging Model 528,34919.0,2.6,3719,amazon,5 days
office chair ergonomic,Samsung office chair ergonomic Model 854,34925.0,3.2,4401,reliance digital,5 days
office chair ergonomic,LG office chair ergonomic Model 643,34925.0,3.3,3552,reliance digital,5 days
office chair ergonomic,Philips office chair ergonomic Model 390,34925.0,3.2,2563,reliance digital,5 days
office chair ergonomic,Philips office chair ergonomic Model 288,34925.0,3.6,4383,reliance digital,5 days
air fryer India,Boat air fryer India Model 950,35032.0,3.9,2261,reliance digital,2 days
men running shoes,HP men running shoes Model 157,35128.0,4.7,2310,reliance digital,2 days
power bank fast charging,Sony power bank fast charging Model 220,35128.0,4.3,1617,amazon,5 days
power bank fast charging,Dell power bank fast charging Model 326,35283.0,3.8,4008,amazon,2 days
office chair ergonomic,Nike office chair ergonomic Model 852,35292.0,2.6,2280,reliance digital,2 days
office chair ergonomic,Dell office chair ergonomic Model 330,35292.0,2.7,4225,reliance digital,2 days
power bank fast charging,Sony power bank fast charging Model 101,35363.0,4.4,2354,amazon,free delivery
power bank fast charging,Dell power bank fast charging Model 417,35395.0,3.5,1552,flipkart,free delivery
power bank fast charging,LG power bank fast charging Model 249,35395.0,2.8,2046,flipkart,free delivery
office chair ergonomic,Sony office chair ergonomic Model 269,35424.0,3.8,886,amazon,5 days
microwave oven convection,Sony microwave oven convection Model 873,35455.0,3.7,2825,flipkart,5 days
office chair ergonomic,LG office chair ergonomic Model 874,35478.0,4.9,3461,amazon,5 days
power bank fast charging,Sony power bank fast charging Model 631,35507.0,3.1,4810,amazon,5 days
men running shoes,Dell men running shoes Model 679,35517.0,3.5,19,reliance digital,5 days
men running shoes,LG men running shoes Model 542,35517.0,3.8,2690,reliance digital,5 days
microwave oven convection,Nike microwave oven convection Model 484,35539.0,3.9,461,reliance digital,free delivery
microwave oven convection,Nike microwave oven convection Model 484,35539.0,4.0,461,reliance digital,free delivery
power bank fast charging,Philips power bank fast charging Model 534,35646.0,4.7,2485,amazon,free delivery
air fryer India,Puma air fryer India Model 791,35653.0,3.6,4443,reliance digital,5 days
microwave oven convection,LG microwave oven convection Model 465,35692.0,3.1,560,flipkart,2 days
power bank fast charging,LG power bank fast charging Model 462,35863.0,2.6,3980,amazon,2 days
air fryer India,LG air fryer India Model 285,35864.0,4.1,4369,amazon,free delivery
microwave oven convection,Puma microwave oven convection Model 481,35873.0,3.1,4742,amazon,5 days
power bank fast charging,Samsung power bank fast charging Model 204,35892.0,4.0,4811,amazon,2 days
power bank fast charging,HP power bank fast charging Model 549,35974.0,4.0,3831,amazon,5 days
microwave oven convection,Dell microwave oven convection Model 270,35994.0,2.7,2870,flipkart,5 days
power bank fast charging,Sony power bank fast charging Model 610,36000.0,3.9,3800,amazon,2 days
microwave oven convection,LG microwave oven convection Model 265,36060.0,2.7,1104,amazon,free delivery
men running shoes,HP men running shoes Model 842,36141.0,4.4,523,croma,2 days
power bank fast charging,LG power bank fast charging Model 916,36164.0,4.2,582,croma,5 days
men running shoes,Dell men running shoes Model 873,36201.0,3.7,600,flipkart,5 days
air fryer India,Dell air fryer India Model 284,36220.0,3.6,2875,croma,free delivery
microwave oven convection,Dell microwave oven convection Model 900,36248.0,2.9,3267,flipkart,free delivery
power bank fast charging,Philips power bank fast charging Model 994,36273.0,3.6,1514,reliance digital,5 days
microwave oven convection,Dell microwave oven convection Model 140,36301.0,3.9,2443,amazon,5 days
air fryer India,Dell air fryer India Model 578,36341.0,4.8,883,flipkart,free delivery
microwave oven convection,HP microwave oven convection Model 317,36440.0,3.3,3468,reliance digital,free delivery
power bank fast charging,Puma power bank fast charging Model 144,36520.0,3.1,3011,reliance digital,5 days
microwave oven convection,HP microwave oven convection Model 277,36657.0,4.7,4480,croma,free delivery
microwave oven convection,HP microwave oven convection Model 190,36826.0,2.5,320,amazon,5 days
air fryer India,Sony air fryer India Model 541,36843.0,5.0,3896,reliance digital,free delivery
air fryer India,LG air fryer India Model 400,36846.0,4.5,1363,croma,2 days
microwave oven convection,Puma microwave oven convection Model 258,36850.0,4.9,1104,reliance digital,free delivery
microwave oven convection,HP microwave oven convection Model 498,36910.0,3.3,1021,flipkart,2 days
air fryer India,Boat air fryer India Model 311,36987.0,4.2,1543,amazon,free delivery
power bank fast charging,LG power bank fast charging Model 902,36998.0,5.0,2677,reliance digital,free delivery
office chair ergonomic,Philips office chair ergonomic Model 470,37042.0,4.9,4107,flipkart,2 days
men running shoes,Boat men running shoes Model 613,37203.0,3.5,4794,reliance digital,5 days
men running shoes,Sony men running shoes Model 654,37225.0,4.9,1798,croma,free delivery
power bank fast charging,Boat power bank fast charging Model 674,37226.0,4.0,240,amazon,free delivery
men running shoes,Philips men running shoes Model 830,37227.0,3.2,2415,flipkart,free delivery
air fryer India,HP air fryer India Model 401,37436.0,3.9,2306,croma,5 days
air fryer India,Sony air fryer India Model 449,37450.0,2.6,4046,reliance digital,free delivery
power bank fast charging,HP power bank fast charging Model 839,37507.0,3.6,574,flipkart,2 days
office chair ergonomic,LG office chair ergonomic Model 518,37579.0,3.0,2735,amazon,2 days
air fryer India,Samsung air fryer India Model 435,37586.0,3.6,1347,reliance digital,2 days
air fryer India,Samsung air fryer India Model 295,37586.0,3.6,2325,reliance digital,2 days
microwave oven convection,Boat microwave oven convection Model 657,37648.0,3.6,249,croma,2 days
men running shoes,Samsung men running shoes Model 804,37654.0,2.9,4091,reliance digital,5 days
office chair ergonomic,Samsung office chair ergonomic Model 351,37724.0,2.6,3723,reliance digital,5 days
microwave oven convection,Boat microwave oven convection Model 324,38021.0,3.8,3188,croma,2 days
office chair ergonomic,Nike office chair ergonomic Model 213,38033.0,3.0,2660,croma,free delivery
men running shoes,Nike men running shoes Model 850,38043.0,3.3,2625,flipkart,2 days
air fryer India,Philips air fryer India Model 313,38075.0,3.5,1080,amazon,free delivery
air fryer India,Sony air fryer India Model 785,38075.0,2.8,460,amazon,free delivery
air fryer India,HP air fryer India Model 314,38075.0,4.3,2352,amazon,free delivery
air fryer India,HP air fryer India Model 869,38110.0,4.6,4859,flipkart,2 days
microwave oven convection,HP microwave oven convection Model 721,38318.0,3.8,2831,reliance digital,5 days
air fryer India,HP air fryer India Model 527,38330.0,3.3,1963,flipkart,free delivery
power bank fast charging,Philips power bank fast charging Model 190,38421.0,3.7,234,flipkart,free delivery
power bank fast charging,Boat power bank fast charging Model 137,38591.0,3.8,1650,reliance digital,5 days
power bank fast charging,Sony power bank fast charging Model 509,38591.0,2.7,969,reliance digital,5 days
power bank fast charging,Boat power bank fast charging Model 625,38621.0,3.5,2443,amazon,2 days
microwave oven convection,Samsung microwave oven convection Model 436,38648.0,4.2,2095,croma,2 days
men running shoes,Boat men running shoes Model 599,38659.0,4.1,3508,flipkart,5 days
power bank fast charging,Philips power bank fast charging Model 319,38764.0,3.8,416,croma,5 days
air fryer India,Puma air fryer India Model 311,38802.0,4.0,1316,amazon,5 days
microwave oven convection,HP microwave oven convection Model 907,38823.0,3.2,214,croma,2 days
power bank fast charging,HP power bank fast charging Model 250,38959.0,4.6,579,reliance digital,2 days
power bank fast charging,HP power bank fast charging Model 577,38962.0,2.9,99,croma,2 days
office chair ergonomic,LG office chair ergonomic Model 239,38994.0,3.0,2868,reliance digital,5 days
power bank fast charging,Nike power bank fast charging Model 863,39057.0,4.1,1310,reliance digital,5 days
air fryer India,Nike air fryer India Model 610,39140.0,2.9,3032,amazon,free delivery
men running shoes,Boat men running shoes Model 946,39259.0,3.6,3308,amazon,2 days
office chair ergonomic,Nike office chair ergonomic Model 416,39361.0,3.7,1943,croma,free delivery
office chair ergonomic,LG office chair ergonomic Model 315,39361.0,3.9,405,croma,free delivery
microwave oven convection,HP microwave oven convection Model 936,39408.0,4.2,3196,croma,5 days
power bank fast charging,LG power bank fast charging Model 220,39474.0,3.1,1988,reliance digital,free delivery
air fryer India,Sony air fryer India Model 957,39483.0,3.6,3781,flipkart,2 days
microwave oven convection,Nike microwave oven convection Model 250,39513.0,3.4,4537,reliance digital,5 days
office chair ergonomic,Samsung office chair ergonomic Model 914,39692.0,2.5,3206,reliance digital,2 days
office chair ergonomic,Nike office chair ergonomic Model 711,39769.0,4.9,1513,reliance digital,free delivery
office chair ergonomic,Sony office chair ergonomic Model 116,39770.0,4.2,617,reliance digital,2 days
men running shoes,Puma men running shoes Model 152,39884.0,3.0,491,reliance digital,2 days
power bank fast charging,LG power bank fast charging Model 718,39901.0,3.2,2296,reliance digital,5 days
microwave oven convection,Samsung microwave oven convection Model 830,39906.0,3.7,2247,reliance digital,free delivery
office chair ergonomic,Dell office chair ergonomic Model 675,39908.0,4.3,1019,amazon,2 days
air fryer India,Philips air fryer India Model 708,39908.0,3.6,3101,croma,2 days
air fryer India,HP air fryer India Model 211,39993.0,3.9,149,amazon,free delivery
office chair ergonomic,Sony office chair ergonomic Model 422,40011.0,3.9,108,reliance digital,free delivery
microwave oven convection,LG microwave oven convection Model 213,40084.0,3.6,1704,croma,free delivery
air fryer India,Samsung air fryer India Model 964,40114.0,4.5,2842,croma,5 days
power bank fast charging,Nike power bank fast charging Model 403,40193.0,4.9,4205,amazon,free delivery
air fryer India,Sony air fryer India Model 728,40235.0,4.9,1832,croma,free delivery
office chair ergonomic,Philips office chair ergonomic Model 759,40305.0,3.9,4930,croma,2 days
microwave oven convection,Boat microwave oven convection Model 555,40310.0,3.7,3289,croma,5 days
men running shoes,Samsung men running shoes Model 605,40321.0,3.9,2672,croma,5 days
power bank fast charging,LG power bank fast charging Model 340,40436.0,4.1,4359,reliance digital,2 days
air fryer India,HP air fryer India Model 726,40524.0,4.7,95,flipkart,free delivery
office chair ergonomic,HP office chair ergonomic Model 686,40569.0,4.9,2457,amazon,2 days
office chair ergonomic,HP office chair ergonomic Model 314,40602.0,4.0,4062,amazon,free delivery
power bank fast charging,Nike power bank fast charging Model 349,40721.0,3.6,2624,croma,free delivery
office chair ergonomic,Sony office chair ergonomic Model 246,40731.0,4.7,4537,reliance digital,free delivery
air fryer India,Puma air fryer India Model 123,40736.0,4.9,4282,amazon,free delivery
office chair ergonomic,Dell office chair ergonomic Model 787,40869.0,3.4,141,reliance digital,5 days
microwave oven convection,Philips microwave oven convection Model 811,40899.0,3.1,4061,croma,5 days
power bank fast charging,Samsung power bank fast charging Model 274,40982.0,2.7,1415,flipkart,free delivery
air fryer India,Dell air fryer India Model 679,41000.0,3.0,4008,flipkart,free delivery
microwave oven convection,Dell microwave oven convection Model 190,41050.0,4.4,1230,reliance digital,free delivery
air fryer India,Philips air fryer India Model 594,41057.0,3.6,3166,reliance digital,2 days
office chair ergonomic,LG office chair ergonomic Model 506,41093.0,3.2,3648,flipkart,5 days
microwave oven convection,Sony microwave oven convection Model 408,41193.0,3.8,2034,amazon,2 days
office chair ergonomic,Samsung office chair ergonomic Model 950,41261.0,4.0,808,flipkart,5 days
microwave oven convection,Sony microwave oven convection Model 676,41297.0,4.3,2957,croma,5 days
air fryer India,Sony air fryer India Model 906,41305.0,3.9,3574,reliance digital,free delivery
microwave oven convection,Dell microwave oven convection Model 370,41318.0,3.8,4161,reliance digital,2 days
office chair ergonomic,Nike office chair ergonomic Model 977,41365.0,3.8,1093,croma,free delivery
microwave oven convection,LG microwave oven convection Model 544,41392.0,4.9,4441,reliance digital,free delivery
office chair ergonomic,Samsung office chair ergonomic Model 656,41403.0,2.8,135,amazon,free delivery
air fryer India,Puma air fryer India Model 553,41567.0,4.5,2251,amazon,free delivery
power bank fast charging,Samsung power bank fast charging Model 918,41601.0,2.9,2072,croma,2 days
office chair ergonomic,HP office chair ergonomic Model 674,41684.0,3.7,3074,croma,free delivery
air fryer India,LG air fryer India Model 628,41688.0,3.0,987,reliance digital,free delivery
air fryer India,Boat air fryer India Model 908,41753.0,4.3,3905,reliance digital,free delivery
microwave oven convection,Dell microwave oven convection Model 311,41787.0,3.0,4005,amazon,5 days
office chair ergonomic,LG office chair ergonomic Model 655,41827.0,4.1,2824,flipkart,free delivery
office chair ergonomic,Sony office chair ergonomic Model 657,41830.0,3.5,660,reliance digital,2 days
power bank fast charging,Boat power bank fast charging Model 872,41853.0,3.9,762,amazon,2 days
microwave oven convection,Puma microwave oven convection Model 738,41951.0,4.0,1460,flipkart,free delivery
microwave oven convection,LG microwave oven convection Model 764,41983.0,4.7,1505,flipkart,2 days
power bank fast charging,Boat power bank fast charging Model 942,42017.0,3.2,4463,reliance digital,free delivery
microwave oven convection,Nike microwave oven convection Model 578,42039.0,2.9,3804,reliance digital,5 days
men running shoes,Boat men running shoes Model 978,42076.0,3.8,2971,amazon,5 days
men running shoes,Philips men running shoes Model 308,42168.0,3.6,667,reliance digital,5 days
office chair ergonomic,LG office chair ergonomic Model 365,42218.0,3.0,138,amazon,free delivery
men running shoes,Sony men running shoes Model 459,42264.0,3.5,3067,flipkart,2 days
power bank fast charging,Nike power bank fast charging Model 586,42301.0,4.6,1978,flipkart,free delivery
microwave oven convection,Puma microwave oven convection Model 996,42455.0,2.7,533,croma,2 days
office chair ergonomic,HP office chair ergonomic Model 891,42516.0,4.6,2855,croma,free delivery
microwave oven convection,Sony microwave oven convection Model 360,42530.0,3.4,4316,flipkart,2 days
office chair ergonomic,Samsung office chair ergonomic Model 705,42565.0,3.7,1017,amazon,free delivery
office chair ergonomic,HP office chair ergonomic Model 934,42606.0,3.0,3555,flipkart,free delivery
men running shoes,HP men running shoes Model 563,42681.0,3.5,3907,flipkart,5 days
men running shoes,Puma men running shoes Model 934,42736.0,3.8,500,amazon,5 days
air fryer India,LG air fryer India Model 148,42752.0,4.7,304,amazon,2 days
office chair ergonomic,Boat office chair ergonomic Model 117,42880.0,2.6,3811,flipkart,free delivery
power bank fast charging,Puma power bank fast charging Model 535,42894.0,4.0,387,flipkart,free delivery
power bank fast charging,Philips power bank fast charging Model 567,42951.0,4.2,2692,reliance digital,5 days
microwave oven convection,HP microwave oven convection Model 472,42957.0,3.2,3026,croma,5 days
air fryer India,HP air fryer India Model 311,43097.0,3.6,1168,reliance digital,2 days
men running shoes,LG men running shoes Model 131,43158.0,4.2,184,flipkart,2 days
men running shoes,HP men running shoes Model 362,43372.0,2.9,705,reliance digital,5 days
office chair ergonomic,HP office chair ergonomic Model 873,43509.0,3.5,4035,reliance digital,2 days
air fryer India,Samsung air fryer India Model 355,43541.0,3.3,2088,amazon,5 days
power bank fast charging,LG power bank fast charging Model 952,43614.0,5.0,3948,croma,2 days
microwave oven convection,Puma microwave oven convection Model 932,43698.0,4.6,933,croma,5 days
power bank fast charging,Philips power bank fast charging Model 166,43776.0,3.3,3844,croma,5 days
microwave oven convection,Nike microwave oven convection Model 724,43854.0,3.5,3729,croma,5 days
power bank fast charging,Puma power bank fast charging Model 468,43895.0,4.0,4829,croma,5 days
air fryer India,LG air fryer India Model 691,43902.0,4.8,2395,croma,5 days
office chair ergonomic,LG office chair ergonomic Model 859,44020.0,3.4,4622,reliance digital,free delivery
men running shoes,Sony men running shoes Model 587,44061.0,3.6,2780,amazon,2 days
office chair ergonomic,LG office chair ergonomic Model 452,44069.0,4.5,563,reliance digital,2 days
office chair ergonomic,Dell office chair ergonomic Model 448,44077.0,5.0,4078,flipkart,free delivery
power bank fast charging,Dell power bank fast charging Model 614,44089.0,3.7,200,flipkart,free delivery
air fryer India,Sony air fryer India Model 232,44203.0,4.7,2799,croma,free delivery
air fryer India,Boat air fryer India Model 881,44221.0,3.5,3337,flipkart,2 days
microwave oven convection,Samsung microwave oven convection Model 145,44221.0,4.5,4997,croma,5 days
men running shoes,Samsung men running shoes Model 708,44224.0,3.6,4643,reliance digital,free delivery
microwave oven convection,HP microwave oven convection Model 284,44322.0,4.3,2946,croma,5 days
power bank fast charging,Puma power bank fast charging Model 689,44441.0,3.3,3789,amazon,2 days
microwave oven convection,Puma microwave oven convection Model 523,44457.0,4.5,760,croma,2 days
power bank fast charging,Sony power bank fast charging Model 678,44668.0,3.2,2300,flipkart,5 days
office chair ergonomic,LG office chair ergonomic Model 379,44740.0,2.5,4236,reliance digital,2 days
air fryer India,HP air fryer India Model 541,44752.0,4.6,3692,reliance digital,2 days
power bank fast charging,Puma power bank fast charging Model 235,44793.0,4.2,4777,flipkart,5 days
office chair ergonomic,Puma office chair ergonomic Model 321,44831.0,4.3,4897,flipkart,free delivery
men running shoes,Nike men running shoes Model 143,44839.0,2.6,3003,flipkart,free delivery
air fryer India,Dell air fryer India Model 284,44863.0,4.8,4625,flipkart,free delivery
microwave oven convection,Boat microwave oven convection Model 453,44884.0,4.0,122,flipkart,free delivery
power bank fast charging,Nike power bank fast charging Model 369,44892.0,3.9,383,amazon,2 days
men running shoes,Boat men running shoes Model 997,44964.0,3.6,802,amazon,2 days
power bank fast charging,Dell power bank fast charging Model 936,45006.0,4.1,3694,flipkart,5 days
office chair ergonomic,Philips office chair ergonomic Model 723,45041.0,2.6,3099,reliance digital,5 days
office chair ergonomic,Dell office chair ergonomic Model 164,45070.0,4.1,2690,flipkart,2 days
air fryer India,Nike air fryer India Model 240,45088.0,4.2,3926,amazon,2 days
power bank fast charging,Puma power bank fast charging Model 383,45126.0,3.0,3458,amazon,2 days
power bank fast charging,HP power bank fast charging Model 937,45235.0,2.5,1819,reliance digital,2 days
air fryer India,Philips air fryer India Model 339,45304.0,2.7,1761,reliance digital,2 days
office chair ergonomic,Sony office chair ergonomic Model 161,45347.0,4.5,1603,amazon,5 days
air fryer India,Sony air fryer India Model 266,45361.0,3.1,2934,croma,5 days
men running shoes,Boat men running shoes Model 957,45374.0,4.5,4979,reliance digital,2 days
microwave oven convection,Puma microwave oven convection Model 226,45427.0,3.8,3127,flipkart,free delivery
office chair ergonomic,Samsung office chair ergonomic Model 196,45448.0,3.1,465,reliance digital,free delivery
men running shoes,HP men running shoes Model 526,45586.0,3.7,483,reliance digital,2 days
men running shoes,Philips men running shoes Model 169,45637.0,3.1,3481,amazon,5 days
microwave oven convection,Puma microwave oven convection Model 837,45797.0,4.4,3484,amazon,5 days
office chair ergonomic,Boat office chair ergonomic Model 869,45800.0,4.5,2207,reliance digital,5 days
power bank fast charging,Nike power bank fast charging Model 495,45830.0,4.5,3175,croma,2 days
microwave oven convection,LG microwave oven convection Model 103,45883.0,4.5,1488,flipkart,2 days
power bank fast charging,Puma power bank fast charging Model 482,45981.0,4.7,4614,croma,free delivery
air fryer India,Puma air fryer India Model 830,45999.0,3.3,2092,reliance digital,free delivery
power bank fast charging,Dell power bank fast charging Model 653,46043.0,4.2,1541,flipkart,free delivery
microwave oven convection,LG microwave oven convection Model 223,46052.0,4.5,2531,croma,free delivery
power bank fast charging,Philips power bank fast charging Model 541,46064.0,4.9,3147,reliance digital,free delivery
air fryer India,Samsung air fryer India Model 828,46174.0,3.8,996,flipkart,2 days
men running shoes,Puma men running shoes Model 786,46190.0,4.4,4850,reliance digital,2 days
air fryer India,Boat air fryer India Model 698,46221.0,3.6,1104,reliance digital,2 days
air fryer India,HP air fryer India Model 603,46330.0,4.4,1403,amazon,5 days
men running shoes,Boat men running shoes Model 710,46350.0,3.6,2345,reliance digital,free delivery
power bank fast charging,Philips power bank fast charging Model 444,46465.0,3.9,451,reliance digital,free delivery
microwave oven convection,Nike microwave oven convection Model 845,46529.0,4.7,1118,flipkart,5 days
men running shoes,HP men running shoes Model 889,46591.0,5.0,4088,flipkart,5 days
office chair ergonomic,HP office chair ergonomic Model 267,46662.0,3.0,359,reliance digital,2 days
power bank fast charging,HP power bank fast charging Model 689,46669.0,4.3,2589,amazon,5 days
men running shoes,Puma men running shoes Model 302,46676.0,3.0,1248,flipkart,free delivery
air fryer India,Dell air fryer India Model 222,46717.0,4.4,4987,amazon,2 days
men running shoes,Sony men running shoes Model 120,46739.0,4.6,3913,amazon,2 days
men running shoes,Philips men running shoes Model 503,46885.0,4.4,986,amazon,free delivery
office chair ergonomic,HP office chair ergonomic Model 552,46946.0,2.7,3568,flipkart,2 days
office chair ergonomic,Nike office chair ergonomic Model 985,46962.0,3.6,526,croma,2 days
microwave oven convection,Philips microwave oven convection Model 269,47068.0,3.9,1802,reliance digital,free delivery
microwave oven convection,Boat microwave oven convection Model 173,47111.0,3.6,2074,reliance digital,free delivery
power bank fast charging,LG power bank fast charging Model 896,47595.0,4.1,2583,reliance digital,free delivery
office chair ergonomic,HP office chair ergonomic Model 850,47613.0,4.9,4909,croma,5 days
men running shoes,HP men running shoes Model 182,47672.0,3.9,1881,reliance digital,2 days
men running shoes,Samsung men running shoes Model 311,47745.0,3.4,1278,flipkart,free delivery
microwave oven convection,HP microwave oven convection Model 690,47857.0,3.3,4944,amazon,free delivery
men running shoes,Nike men running shoes Model 468,47880.0,3.1,3824,reliance digital,2 days
air fryer India,HP air fryer India Model 838,47909.0,4.6,2214,amazon,5 days
men running shoes,Samsung men running shoes Model 174,47927.0,2.7,3938,amazon,free delivery
office chair ergonomic,LG office chair ergonomic Model 906,47981.0,4.0,4032,flipkart,5 days
office chair ergonomic,Nike office chair ergonomic Model 171,48035.0,4.6,4068,flipkart,free delivery
office chair ergonomic,HP office chair ergonomic Model 929,48052.0,3.8,37,croma,2 days
office chair ergonomic,Puma office chair ergonomic Model 149,48111.0,4.1,96,croma,free delivery
microwave oven convection,LG microwave oven convection Model 140,48117.0,2.7,1141,flipkart,5 days
power bank fast charging,Puma power bank fast charging Model 621,48199.0,3.5,203,amazon,2 days
power bank fast charging,Dell power bank fast charging Model 384,48358.0,2.9,3901,flipkart,2 days
power bank fast charging,HP power bank fast charging Model 880,48374.0,4.1,2179,reliance digital,2 days
office chair ergonomic,Philips office chair ergonomic Model 510,48400.0,4.8,469,reliance digital,free delivery
air fryer India,Dell air fryer India Model 376,48528.0,2.6,3673,flipkart,free delivery
air fryer India,LG air fryer India Model 528,48545.0,4.5,309,flipkart,5 days
microwave oven convection,Puma microwave oven convection Model 544,48582.0,3.1,3036,flipkart,5 days
office chair ergonomic,LG office chair ergonomic Model 829,48584.0,3.1,1055,reliance digital,2 days
air fryer India,LG air fryer India Model 297,48610.0,3.4,1148,reliance digital,5 days
men running shoes,LG men running shoes Model 731,48627.0,4.0,2347,reliance digital,2 days
air fryer India,Philips air fryer India Model 480,48641.0,3.4,436,flipkart,free delivery
office chair ergonomic,LG office chair ergonomic Model 829,48662.0,4.2,771,amazon,2 days
office chair ergonomic,LG office chair ergonomic Model 829,48662.0,4.2,1943,amazon,2 days
microwave oven convection,Boat microwave oven convection Model 227,48663.0,3.8,4019,flipkart,free delivery
power bank fast charging,Boat power bank fast charging Model 257,48691.0,4.8,539,croma,free delivery
men running shoes,Puma men running shoes Model 476,48783.0,2.7,3072,flipkart,free delivery
microwave oven convection,Samsung microwave oven convection Model 738,48929.0,3.5,2114,croma,2 days
office chair ergonomic,Nike office chair ergonomic Model 799,48982.0,3.3,3233,amazon,free delivery
air fryer India,Nike air fryer India Model 162,48988.0,4.1,4559,flipkart,5 days
office chair ergonomic,HP office chair ergonomic Model 726,49015.0,2.9,3373,reliance digital,5 days
microwave oven convection,Dell microwave oven convection Model 232,49064.0,4.5,1963,croma,5 days
men running shoes,Samsung men running shoes Model 400,49074.0,3.4,3514,reliance digital,2 days
power bank fast charging,Nike power bank fast charging Model 813,49195.0,4.1,2711,croma,free delivery
microwave oven convection,Samsung microwave oven convection Model 692,49213.0,4.9,4261,amazon,free delivery
men running shoes,Puma men running shoes Model 923,49220.0,2.8,3066,flipkart,5 days
men running shoes,Puma men running shoes Model 305,49243.0,3.5,515,croma,2 days
microwave oven convection,LG microwave oven convection Model 603,49245.0,4.3,1944,croma,2 days
power bank fast charging,LG power bank fast charging Model 466,49248.0,3.9,1875,amazon,5 days
men running shoes,Dell men running shoes Model 229,49252.0,2.5,612,croma,free delivery
power bank fast charging,HP power bank fast charging Model 956,49324.0,4.9,4798,amazon,5 days
microwave oven convection,Puma microwave oven convection Model 288,49325.0,4.8,1563,amazon,free delivery
office chair ergonomic,Boat office chair ergonomic Model 534,49386.0,4.1,916,croma,free delivery
office chair ergonomic,Boat office chair ergonomic Model 163,49391.0,4.0,1681,reliance digital,free delivery
power bank fast charging,Dell power bank fast charging Model 204,49421.0,2.6,1928,flipkart,free delivery
power bank fast charging,Philips power bank fast charging Model 275,49516.0,4.7,571,croma,free delivery
men running shoes,Boat men running shoes Model 745,49612.0,4.1,4854,amazon,free delivery
men running shoes,Samsung men running shoes Model 751,49670.0,4.6,900,reliance digital,2 days
microwave oven convection,Samsung microwave oven convection Model 305,49682.0,4.2,4064,reliance digital,free delivery
power bank fast charging,LG power bank fast charging Model 130,49897.0,3.0,2424,reliance digital,5 days
power bank fast charging,Nike power bank fast charging Model 373,49953.0,4.9,2218,flipkart,free delivery
office chair ergonomic,Sony office chair ergonomic Model 476,49990.0,4.9,1424,croma,2 days
office chair ergonomic,Puma office chair ergonomic Model 996,66760.0,3.1,2181,reliance digital,5 days
men running shoes,Nike men running shoes Model 733,71900.0,4.1,4924,flipkart,free delivery
power bank fast charging,Samsung power bank fast charging Model 205,86400.0,3.7,2729,flipkart,5 days
power bank fast charging,Puma power bank fast charging Model 949,87970.0,4.8,1988,amazon,free delivery
air fryer India,Puma air fryer India Model 883,103500.0,4.3,4194,amazon,5 days
microwave oven convection,Philips microwave oven convection Model 132,110800.0,3.8,4460,croma,free delivery
office chair ergonomic,Puma office chair ergonomic Model 876,123310.0,3.3,2499,flipkart,free delivery
office chair ergonomic,HP office chair ergonomic Model 205,132290.0,2.6,874,reliance digital,free delivery
air fryer India,LG air fryer India Model 715,137250.0,2.9,3483,reliance digital,free delivery
men running shoes,Boat men running shoes Model 401,146220.0,3.2,1261,reliance digital,5 days
microwave oven convection,HP microwave oven convection Model 255,150250.0,4.8,644,reliance digital,free delivery
power bank fast charging,Boat power bank fast charging Model 295,171520.0,3.9,2978,flipkart,free delivery
microwave oven convection,Boat microwave oven convection Model 689,189420.0,4.7,4390,amazon,5 days
power bank fast charging,Dell power bank fast charging Model 575,190200.0,4.5,4367,croma,free delivery
microwave oven convection,Puma microwave oven convection Model 556,192440.0,4.3,4490,croma,2 days
office chair ergonomic,Puma office chair ergonomic Model 559,200380.0,4.1,1363,croma,free delivery
microwave oven convection,Boat microwave oven convection Model 156,220130.0,4.8,4501,croma,2 days
air fryer India,Puma air fryer India Model 209,222300.0,3.6,3271,amazon,free delivery
office chair ergonomic,LG office chair ergonomic Model 168,229430.0,3.2,2872,flipkart,2 days
microwave oven convection,Sony microwave oven convection Model 479,229950.0,4.3,594,reliance digital,free delivery
power bank fast charging,Puma power bank fast charging Model 354,239860.0,3.6,3870,flipkart,2 days
air fryer India,Nike air fryer India Model 886,242370.0,4.7,745,flipkart,5 days
microwave oven convection,Philips microwave oven convection Model 811,265610.0,4.3,4360,croma,2 days
air fryer India,Puma air fryer India Model 989,286470.0,4.3,176,amazon,free delivery
power bank fast charging,Samsung power bank fast charging Model 302,289730.0,3.3,1230,croma,free delivery
air fryer India,Boat air fryer India Model 822,317150.0,3.6,912,reliance digital,2 days
men running shoes,LG men running shoes Model 509,320280.0,2.9,3271,amazon,free delivery
microwave oven convection,Nike microwave oven convection Model 158,325160.0,3.5,4292,croma,5 days
men running shoes,Boat men running shoes Model 227,380730.0,2.9,1574,croma,2 days
microwave oven convection,Dell microwave oven convection Model 838,383970.0,2.8,2066,reliance digital,5 days
men running shoes,Dell men running shoes Model 628,390740.0,4.6,4015,croma,5 days
office chair ergonomic,Sony office chair ergonomic Model 215,395720.0,3.3,3512,reliance digital,5 days
microwave oven convection,Philips microwave oven convection Model 148,402890.0,3.8,4840,reliance digital,free delivery
office chair ergonomic,Boat office chair ergonomic Model 756,405890.0,4.3,665,amazon,2 days
power bank fast charging,Nike power bank fast charging Model 406,436130.0,4.0,3636,reliance digital,free delivery
microwave oven convection,Dell microwave oven convection Model 272,438510.0,4.5,351,reliance digital,5 days
office chair ergonomic,Boat office chair ergonomic Model 324,455330.0,4.1,3258,amazon,free delivery
men running shoes,HP men running shoes Model 580,461640.0,4.0,3916,amazon,2 days
microwave oven convection,Boat microwave oven convection Model 424,482890.0,4.9,858,amazon,2 days
men running shoes,HP men running shoes Model 483,498050.0,3.3,4703,amazon,2 days
