keyword,title,price,rating,reviews,platform,delivery,brand,price_range,popularity_score,raw_price,discount
air fryer India,Nike air fryer India Model 114,509.0,3.8,3324,reliance digital,2 days,Nike,low-Budget,30.815054821741825,509.0,0
microwave oven convection,Philips microwave oven convection Model 363,545.0,4.5,3336,reliance digital,2 days,Philips,low-Budget,36.50772365438118,545.0,0
air fryer India,Dell air fryer India Model 406,580.0,5.0,4288,reliance digital,free delivery,Dell,low-Budget,41.8190444225844,580.0,0
power bank fast charging,Nike power bank fast charging Model 363,702.0,4.5,1477,flipkart,2 days,Nike,low-Budget,32.84300295678666,702.0,0
men running shoes,Samsung men running shoes Model 836,712.0,4.6,819,flipkart,2 days,Samsung,low-Budget,30.86279996518817,712.0,0
power bank fast charging,Samsung power bank fast charging Model 308,780.0,2.9,2239,croma,2 days,Samsung,low-Budget,22.371270320062347,780.0,0
microwave oven convection,Philips microwave oven convection Model 889,861.0,5.0,1382,amazon,2 days,Philips,low-Budget,36.160051658323795,861.0,0
power bank fast charging,Puma power bank fast charging Model 343,889.0,4.9,3557,reliance digital,5 days,Puma,low-Budget,40.06707395430632,889.0,0
air fryer India,Philips air fryer India Model 575,1010.0,3.3,2030,flipkart,2 days,Philips,low-Budget,25.13373575321527,1010.0,0
microwave oven convection,HP microwave oven convection Model 801,1014.0,4.8,556,flipkart,5 days,HP,low-Budget,30.348313151650963,1014.0,0
power bank fast charging,Dell power bank fast charging Model 291,1087.0,2.6,1882,croma,5 days,Dell,low-Budget,19.6056159745086,1087.0,0
microwave oven convection,Sony microwave oven convection Model 911,1095.0,3.5,2227,reliance digital,5 days,Sony,low-Budget,26.981008603665114,1095.0,0
microwave oven convection,HP microwave oven convection Model 455,1099.0,2.6,2771,reliance digital,2 days,HP,low-Budget,20.611043336805466,1099.0,0
men running shoes,HP men running shoes Model 425,1105.0,3.8,69,amazon,5 days,HP,low-Budget,16.144281919787566,1105.0,0
office chair ergonomic,Puma office chair ergonomic Model 753,1131.0,3.9,4694,reliance digital,2 days,Puma,low-Budget,32.97158822740521,1131.0,0
power bank fast charging,Sony power bank fast charging Model 552,1240.0,4.0,1072,flipkart,free delivery,Sony,low-Budget,27.912854970522794,1240.0,0
microwave oven convection,HP microwave oven convection Model 770,1253.0,3.6,1177,flipkart,5 days,HP,low-Budget,25.457664111161517,1253.0,0
men running shoes,Puma men running shoes Model 846,1264.0,4.2,1855,croma,5 days,Puma,low-Budget,31.609951436053816,1264.0,0
office chair ergonomic,HP office chair ergonomic Model 303,1279.0,4.9,4932,amazon,2 days,HP,low-Budget,41.668142746045326,1279.0,0
microwave oven convection,HP microwave oven convection Model 218,1280.0,3.8,4982,flipkart,free delivery,HP,low-Budget,32.352392113469335,1280.0,0
air fryer India,Boat air fryer India Model 191,1312.0,4.3,3015,croma,free delivery,Boat,low-Budget,34.45025293524974,1312.0,0
office chair ergonomic,Samsung office chair ergonomic Model 195,1336.0,4.2,3413,flipkart,free delivery,Samsung,low-Budget,34.16968759408842,1336.0,0
microwave oven convection,LG microwave oven convection Model 421,1377.0,5.0,1203,reliance digital,free delivery,LG,low-Budget,35.46702312934383,1377.0,0
microwave oven convection,Dell microwave oven convection Model 924,1432.0,4.8,2003,croma,2 days,Dell,low-Budget,36.493922218582824,1432.0,0
men running shoes,Boat men running shoes Model 963,1439.0,3.7,2268,reliance digital,free delivery,Boat,low-Budget,28.590249593685414,1439.0,0
air fryer India,Philips air fryer India Model 898,1480.0,4.4,4269,croma,free delivery,Philips,low-Budget,36.78122406737975,1480.0,0
microwave oven convection,Nike microwave oven convection Model 438,1670.0,3.9,1982,amazon,2 days,Nike,low-Budget,29.610227901227205,1670.0,0
men running shoes,LG men running shoes Model 614,1680.0,2.7,4120,reliance digital,free delivery,LG,low-Budget,22.474398054614806,1680.0,0
air fryer India,LG air fryer India Model 497,1734.0,4.9,1240,amazon,free delivery,LG,low-Budget,34.905996647502576,1734.0,0
microwave oven convection,LG microwave oven convection Model 441,1788.0,4.4,713,flipkart,free delivery,LG,low-Budget,28.911885034294173,1788.0,0
men running shoes,HP men running shoes Model 956,1861.0,3.9,652,croma,5 days,HP,low-Budget,25.27815080417808,1861.0,0
office chair ergonomic,Boat office chair ergonomic Model 668,1919.0,2.9,1430,croma,2 days,Boat,low-Budget,21.071773460713707,1919.0,0
microwave oven convection,Samsung microwave oven convection Model 132,2008.0,4.8,2465,croma,5 days,Samsung,low-Budget,37.489692881876586,2008.0,0
microwave oven convection,Nike microwave oven convection Model 675,2014.0,3.7,1428,reliance digital,5 days,Nike,low-Budget,26.879501658340512,2014.0,0
office chair ergonomic,Philips office chair ergonomic Model 733,2022.0,3.7,4021,flipkart,2 days,Philips,low-Budget,30.70827791023061,2022.0,0
office chair ergonomic,Philips office chair ergonomic Model 733,2022.0,3.7,2679,flipkart,2 days,Philips,low-Budget,29.20621667196814,2022.0,0
power bank fast charging,Samsung power bank fast charging Model 292,2027.0,5.0,939,amazon,5 days,Samsung,low-Budget,34.229399376320245,2027.0,0
men running shoes,Sony men running shoes Model 547,2086.0,4.6,2882,croma,2 days,Sony,low-Budget,36.646298809136646,2086.0,0
power bank fast charging,Sony power bank fast charging Model 726,2163.0,3.5,1528,reliance digital,free delivery,Sony,low-Budget,25.663292220751718,2163.0,0
microwave oven convection,HP microwave oven convection Model 594,2169.0,3.6,3203,amazon,free delivery,HP,low-Budget,29.059759109477703,2169.0,0
men running shoes,Dell men running shoes Model 536,2176.0,3.8,2031,croma,5 days,Dell,low-Budget,28.943748073053815,2176.0,0
office chair ergonomic,Sony office chair ergonomic Model 587,2295.0,3.9,4417,croma,5 days,Sony,low-Budget,32.73442529752224,2295.0,0
microwave oven convection,Dell microwave oven convection Model 877,2507.0,4.7,3446,flipkart,free delivery,Dell,low-Budget,38.282719962629265,2507.0,0
men running shoes,Boat men running shoes Model 839,2510.0,2.5,3356,croma,2 days,Boat,low-Budget,20.29700749245009,2510.0,0
microwave oven convection,Nike microwave oven convection Model 140,2510.0,4.5,4517,croma,free delivery,Nike,low-Budget,37.87121113662577,2510.0,0
microwave oven convection,Samsung microwave oven convection Model 326,2525.0,3.9,3415,croma,5 days,Samsung,low-Budget,31.731279664142992,2525.0,0
office chair ergonomic,Nike office chair ergonomic Model 983,2556.0,3.3,951,flipkart,free delivery,Nike,low-Budget,22.6332646148115,2556.0,0
power bank fast charging,Samsung power bank fast charging Model 461,2621.0,4.9,112,amazon,free delivery,Samsung,low-Budget,23.164200311690472,2621.0,0
power bank fast charging,HP power bank fast charging Model 544,2627.0,4.7,512,amazon,free delivery,HP,low-Budget,29.329296472302616,2627.0,0
microwave oven convection,Dell microwave oven convection Model 467,2674.0,4.7,1877,amazon,2 days,Dell,low-Budget,35.42842450091058,2674.0,0
microwave oven convection,Dell microwave oven convection Model 991,2702.0,4.1,1510,amazon,free delivery,Dell,low-Budget,30.01416054531823,2702.0,0
office chair ergonomic,Boat office chair ergonomic Model 688,2783.0,3.1,1997,reliance digital,5 days,Boat,low-Budget,23.559696073546345,2783.0,0
air fryer India,Dell air fryer India Model 411,2793.0,4.1,804,flipkart,free delivery,Dell,low-Budget,27.43245333741611,2793.0,0
microwave oven convection,Boat microwave oven convection Model 754,2828.0,3.2,1712,reliance digital,5 days,Boat,low-Budget,23.827204794637183,2828.0,0
men running shoes,Dell men running shoes Model 450,2830.0,2.9,3675,amazon,2 days,Dell,low-Budget,23.80778340207917,2830.0,0
office chair ergonomic,Samsung office chair ergonomic Model 134,2841.0,3.7,3132,croma,5 days,Samsung,low-Budget,29.784061276523108,2841.0,0
men running shoes,Samsung men running shoes Model 589,2849.0,2.7,4466,amazon,2 days,Samsung,low-Budget,22.692075267650722,2849.0,0
power bank fast charging,Samsung power bank fast charging Model 567,2958.0,4.1,4103,croma,2 days,Samsung,low-Budget,34.11084128608748,2958.0,0
air fryer India,HP air fryer India Model 122,3007.0,3.0,798,flipkart,free delivery,HP,low-Budget,20.050082837298824,3007.0,0
office chair ergonomic,HP office chair ergonomic Model 586,3054.0,3.7,2790,reliance digital,2 days,HP,low-Budget,29.356374364084395,3054.0,0
office chair ergonomic,HP office chair ergonomic Model 586,3054.0,3.5,2790,reliance digital,2 days,HP,low-Budget,27.769543317377128,3054.0,0
air fryer India,LG air fryer India Model 237,3117.0,3.7,748,croma,free delivery,LG,low-Budget,24.48933423901371,3117.0,0
men running shoes,Boat men running shoes Model 961,3146.0,2.9,521,amazon,free delivery,Boat,low-Budget,18.147236004859653,3146.0,0
microwave oven convection,HP microwave oven convection Model 268,3182.0,3.3,278,flipkart,free delivery,HP,low-Budget,18.582998880010503,3182.0,0
microwave oven convection,Sony microwave oven convection Model 208,3190.0,3.7,3485,reliance digital,free delivery,Sony,low-Budget,30.179087836495878,3190.0,0
power bank fast charging,Philips power bank fast charging Model 481,3252.0,4.4,4842,amazon,free delivery,Philips,low-Budget,37.33527442657421,3252.0,0
air fryer India,Dell air fryer India Model 399,3266.0,3.2,3596,amazon,free delivery,Dell,low-Budget,26.201137419825997,3266.0,0
microwave oven convection,Nike microwave oven convection Model 418,3327.0,4.4,1863,flipkart,free delivery,Nike,low-Budget,33.134111979080366,3327.0,0
microwave oven convection,LG microwave oven convection Model 315,3378.0,2.8,1762,reliance digital,2 days,LG,low-Budget,20.929362110714035,3378.0,0
microwave oven convection,LG microwave oven convection Model 315,3378.0,4.0,1762,reliance digital,2 days,LG,low-Budget,29.89908872959148,3378.0,0
air fryer India,LG air fryer India Model 521,3501.0,2.7,4874,flipkart,2 days,LG,low-Budget,22.92806353526626,3501.0,0
power bank fast charging,Puma power bank fast charging Model 877,3589.0,3.1,2943,amazon,2 days,Puma,low-Budget,24.76132588753118,3589.0,0
microwave oven convection,HP microwave oven convection Model 133,3630.0,3.7,4648,amazon,free delivery,HP,low-Budget,31.244307460255165,3630.0,0
men running shoes,Philips men running shoes Model 919,3772.0,3.8,1377,croma,2 days,Philips,low-Budget,27.467876115979696,3772.0,0
air fryer India,LG air fryer India Model 884,3840.0,4.9,2735,croma,5 days,LG,low-Budget,38.77983616583796,3840.0,0
power bank fast charging,HP power bank fast charging Model 824,3841.0,3.8,1977,amazon,5 days,HP,low-Budget,28.841397746294096,3841.0,0
air fryer India,Samsung air fryer India Model 611,3868.0,2.7,4042,croma,2 days,Samsung,low-Budget,22.422804128030084,3868.0,0
office chair ergonomic,Boat office chair ergonomic Model 391,3892.0,2.8,1107,reliance digital,free delivery,Boat,low-Budget,19.62887322846024,3892.0,0
office chair ergonomic,Puma office chair ergonomic Model 150,3938.0,3.3,270,amazon,free delivery,Puma,low-Budget,18.486992108903014,3938.0,0
power bank fast charging,LG power bank fast charging Model 398,4006.0,3.9,3536,reliance digital,free delivery,LG,low-Budget,31.867033337901372,4006.0,0
men running shoes,Dell men running shoes Model 200,4014.0,3.4,3811,flipkart,2 days,Dell,low-Budget,28.036091500231915,4014.0,0
air fryer India,Sony air fryer India Model 556,4039.0,3.1,2150,amazon,5 days,Sony,low-Budget,23.788433200729965,4039.0,0
power bank fast charging,Boat power bank fast charging Model 239,4103.0,4.7,4335,amazon,2 days,Boat,low-Budget,39.36112545266157,4103.0,0
men running shoes,LG men running shoes Model 141,4134.0,3.5,2553,reliance digital,2 days,LG,low-Budget,27.458956128073698,4134.0,0
office chair ergonomic,Nike office chair ergonomic Model 597,4149.0,3.6,2704,reliance digital,5 days,Nike,low-Budget,28.450285888610093,4149.0,0
power bank fast charging,Boat power bank fast charging Model 133,4165.0,3.4,2655,croma,5 days,Boat,low-Budget,26.8075601360275,4165.0,0
power bank fast charging,Samsung power bank fast charging Model 858,4182.0,4.4,2560,amazon,free delivery,Samsung,low-Budget,34.531873579277914,4182.0,0
office chair ergonomic,Samsung office chair ergonomic Model 666,4203.0,4.0,3908,croma,5 days,Samsung,low-Budget,33.08414746317182,4203.0,0
microwave oven convection,HP microwave oven convection Model 639,4261.0,2.7,2230,flipkart,5 days,HP,low-Budget,20.81755402496784,4261.0,0
microwave oven convection,Sony microwave oven convection Model 440,4334.0,2.5,2041,flipkart,5 days,Sony,low-Budget,19.054212496811527,4334.0,0
microwave oven convection,LG microwave oven convection Model 208,4378.0,3.8,646,amazon,2 days,LG,low-Budget,24.59491591910342,4378.0,0
office chair ergonomic,Philips office chair ergonomic Model 658,4438.0,4.4,40,amazon,5 days,Philips,low-Budget,16.339717093498955,4438.0,0
microwave oven convection,Boat microwave oven convection Model 217,4482.0,3.2,779,croma,2 days,Boat,low-Budget,21.30974054298764,4482.0,0
microwave oven convection,Nike microwave oven convection Model 917,4484.0,3.0,3422,reliance digital,5 days,Nike,low-Budget,24.414817915590557,4484.0,0
men running shoes,Philips men running shoes Model 661,4516.0,4.6,1771,flipkart,2 days,Philips,low-Budget,34.40737500335912,4516.0,0
men running shoes,Boat men running shoes Model 131,4525.0,4.3,60,amazon,free delivery,Boat,low-Budget,17.676757615945238,4525.0,0
office chair ergonomic,Philips office chair ergonomic Model 836,4564.0,3.0,1540,amazon,free delivery,Philips,low-Budget,22.020560505960347,4564.0,0
office chair ergonomic,Nike office chair ergonomic Model 625,4607.0,2.9,1964,reliance digital,5 days,Nike,low-Budget,21.991417820479747,4607.0,0
microwave oven convection,Sony microwave oven convection Model 852,4773.0,4.5,3005,croma,2 days,Sony,low-Budget,36.03764506640814,4773.0,0
microwave oven convection,Sony microwave oven convection Model 369,4789.0,4.6,589,amazon,5 days,Sony,low-Budget,29.348563669738915,4789.0,0
power bank fast charging,Philips power bank fast charging Model 149,4795.0,4.1,942,croma,2 days,Philips,low-Budget,28.081171758797172,4795.0,0
microwave oven convection,LG microwave oven convection Model 638,4845.0,4.5,2320,croma,5 days,LG,low-Budget,34.87389032823497,4845.0,0
power bank fast charging,Boat power bank fast charging Model 254,4855.0,4.8,2336,reliance digital,free delivery,Boat,low-Budget,37.23179200578652,4855.0,0
air fryer India,Puma air fryer India Model 818,4964.0,4.1,732,flipkart,5 days,Puma,low-Budget,27.048297377735267,4964.0,0
office chair ergonomic,Boat office chair ergonomic Model 178,5007.0,4.5,543,amazon,2 days,Boat,Mid-Range,28.34527161085174,5007.0,0
men running shoes,Dell men running shoes Model 605,5013.0,4.4,511,flipkart,free delivery,Dell,Mid-Range,27.448628350173838,5013.0,0
air fryer India,Philips air fryer India Model 545,5049.0,4.4,557,amazon,2 days,Philips,Mid-Range,27.82717943447777,5049.0,0
microwave oven convection,Sony microwave oven convection Model 224,5069.0,4.3,2597,reliance digital,2 days,Sony,Mid-Range,33.80873794809134,5069.0,0
office chair ergonomic,Dell office chair ergonomic Model 133,5073.0,3.3,515,reliance digital,2 days,Dell,Mid-Range,20.612152326089156,5073.0,0
microwave oven convection,LG microwave oven convection Model 152,5102.0,2.8,2118,reliance digital,5 days,LG,Mid-Range,21.444358763151236,5102.0,0
power bank fast charging,Sony power bank fast charging Model 896,5150.0,5.0,2220,croma,2 days,Sony,Mid-Range,38.528564119472136,5150.0,0
office chair ergonomic,Dell office chair ergonomic Model 197,5177.0,3.6,764,croma,free delivery,Dell,Mid-Range,23.903553001775528,5177.0,0
air fryer India,HP air fryer India Model 506,5202.0,3.6,2195,croma,2 days,HP,Mid-Range,27.699814089465917,5202.0,0
men running shoes,Nike men running shoes Model 985,5261.0,4.0,947,reliance digital,2 days,Nike,Mid-Range,27.417418009020086,5261.0,0
power bank fast charging,Samsung power bank fast charging Model 562,5331.0,3.8,4124,reliance digital,5 days,Samsung,Mid-Range,31.63432093532137,5331.0,0
power bank fast charging,LG power bank fast charging Model 927,5380.0,2.6,1069,croma,free delivery,LG,Mid-Range,18.136076211385475,5380.0,0
office chair ergonomic,Philips office chair ergonomic Model 849,5498.0,2.9,1932,amazon,free delivery,Philips,Mid-Range,21.94380258970416,5498.0,0
air fryer India,Samsung air fryer India Model 883,5559.0,3.9,3803,croma,free delivery,Samsung,Mid-Range,32.15085285229459,5559.0,0
men running shoes,Sony men running shoes Model 835,5646.0,4.2,3419,amazon,5 days,Sony,Mid-Range,34.177062486237936,5646.0,0
air fryer India,Dell air fryer India Model 150,5659.0,4.2,270,amazon,5 days,Dell,Mid-Range,23.528899047694747,5659.0,0
microwave oven convection,Dell microwave oven convection Model 663,5712.0,4.2,1139,amazon,5 days,Dell,Mid-Range,29.562890873831876,5712.0,0
men running shoes,Nike men running shoes Model 799,5743.0,3.8,1695,flipkart,5 days,Nike,Mid-Range,28.256905702137022,5743.0,0
men running shoes,LG men running shoes Model 272,5766.0,3.2,973,reliance digital,5 days,LG,Mid-Range,22.020516171656112,5766.0,0
power bank fast charging,LG power bank fast charging Model 926,5841.0,3.5,1593,croma,5 days,LG,Mid-Range,25.809006507725563,5841.0,0
power bank fast charging,Boat power bank fast charging Model 927,5855.0,4.7,3908,croma,2 days,Boat,Mid-Range,38.873873269226884,5855.0,0
power bank fast charging,HP power bank fast charging Model 815,5912.0,3.6,80,reliance digital,free delivery,HP,Mid-Range,15.820016956820782,5912.0,0
air fryer India,Puma air fryer India Model 766,5958.0,3.4,494,flipkart,2 days,Puma,Mid-Range,21.095496392733548,5958.0,0
office chair ergonomic,Nike office chair ergonomic Model 457,6006.0,3.4,1498,flipkart,free delivery,Nike,Mid-Range,24.86268189354883,6006.0,0
air fryer India,Nike air fryer India Model 642,6086.0,3.7,4274,flipkart,5 days,Nike,Mid-Range,30.93399571107219,6086.0,0
men running shoes,Nike men running shoes Model 692,6110.0,2.9,3598,croma,2 days,Nike,Mid-Range,23.74639279342919,6110.0,0
men running shoes,Philips men running shoes Model 921,6136.0,3.2,3343,croma,free delivery,Philips,Mid-Range,25.967753517454696,6136.0,0
air fryer India,HP air fryer India Model 735,6304.0,3.9,3336,amazon,5 days,HP,Mid-Range,31.640027167130356,6304.0,0
men running shoes,Philips men running shoes Model 769,6357.0,3.3,255,reliance digital,5 days,Philips,Mid-Range,18.299085566782555,6357.0,0
microwave oven convection,Boat microwave oven convection Model 875,6446.0,4.6,613,amazon,2 days,Boat,Mid-Range,29.53197666947685,6446.0,0
microwave oven convection,Boat microwave oven convection Model 520,6468.0,4.1,4876,amazon,free delivery,Boat,Mid-Range,34.818370778411214,6468.0,0
men running shoes,HP men running shoes Model 115,6514.0,3.7,2024,amazon,free delivery,HP,Mid-Range,28.169302424300366,6514.0,0
men running shoes,Nike men running shoes Model 445,6514.0,3.1,3970,amazon,free delivery,Nike,Mid-Range,25.688997016506878,6514.0,0
office chair ergonomic,Nike office chair ergonomic Model 716,6599.0,4.4,1617,flipkart,free delivery,Nike,Mid-Range,32.511362829521126,6599.0,0
power bank fast charging,HP power bank fast charging Model 232,6725.0,3.9,800,flipkart,free delivery,HP,Mid-Range,26.074857693566603,6725.0,0
power bank fast charging,Sony power bank fast charging Model 131,6862.0,3.9,1670,croma,5 days,Sony,Mid-Range,28.942592361522035,6862.0,0
microwave oven convection,Samsung microwave oven convection Model 533,6933.0,3.8,4407,croma,5 days,Samsung,Mid-Range,31.88647013316445,6933.0,0
men running shoes,Boat men running shoes Model 196,6965.0,4.7,281,amazon,free delivery,Boat,Mid-Range,26.516963233409136,6965.0,0
air fryer India,Nike air fryer India Model 938,6967.0,2.7,2732,reliance digital,5 days,Nike,Mid-Range,21.365519002005787,6967.0,0
men running shoes,LG men running shoes Model 597,6967.0,3.4,1700,reliance digital,2 days,LG,Mid-Range,25.29250341414593,6967.0,0
air fryer India,Dell air fryer India Model 753,6992.0,4.4,1002,flipkart,2 days,Dell,Mid-Range,30.40730346703252,6992.0,0
men running shoes,Sony men running shoes Model 458,7058.0,3.1,516,reliance digital,2 days,Sony,Mid-Range,19.36893291097613,7058.0,0
men running shoes,Dell men running shoes Model 531,7064.0,4.9,2725,reliance digital,2 days,Dell,Mid-Range,38.76189400005674,7064.0,0
office chair ergonomic,Nike office chair ergonomic Model 206,7079.0,3.8,3238,amazon,free delivery,Nike,Mid-Range,30.71547569285105,7079.0,0
power bank fast charging,Puma power bank fast charging Model 586,7191.0,3.9,1373,croma,2 days,Puma,Mid-Range,28.17937774385095,7191.0,0
microwave oven convection,Puma microwave oven convection Model 554,7198.0,4.8,4075,amazon,5 days,Puma,Mid-Range,39.90178269284455,7198.0,0
power bank fast charging,Boat power bank fast charging Model 410,7209.0,3.8,4713,flipkart,free delivery,Boat,Mid-Range,32.141509917285084,7209.0,0
office chair ergonomic,Samsung office chair ergonomic Model 796,7217.0,4.3,4830,reliance digital,2 days,Samsung,Mid-Range,36.476077687583945,7217.0,0
air fryer India,Nike air fryer India Model 258,7313.0,4.8,4820,amazon,5 days,Nike,Mid-Range,40.70753594114698,7313.0,0
office chair ergonomic,Dell office chair ergonomic Model 884,7331.0,4.1,2179,reliance digital,free delivery,Dell,Mid-Range,31.51702863871085,7331.0,0
men running shoes,Boat men running shoes Model 987,7350.0,4.4,1199,amazon,free delivery,Boat,Mid-Range,31.196338077414808,7350.0,0
men running shoes,Philips men running shoes Model 691,7350.0,3.6,2998,amazon,free delivery,Philips,Mid-Range,28.821723043496437,7350.0,0
men running shoes,LG men running shoes Model 260,7350.0,3.8,2107,amazon,free delivery,LG,Mid-Range,29.083280656712763,7350.0,0
men running shoes,Nike men running shoes Model 881,7350.0,4.3,3162,amazon,free delivery,Nike,Mid-Range,34.65488776021429,7350.0,0
office chair ergonomic,LG office chair ergonomic Model 187,7370.0,4.9,324,flipkart,5 days,LG,Mid-Range,28.340743393415714,7370.0,0
air fryer India,Sony air fryer India Model 991,7436.0,4.9,1081,flipkart,free delivery,Sony,Mid-Range,34.23417565109149,7436.0,0
men running shoes,Philips men running shoes Model 659,7470.0,3.5,3046,croma,2 days,Philips,Mid-Range,28.07669472644998,7470.0,0
men running shoes,Samsung men running shoes Model 785,7514.0,3.1,4026,reliance digital,5 days,Samsung,Mid-Range,25.73240857863951,7514.0,0
office chair ergonomic,Puma office chair ergonomic Model 799,7517.0,3.7,2856,croma,2 days,Puma,Mid-Range,29.44285138825386,7517.0,0
power bank fast charging,LG power bank fast charging Model 620,7596.0,2.5,3981,flipkart,2 days,LG,Mid-Range,20.723848711560354,7596.0,0
office chair ergonomic,LG office chair ergonomic Model 100,7656.0,4.7,778,croma,5 days,LG,Mid-Range,31.29265191559252,7656.0,0
microwave oven convection,Sony microwave oven convection Model 482,7782.0,3.3,2054,croma,2 days,Sony,Mid-Range,25.172502718870103,7782.0,0
office chair ergonomic,Boat office chair ergonomic Model 509,7810.0,2.9,3143,croma,2 days,Boat,Mid-Range,23.35442834529238,7810.0,0
microwave oven convection,Puma microwave oven convection Model 243,7911.0,4.3,3020,reliance digital,2 days,Puma,Mid-Range,34.45737567996269,7911.0,0
power bank fast charging,Puma power bank fast charging Model 333,7947.0,3.3,3734,croma,5 days,Puma,Mid-Range,27.14416022197083,7947.0,0
microwave oven convection,LG microwave oven convection Model 306,8035.0,4.7,4121,reliance digital,5 days,LG,Mid-Range,39.123240678816906,8035.0,0
power bank fast charging,Sony power bank fast charging Model 720,8143.0,5.0,1895,amazon,2 days,Sony,Mid-Range,37.73750841407483,8143.0,0
office chair ergonomic,Nike office chair ergonomic Model 378,8156.0,4.8,1246,croma,5 days,Nike,Mid-Range,34.21678053926417,8156.0,0
office chair ergonomic,HP office chair ergonomic Model 478,8156.0,3.5,89,croma,5 days,HP,Mid-Range,15.749333846155928,8156.0,0
microwave oven convection,Nike microwave oven convection Model 509,8160.0,3.9,4917,reliance digital,free delivery,Nike,Mid-Range,33.15256316882694,8160.0,0
power bank fast charging,HP power bank fast charging Model 730,8200.0,2.7,633,flipkart,5 days,HP,Mid-Range,17.42053217698051,8200.0,0
air fryer India,Dell air fryer India Model 238,8235.0,3.0,351,croma,5 days,Dell,Mid-Range,17.59089352679429,8235.0,0
office chair ergonomic,Dell office chair ergonomic Model 372,8277.0,3.6,389,croma,2 days,Dell,Mid-Range,21.478128260845292,8277.0,0
power bank fast charging,Dell power bank fast charging Model 817,8299.0,3.7,2691,flipkart,5 days,Dell,Mid-Range,29.22274685582909,8299.0,0
men running shoes,Sony men running shoes Model 393,8312.0,4.8,441,croma,free delivery,Sony,Mid-Range,29.23828743397295,8312.0,0
men running shoes,Dell men running shoes Model 900,8466.0,3.2,3377,croma,2 days,Dell,Mid-Range,26.000125111576786,8466.0,0
men running shoes,Nike men running shoes Model 469,8496.0,4.5,969,croma,2 days,Nike,Mid-Range,30.947832321738428,8496.0,0
microwave oven convection,Puma microwave oven convection Model 765,8497.0,2.6,1408,croma,2 days,Puma,Mid-Range,18.851652330936567,8497.0,0
men running shoes,LG men running shoes Model 675,8539.0,2.8,1189,reliance digital,2 days,LG,Mid-Range,19.82878404109561,8539.0,0
air fryer India,Nike air fryer India Model 536,8598.0,3.3,1641,croma,5 days,Nike,Mid-Range,24.43211195704083,8598.0,0
office chair ergonomic,Boat office chair ergonomic Model 710,8682.0,4.5,3068,flipkart,free delivery,Boat,Mid-Range,36.130981745788816,8682.0,0
office chair ergonomic,Puma office chair ergonomic Model 417,8744.0,4.9,3832,croma,2 days,Puma,Mid-Range,40.43187502036473,8744.0,0
air fryer India,Samsung air fryer India Model 811,8748.0,3.9,2245,amazon,2 days,Samsung,Mid-Range,30.095933927663715,8748.0,0
men running shoes,Philips men running shoes Model 437,8752.0,4.7,3962,amazon,5 days,Philips,Mid-Range,38.938355987995045,8752.0,0
air fryer India,LG air fryer India Model 428,8757.0,4.9,2023,croma,free delivery,LG,Mid-Range,37.30287204899605,8757.0,0
microwave oven convection,HP microwave oven convection Model 564,8799.0,3.5,4884,amazon,free delivery,HP,Mid-Range,29.72873597566909,8799.0,0
office chair ergonomic,Philips office chair ergonomic Model 989,8904.0,3.0,3739,amazon,2 days,Philips,Mid-Range,24.680522671225734,8904.0,0
office chair ergonomic,Nike office chair ergonomic Model 106,8923.0,4.6,2822,flipkart,5 days,Nike,Mid-Range,36.549554969966046,8923.0,0
power bank fast charging,Puma power bank fast charging Model 131,8933.0,3.8,143,amazon,2 days,Puma,Mid-Range,18.8852905383888,8933.0,0
power bank fast charging,Puma power bank fast charging Model 415,8944.0,3.7,2974,amazon,2 days,Puma,Mid-Range,29.592597476525,8944.0,0
air fryer India,Puma air fryer India Model 696,8987.0,4.8,2999,reliance digital,free delivery,Puma,Mid-Range,38.43056432472118,8987.0,0
microwave oven convection,Sony microwave oven convection Model 848,9020.0,3.0,1410,amazon,2 days,Sony,Mid-Range,21.756161855558442,9020.0,0
microwave oven convection,Boat microwave oven convection Model 255,9089.0,4.1,3138,croma,5 days,Boat,Mid-Range,33.01180418305201,9089.0,0
power bank fast charging,HP power bank fast charging Model 100,9092.0,3.8,811,croma,free delivery,HP,Mid-Range,25.458101292614376,9092.0,0
men running shoes,Philips men running shoes Model 418,9160.0,3.7,2887,amazon,5 days,Philips,Mid-Range,29.482782150047054,9160.0,0
air fryer India,Nike air fryer India Model 458,9171.0,2.5,3658,reliance digital,2 days,Nike,Mid-Range,20.51236291254802,9171.0,0
power bank fast charging,HP power bank fast charging Model 103,9195.0,4.3,426,amazon,5 days,HP,Mid-Range,26.044171256883086,9195.0,0
air fryer India,HP air fryer India Model 618,9220.0,2.9,326,croma,free delivery,HP,Mid-Range,16.790884495602036,9220.0,0
office chair ergonomic,Dell office chair ergonomic Model 249,9264.0,3.3,609,reliance digital,free delivery,Dell,Mid-Range,21.16441455865228,9264.0,0
microwave oven convection,Sony microwave oven convection Model 983,9278.0,3.2,937,amazon,free delivery,Sony,Mid-Range,21.89999983681992,9278.0,0
men running shoes,HP men running shoes Model 911,9329.0,4.5,418,amazon,5 days,HP,Mid-Range,27.170419139649617,9329.0,0
office chair ergonomic,Boat office chair ergonomic Model 303,9335.0,3.7,844,reliance digital,free delivery,Boat,Mid-Range,24.935545521221545,9335.0,0
power bank fast charging,Sony power bank fast charging Model 300,9342.0,4.0,3843,croma,2 days,Sony,Mid-Range,33.01707508036073,9342.0,0
office chair ergonomic,Philips office chair ergonomic Model 755,9463.0,3.5,3340,flipkart,free delivery,Philips,Mid-Range,28.39908904824865,9463.0,0
power bank fast charging,Sony power bank fast charging Model 334,9499.0,4.9,4207,croma,free delivery,Sony,Mid-Range,40.88923949664598,9499.0,0
office chair ergonomic,Philips office chair ergonomic Model 887,9713.0,3.7,3026,flipkart,2 days,Philips,Mid-Range,29.656711043380362,9713.0,0
office chair ergonomic,Samsung office chair ergonomic Model 472,9857.0,4.3,3938,amazon,2 days,Samsung,Mid-Range,35.5983333007749,9857.0,0
men running shoes,Boat men running shoes Model 728,9884.0,2.6,4871,croma,free delivery,Boat,Mid-Range,22.077275504413308,9884.0,0
men running shoes,Philips men running shoes Model 793,9884.0,3.1,1285,croma,free delivery,Philips,Mid-Range,22.19380490487245,9884.0,0
power bank fast charging,Samsung power bank fast charging Model 878,9900.0,3.4,3076,croma,5 days,Samsung,Mid-Range,27.307815276094942,9900.0,0
air fryer India,Sony air fryer India Model 515,9979.0,4.4,424,croma,2 days,Sony,Mid-Range,26.629192343267437,9979.0,0
office chair ergonomic,Philips office chair ergonomic Model 137,10015.0,4.0,2426,flipkart,free delivery,Philips,Mid-Range,31.177644822906405,10015.0,0
men running shoes,Boat men running shoes Model 948,10068.0,4.5,3869,reliance digital,2 days,Boat,Mid-Range,37.174544037107225,10068.0,0
men running shoes,Dell men running shoes Model 277,10071.0,4.9,4560,croma,5 days,Dell,Mid-Range,41.28395616588733,10071.0,0
office chair ergonomic,Boat office chair ergonomic Model 251,10118.0,3.7,2270,amazon,2 days,Boat,Mid-Range,28.593509505790568,10118.0,0
men running shoes,Boat men running shoes Model 475,10153.0,2.9,3274,amazon,5 days,Boat,Mid-Range,23.47281212940112,10153.0,0
men running shoes,Puma men running shoes Model 698,10209.0,4.2,1801,reliance digital,5 days,Puma,Mid-Range,31.48594024030679,10209.0,0
office chair ergonomic,LG office chair ergonomic Model 901,10247.0,3.6,2696,reliance digital,2 days,LG,Mid-Range,28.43962316330303,10247.0,0
microwave oven convection,Samsung microwave oven convection Model 571,10268.0,4.7,3228,flipkart,2 days,Samsung,Mid-Range,37.97566052256389,10268.0,0
air fryer India,Sony air fryer India Model 404,10311.0,2.9,2685,croma,free delivery,Sony,Mid-Range,22.89784429354123,10311.0,0
air fryer India,LG air fryer India Model 363,10393.0,3.5,3600,croma,2 days,LG,Mid-Range,28.661384022771067,10393.0,0
air fryer India,LG air fryer India Model 363,10393.0,3.5,1538,croma,2 days,LG,Mid-Range,25.68610846843608,10393.0,0
microwave oven convection,HP microwave oven convection Model 260,10399.0,4.8,1364,croma,2 days,HP,Mid-Range,34.650766596571486,10399.0,0
men running shoes,Samsung men running shoes Model 544,10486.0,2.7,2100,reliance digital,5 days,Samsung,Mid-Range,20.655455492281504,10486.0,0
power bank fast charging,Sony power bank fast charging Model 711,10504.0,3.5,3408,croma,free delivery,Sony,Mid-Range,28.46960995248266,10504.0,0
air fryer India,LG air fryer India Model 797,10526.0,4.7,4373,reliance digital,2 days,LG,Mid-Range,39.402136045812554,10526.0,0
microwave oven convection,Sony microwave oven convection Model 705,10551.0,3.0,1713,croma,free delivery,Sony,Mid-Range,22.339755297473175,10551.0,0
air fryer India,Dell air fryer India Model 810,10588.0,3.9,4559,croma,5 days,Dell,Mid-Range,32.85780381978289,10588.0,0
men running shoes,Samsung men running shoes Model 620,10627.0,2.6,1998,amazon,2 days,Samsung,Mid-Range,19.761046069701038,10627.0,0
men running shoes,LG men running shoes Model 336,10645.0,2.6,1588,amazon,2 days,LG,Mid-Range,19.164236432995462,10645.0,0
power bank fast charging,Puma power bank fast charging Model 127,10720.0,4.3,629,reliance digital,free delivery,Puma,Mid-Range,27.716595223357988,10720.0,0
men running shoes,Boat men running shoes Model 296,10726.0,3.4,3096,flipkart,free delivery,Boat,Mid-Range,27.32984321190889,10726.0,0
men running shoes,Dell men running shoes Model 874,10730.0,2.5,1422,reliance digital,2 days,Dell,Mid-Range,18.15130649522463,10730.0,0
men running shoes,Nike men running shoes Model 571,10750.0,4.4,586,croma,2 days,Nike,Mid-Range,28.05010920724363,10750.0,0
air fryer India,Boat air fryer India Model 608,10828.0,3.3,4277,flipkart,5 days,Boat,Mid-Range,27.59209493581976,10828.0,0
office chair ergonomic,Dell office chair ergonomic Model 783,10831.0,2.8,547,croma,2 days,Dell,Mid-Range,17.657570803454444,10831.0,0
office chair ergonomic,Philips office chair ergonomic Model 477,10866.0,4.2,4350,croma,5 days,Philips,Mid-Range,35.18827612742685,10866.0,0
men running shoes,LG men running shoes Model 927,10893.0,3.4,3220,flipkart,free delivery,LG,Mid-Range,27.463320307726075,10893.0,0
office chair ergonomic,HP office chair ergonomic Model 981,10915.0,3.5,2068,amazon,free delivery,HP,Mid-Range,26.7218723721094,10915.0,0
power bank fast charging,LG power bank fast charging Model 382,10945.0,2.9,3032,amazon,free delivery,LG,Mid-Range,23.250191772296887,10945.0,0
office chair ergonomic,Sony office chair ergonomic Model 546,11042.0,3.0,571,flipkart,free delivery,Sony,Mid-Range,19.047416974139395,11042.0,0
power bank fast charging,Samsung power bank fast charging Model 384,11076.0,4.4,2498,amazon,free delivery,Samsung,Mid-Range,34.42404209567379,11076.0,0
microwave oven convection,LG microwave oven convection Model 443,11089.0,4.4,3882,amazon,2 days,LG,Mid-Range,36.36319865081934,11089.0,0
air fryer India,HP air fryer India Model 755,11309.0,3.6,4502,flipkart,2 days,HP,Mid-Range,30.28499683308566,11309.0,0
office chair ergonomic,Boat office chair ergonomic Model 922,11394.0,3.7,3099,reliance digital,5 days,Boat,Mid-Range,29.74488234475098,11394.0,0
power bank fast charging,Philips power bank fast charging Model 136,11469.0,3.4,2456,reliance digital,free delivery,Philips,Mid-Range,26.542767666572008,11469.0,0
men running shoes,Boat men running shoes Model 103,11594.0,3.9,3659,amazon,5 days,Boat,Mid-Range,32.000351862942104,11594.0,0
power bank fast charging,Boat power bank fast charging Model 651,11700.0,4.4,1813,reliance digital,2 days,Boat,Mid-Range,33.01447437497036,11700.0,0
office chair ergonomic,Philips office chair ergonomic Model 947,11703.0,4.5,1804,flipkart,free delivery,Philips,Mid-Range,33.742421418451414,11703.0,0
office chair ergonomic,Nike office chair ergonomic Model 411,11726.0,4.3,3164,croma,5 days,Nike,Mid-Range,34.657605838686585,11726.0,0
microwave oven convection,Puma microwave oven convection Model 871,11766.0,4.5,4784,reliance digital,5 days,Puma,Mid-Range,38.12958586749174,11766.0,0
air fryer India,Samsung air fryer India Model 610,11773.0,3.9,2771,croma,free delivery,Samsung,Mid-Range,30.916565005208195,11773.0,0
air fryer India,Sony air fryer India Model 333,11773.0,3.3,609,croma,free delivery,Sony,Mid-Range,21.16441455865228,11773.0,0
air fryer India,Philips air fryer India Model 646,11773.0,4.6,2746,croma,free delivery,Philips,Mid-Range,36.42401755603826,11773.0,0
microwave oven convection,HP microwave oven convection Model 749,11799.0,3.8,2729,croma,2 days,HP,Mid-Range,30.06581617508022,11799.0,0
microwave oven convection,HP microwave oven convection Model 749,11799.0,4.0,2729,croma,2 days,HP,Mid-Range,31.648227552716023,11799.0,0
men running shoes,Boat men running shoes Model 821,11806.0,3.7,3346,amazon,2 days,Boat,Mid-Range,30.028532894481913,11806.0,0
microwave oven convection,HP microwave oven convection Model 837,11861.0,4.4,1200,amazon,free delivery,HP,Mid-Range,31.20000321715193,11861.0,0
office chair ergonomic,Samsung office chair ergonomic Model 959,11870.0,3.4,3887,flipkart,5 days,Samsung,Mid-Range,28.103210562973118,11870.0,0
office chair ergonomic,Dell office chair ergonomic Model 777,11887.0,2.7,153,flipkart,2 days,Dell,Mid-Range,13.599772026516801,11887.0,0
men running shoes,HP men running shoes Model 632,11908.0,3.5,1442,amazon,5 days,HP,Mid-Range,25.46067845570855,11908.0,0
men running shoes,Puma men running shoes Model 709,11908.0,2.6,4933,amazon,5 days,Puma,Mid-Range,22.110153772432188,11908.0,0
microwave oven convection,Samsung microwave oven convection Model 210,11972.0,3.6,629,flipkart,2 days,Samsung,Mid-Range,23.204591349788082,11972.0,0
microwave oven convection,Philips microwave oven convection Model 749,12002.0,4.2,1195,flipkart,2 days,Philips,Mid-Range,29.764299324944425,12002.0,0
microwave oven convection,Philips microwave oven convection Model 744,12043.0,3.9,3591,croma,5 days,Philips,Mid-Range,31.92721127474615,12043.0,0
office chair ergonomic,Sony office chair ergonomic Model 822,12081.0,4.1,4670,amazon,free delivery,Sony,Mid-Range,34.64142668805864,12081.0,0
office chair ergonomic,Philips office chair ergonomic Model 414,12081.0,3.2,2235,amazon,free delivery,Philips,Mid-Range,24.67982026967997,12081.0,0
office chair ergonomic,Puma office chair ergonomic Model 823,12081.0,3.4,937,amazon,free delivery,Puma,Mid-Range,23.268749826621164,12081.0,0
office chair ergonomic,Philips office chair ergonomic Model 414,12081.0,3.2,1965,amazon,free delivery,Philips,Mid-Range,24.268020162262758,12081.0,0
office chair ergonomic,LG office chair ergonomic Model 731,12081.0,3.0,3496,amazon,free delivery,LG,Mid-Range,24.47898221119013,12081.0,0
microwave oven convection,Boat microwave oven convection Model 117,12123.0,4.6,4412,flipkart,5 days,Boat,Mid-Range,38.604626042639914,12123.0,0
men running shoes,Nike men running shoes Model 773,12222.0,4.3,3755,amazon,5 days,Nike,Mid-Range,35.39377231341106,12222.0,0
microwave oven convection,Puma microwave oven convection Model 455,12233.0,2.6,129,flipkart,2 days,Puma,Mid-Range,12.655589571184514,12233.0,0
power bank fast charging,Philips power bank fast charging Model 895,12239.0,4.6,2596,croma,2 days,Philips,Mid-Range,36.16571617364864,12239.0,0
power bank fast charging,Sony power bank fast charging Model 286,12239.0,3.7,4088,croma,2 days,Sony,Mid-Range,30.76940616534918,12239.0,0
power bank fast charging,LG power bank fast charging Model 599,12239.0,5.0,4919,croma,2 days,LG,Mid-Range,42.50531904743177,12239.0,0
power bank fast charging,Puma power bank fast charging Model 122,12239.0,4.7,3770,croma,2 days,Puma,Mid-Range,38.70494883711428,12239.0,0
power bank fast charging,Dell power bank fast charging Model 484,12239.0,3.0,1454,croma,2 days,Dell,Mid-Range,21.84828353881678,12239.0,0
air fryer India,LG air fryer India Model 734,12278.0,3.7,3022,flipkart,free delivery,LG,Mid-Range,29.651818480684,12278.0,0
microwave oven convection,Samsung microwave oven convection Model 999,12362.0,3.6,3512,croma,5 days,Samsung,Mid-Range,29.39121234815698,12362.0,0
men running shoes,Philips men running shoes Model 417,12377.0,4.1,1839,flipkart,5 days,Philips,Mid-Range,30.821835487472423,12377.0,0
microwave oven convection,Puma microwave oven convection Model 666,12418.0,3.5,4483,reliance digital,free delivery,Puma,Mid-Range,29.428947744672175,12418.0,0
men running shoes,Nike men running shoes Model 955,12436.0,2.8,4004,amazon,2 days,Nike,Mid-Range,23.226836806606883,12436.0,0
office chair ergonomic,HP office chair ergonomic Model 389,12474.0,5.0,1626,amazon,5 days,HP,Mid-Range,36.972465536095186,12474.0,0
air fryer India,Sony air fryer India Model 462,12476.5,3.5,3710,flipkart,2 days,Sony,Mid-Range,28.766698313712094,12476.5,0
air fryer India,Sony air fryer India Model 387,12476.5,3.4,3668,flipkart,2 days,Sony,Mid-Range,27.90609304280796,12476.5,0
men running shoes,Sony men running shoes Model 238,12511.0,4.8,910,flipkart,2 days,Sony,Mid-Range,32.7098059068478,12511.0,0
men running shoes,Philips men running shoes Model 776,12533.0,4.8,208,flipkart,free delivery,Philips,Mid-Range,25.643204409431092,12533.0,0
office chair ergonomic,Puma office chair ergonomic Model 296,12559.0,4.4,2806,reliance digital,free delivery,Puma,Mid-Range,34.935434935992284,12559.0,0
office chair ergonomic,Philips office chair ergonomic Model 290,12568.0,3.3,1037,amazon,free delivery,Philips,Mid-Range,22.91866851029525,12568.0,0
microwave oven convection,Nike microwave oven convection Model 978,12578.0,2.7,788,flipkart,2 days,Nike,Mid-Range,18.01106906628386,12578.0,0
power bank fast charging,Dell power bank fast charging Model 326,12582.0,4.4,3935,amazon,5 days,Dell,Mid-Range,36.422849135957435,12582.0,0
power bank fast charging,Philips power bank fast charging Model 708,12594.0,4.1,4687,reliance digital,free delivery,Philips,Mid-Range,34.65632145815307,12594.0,0
men running shoes,Dell men running shoes Model 997,12597.0,4.2,3096,amazon,5 days,Dell,Mid-Range,33.76039455588746,12597.0,0
microwave oven convection,Samsung microwave oven convection Model 262,12598.0,4.0,329,amazon,2 days,Samsung,Mid-Range,23.196370617842103,12598.0,0
microwave oven convection,Sony microwave oven convection Model 316,12598.0,4.8,760,amazon,2 days,Sony,Mid-Range,31.84624011773609,12598.0,0
microwave oven convection,Philips microwave oven convection Model 635,12598.0,4.1,3062,amazon,2 days,Philips,Mid-Range,32.91131543801437,12598.0,0
air fryer India,Sony air fryer India Model 331,12621.0,3.0,2262,flipkart,free delivery,Sony,Mid-Range,23.17333993690061,12621.0,0
microwave oven convection,Puma microwave oven convection Model 212,12632.0,3.0,2291,flipkart,free delivery,Puma,Mid-Range,23.21154023350389,12632.0,0
air fryer India,HP air fryer India Model 976,12662.0,3.6,1032,flipkart,5 days,HP,Mid-Range,24.984800888830698,12662.0,0
microwave oven convection,Samsung microwave oven convection Model 524,12668.0,4.7,1294,amazon,free delivery,Samsung,Mid-Range,33.6814500784281,12668.0,0
microwave oven convection,Sony microwave oven convection Model 488,12668.0,3.1,2333,amazon,free delivery,Sony,Mid-Range,24.041550319824154,12668.0,0
men running shoes,Sony men running shoes Model 596,12685.0,5.0,1964,flipkart,2 days,Sony,Mid-Range,37.91623762151681,12685.0,0
air fryer India,HP air fryer India Model 491,12698.0,3.6,3540,reliance digital,free delivery,HP,Mid-Range,29.419792027602856,12698.0,0
air fryer India,Boat air fryer India Model 971,12775.0,4.0,2898,reliance digital,free delivery,Boat,Mid-Range,31.88848451568662,12775.0,0
power bank fast charging,HP power bank fast charging Model 169,12817.0,4.8,3939,flipkart,2 days,HP,Mid-Range,39.7388928110015,12817.0,0
microwave oven convection,LG microwave oven convection Model 741,12854.0,4.0,1502,croma,5 days,LG,Mid-Range,29.2608735590119,12854.0,0
microwave oven convection,Puma microwave oven convection Model 195,12872.0,4.4,629,amazon,5 days,Puma,Mid-Range,28.361167205296546,12872.0,0
office chair ergonomic,Puma office chair ergonomic Model 837,13147.0,4.2,32,croma,5 days,Puma,Mid-Range,14.685331758159217,13147.0,0
office chair ergonomic,LG office chair ergonomic Model 374,13147.0,4.5,1364,croma,5 days,LG,Mid-Range,32.48509368428577,13147.0,0
office chair ergonomic,Puma office chair ergonomic Model 514,13147.0,4.4,3775,croma,5 days,Puma,Mid-Range,36.24025031996772,13147.0,0
men running shoes,HP men running shoes Model 974,13155.0,3.6,2057,flipkart,2 days,HP,Mid-Range,27.46616369901838,13155.0,0
microwave oven convection,Boat microwave oven convection Model 962,13198.0,4.3,3270,amazon,2 days,Boat,Mid-Range,34.79925941841505,13198.0,0
men running shoes,LG men running shoes Model 220,13243.0,3.7,1513,flipkart,free delivery,LG,Mid-Range,27.09328860579036,13243.0,0
office chair ergonomic,LG office chair ergonomic Model 994,13287.0,4.6,414,croma,free delivery,LG,Mid-Range,27.730081193061206,13287.0,0
microwave oven convection,Nike microwave oven convection Model 798,13302.0,3.0,4736,croma,free delivery,Nike,Mid-Range,25.389477908771255,13302.0,0
office chair ergonomic,Boat office chair ergonomic Model 912,13315.0,2.7,3479,amazon,2 days,Boat,Mid-Range,22.017926446475006,13315.0,0
microwave oven convection,Puma microwave oven convection Model 155,13333.0,5.0,14,reliance digital,5 days,Puma,Mid-Range,13.54025100551105,13333.0,0
air fryer India,Boat air fryer India Model 361,13406.0,3.0,3322,flipkart,5 days,Boat,Mid-Range,24.325869805063785,13406.0,0
men running shoes,Samsung men running shoes Model 613,13410.0,2.9,1987,reliance digital,2 days,Samsung,Mid-Range,22.025164722927908,13410.0,0
power bank fast charging,LG power bank fast charging Model 622,13442.0,4.9,2243,amazon,5 days,LG,Mid-Range,37.80847480654868,13442.0,0
microwave oven convection,Puma microwave oven convection Model 435,13475.0,4.5,1862,amazon,free delivery,Puma,Mid-Range,33.88474516770715,13475.0,0
men running shoes,Samsung men running shoes Model 200,13528.0,3.3,2011,flipkart,free delivery,Samsung,Mid-Range,25.102718953024777,13528.0,0
power bank fast charging,Samsung power bank fast charging Model 440,13597.0,3.6,4156,amazon,2 days,Samsung,Mid-Range,29.997176181309495,13597.0,0
air fryer India,Philips air fryer India Model 669,13652.0,2.7,2243,amazon,2 days,Philips,Mid-Range,20.833241219934987,13652.0,0
power bank fast charging,Boat power bank fast charging Model 685,13683.0,4.5,2173,croma,2 days,Boat,Mid-Range,34.5794583045652,13683.0,0
air fryer India,Samsung air fryer India Model 258,13788.0,3.4,1089,croma,2 days,Samsung,Mid-Range,23.779372115758843,13788.0,0
power bank fast charging,Dell power bank fast charging Model 185,13896.0,3.9,963,reliance digital,5 days,Dell,Mid-Range,26.797256048981126,13896.0,0
men running shoes,LG men running shoes Model 503,13904.0,3.7,3400,croma,2 days,LG,Mid-Range,30.087751704526625,13904.0,0
air fryer India,Puma air fryer India Model 299,13953.0,3.8,762,flipkart,free delivery,Puma,Mid-Range,25.221580518880934,13953.0,0
power bank fast charging,Philips power bank fast charging Model 289,13988.0,3.7,694,croma,2 days,Philips,Mid-Range,24.212473828589733,13988.0,0
power bank fast charging,Samsung power bank fast charging Model 447,14024.0,4.0,3085,reliance digital,free delivery,Samsung,Mid-Range,32.13852413169243,14024.0,0
microwave oven convection,Nike microwave oven convection Model 744,14102.0,3.3,355,reliance digital,free delivery,Nike,Mid-Range,19.3872714118117,14102.0,0
air fryer India,Samsung air fryer India Model 961,14116.0,2.6,2903,croma,free delivery,Samsung,Mid-Range,20.731995377456187,14116.0,0
air fryer India,LG air fryer India Model 766,14150.0,3.9,4540,flipkart,5 days,LG,Mid-Range,32.84151987128201,14150.0,0
microwave oven convection,Sony microwave oven convection Model 861,14160.0,5.0,1594,reliance digital,free delivery,Sony,Mid-Range,36.87314507609472,14160.0,0
men running shoes,Samsung men running shoes Model 413,14199.0,3.9,4628,reliance digital,free delivery,Samsung,Mid-Range,32.916374950021954,14199.0,0
air fryer India,Philips air fryer India Model 746,14228.5,4.0,4869,croma,free delivery,Philips,Mid-Range,33.96339686430654,14228.5,0
power bank fast charging,Sony power bank fast charging Model 485,14257.0,3.3,4586,flipkart,5 days,Sony,Mid-Range,27.822238932170663,14257.0,0
office chair ergonomic,Nike office chair ergonomic Model 400,14284.0,4.7,1381,croma,free delivery,Nike,Mid-Range,33.987048920339795,14284.0,0
microwave oven convection,Boat microwave oven convection Model 912,14301.0,3.4,3397,croma,5 days,Boat,Mid-Range,27.645203827588382,14301.0,0
men running shoes,Nike men running shoes Model 359,14330.0,3.9,4643,amazon,free delivery,Nike,Mid-Range,32.92899223698935,14330.0,0
office chair ergonomic,Boat office chair ergonomic Model 293,14351.0,3.9,1098,flipkart,5 days,Boat,Mid-Range,27.308408222174123,14351.0,0
air fryer India,Philips air fryer India Model 348,14376.0,4.6,2307,croma,5 days,Philips,Mid-Range,35.62302848708875,14376.0,0
air fryer India,LG air fryer India Model 455,14463.0,4.6,3414,reliance digital,2 days,LG,Mid-Range,37.42529075122249,14463.0,0
men running shoes,Puma men running shoes Model 181,14503.0,3.3,259,amazon,5 days,Puma,Mid-Range,18.35024938235124,14503.0,0
power bank fast charging,Boat power bank fast charging Model 839,14552.0,3.0,3900,amazon,free delivery,Boat,Mid-Range,24.806964628519967,14552.0,0
men running shoes,LG men running shoes Model 798,14557.0,4.2,4101,flipkart,free delivery,LG,Mid-Range,34.94076574225577,14557.0,0
microwave oven convection,Boat microwave oven convection Model 294,14590.0,4.1,877,flipkart,5 days,Boat,Mid-Range,27.788351033903975,14590.0,0
men running shoes,Philips men running shoes Model 202,14611.0,2.7,4839,croma,free delivery,Philips,Mid-Range,22.90860899921883,14611.0,0
office chair ergonomic,Puma office chair ergonomic Model 226,14746.0,3.1,1199,croma,2 days,Puma,Mid-Range,21.979238190905885,14746.0,0
microwave oven convection,Philips microwave oven convection Model 221,14840.0,4.3,3858,flipkart,free delivery,Philips,Mid-Range,35.51010245461176,14840.0,0
men running shoes,Nike men running shoes Model 830,14871.0,4.6,187,amazon,2 days,Nike,Mid-Range,24.087633029017766,14871.0,0
power bank fast charging,LG power bank fast charging Model 410,14986.0,3.1,2293,reliance digital,5 days,LG,Mid-Range,23.98796212283688,14986.0,0
air fryer India,Puma air fryer India Model 297,15008.0,4.6,3256,croma,5 days,Puma,Premium,37.20738430427067,15008.0,0
office chair ergonomic,HP office chair ergonomic Model 913,15034.0,3.3,3503,reliance digital,5 days,HP,Premium,26.93347949178573,15034.0,0
power bank fast charging,Dell power bank fast charging Model 238,15091.0,4.1,1955,croma,free delivery,Dell,Premium,31.072493087438524,15091.0,0
office chair ergonomic,Puma office chair ergonomic Model 198,15160.0,3.2,1275,flipkart,2 days,Puma,Premium,22.884753484495153,15160.0,0
power bank fast charging,Puma power bank fast charging Model 256,15276.0,4.4,3436,amazon,free delivery,Puma,Premium,35.826358818139276,15276.0,0
power bank fast charging,Nike power bank fast charging Model 593,15276.0,4.4,1615,amazon,free delivery,Nike,Premium,32.50592065195658,15276.0,0
air fryer India,HP air fryer India Model 114,15280.0,4.2,4970,reliance digital,5 days,HP,Premium,35.74778048559763,15280.0,0
men running shoes,Sony men running shoes Model 146,15396.0,4.5,1884,flipkart,5 days,Sony,Premium,33.9375739494695,15396.0,0
microwave oven convection,Philips microwave oven convection Model 423,15450.0,3.5,2281,croma,2 days,Philips,Premium,27.064826356477074,15450.0,0
microwave oven convection,LG microwave oven convection Model 377,15541.0,3.6,1848,reliance digital,5 days,LG,Premium,27.080640832993648,15541.0,0
air fryer India,Sony air fryer India Model 833,15593.0,3.1,4956,croma,5 days,Sony,Premium,26.37652359386378,15593.0,0
office chair ergonomic,Puma office chair ergonomic Model 305,15697.0,3.7,1940,flipkart,2 days,Puma,Premium,28.01254675772534,15697.0,0
microwave oven convection,LG microwave oven convection Model 911,15783.0,3.8,2230,amazon,5 days,LG,Premium,29.29877973884362,15783.0,0
men running shoes,LG men running shoes Model 449,15824.0,2.9,2382,reliance digital,2 days,LG,Premium,22.55073488358635,15824.0,0
men running shoes,Dell men running shoes Model 968,15824.0,3.1,1233,reliance digital,2 days,Dell,Premium,22.065850233842536,15824.0,0
men running shoes,Samsung men running shoes Model 521,15845.0,3.7,1366,reliance digital,5 days,Samsung,Premium,26.715383195878612,15845.0,0
air fryer India,HP air fryer India Model 922,15908.0,3.0,2532,reliance digital,5 days,HP,Premium,23.511478950005028,15908.0,0
microwave oven convection,HP microwave oven convection Model 231,15909.0,3.3,3043,reliance digital,free delivery,HP,Premium,26.4690614726392,15909.0,0
power bank fast charging,HP power bank fast charging Model 730,15938.0,3.3,3328,amazon,free delivery,HP,Premium,26.76440988399758,15938.0,0
power bank fast charging,Boat power bank fast charging Model 932,15951.0,4.9,3521,reliance digital,2 days,Boat,Premium,40.01724301637515,15951.0,0
power bank fast charging,Samsung power bank fast charging Model 954,16114.0,3.1,3197,reliance digital,2 days,Samsung,Premium,25.01787076952109,16114.0,0
office chair ergonomic,Puma office chair ergonomic Model 894,16173.0,3.8,3831,reliance digital,5 days,Puma,Premium,31.35434012854485,16173.0,0
men running shoes,Samsung men running shoes Model 624,16190.5,4.4,4218,croma,5 days,Samsung,Premium,36.72835501334709,16190.5,0
men running shoes,Sony men running shoes Model 584,16190.5,4.1,411,croma,5 days,Sony,Premium,24.686195732333058,16190.5,0
microwave oven convection,LG microwave oven convection Model 223,16266.0,2.6,841,flipkart,2 days,LG,Premium,17.51302803703005,16266.0,0
men running shoes,HP men running shoes Model 796,16321.0,4.8,4474,flipkart,5 days,HP,Premium,40.35005582740299,16321.0,0
microwave oven convection,Boat microwave oven convection Model 460,16391.0,4.4,4959,croma,2 days,Boat,Premium,37.440308486763485,16391.0,0
microwave oven convection,Boat microwave oven convection Model 727,16473.0,3.7,4296,croma,free delivery,Boat,Premium,30.952987819967486,16473.0,0
microwave oven convection,Boat microwave oven convection Model 727,16473.0,3.9,4296,croma,free delivery,Boat,Premium,32.626122296722485,16473.0,0
microwave oven convection,Boat microwave oven convection Model 306,16492.0,2.6,4233,reliance digital,5 days,Boat,Premium,21.712346374406508,16492.0,0
microwave oven convection,LG microwave oven convection Model 538,16690.0,4.3,3962,reliance digital,5 days,LG,Premium,35.62445335071887,16690.0,0
microwave oven convection,Samsung microwave oven convection Model 702,16855.0,3.4,1687,amazon,free delivery,Samsung,Premium,25.26641889553007,16855.0,0
men running shoes,Philips men running shoes Model 197,16859.0,2.9,3991,amazon,5 days,Philips,Premium,24.046938148550925,16859.0,0
power bank fast charging,LG power bank fast charging Model 347,16861.0,4.4,1826,croma,2 days,LG,Premium,33.04589444806323,16861.0,0
microwave oven convection,Samsung microwave oven convection Model 354,16888.0,2.9,1267,reliance digital,5 days,Samsung,Premium,20.721068791491795,16888.0,0
power bank fast charging,Sony power bank fast charging Model 298,16898.0,4.2,4324,reliance digital,free delivery,Sony,Premium,35.16310316133711,16898.0,0
air fryer India,LG air fryer India Model 921,16964.0,2.7,4354,reliance digital,2 days,LG,Premium,22.623515701073828,16964.0,0
men running shoes,Boat men running shoes Model 933,16984.0,3.5,4626,reliance digital,5 days,Boat,Premium,29.5388239611745,16984.0,0
men running shoes,Dell men running shoes Model 338,16984.0,4.8,541,reliance digital,5 days,Dell,Premium,30.217276806910302,16984.0,0
air fryer India,Philips air fryer India Model 360,17016.0,3.5,2921,reliance digital,free delivery,Philips,Premium,27.930082573087258,17016.0,0
air fryer India,Nike air fryer India Model 258,17028.0,3.0,3583,flipkart,5 days,Nike,Premium,24.552704322284463,17028.0,0
air fryer India,LG air fryer India Model 774,17078.0,3.2,2604,croma,5 days,LG,Premium,25.168601453399898,17078.0,0
office chair ergonomic,Sony office chair ergonomic Model 865,17134.0,3.5,2274,amazon,free delivery,Sony,Premium,27.054073659847678,17134.0,0
power bank fast charging,Boat power bank fast charging Model 295,17152.0,3.9,1879,flipkart,free delivery,Boat,Premium,29.40220551771358,17152.0,0
men running shoes,Sony men running shoes Model 146,17182.0,3.5,500,amazon,free delivery,Sony,Premium,21.758121353797026,17182.0,0
air fryer India,Nike air fryer India Model 948,17183.0,2.7,130,croma,2 days,Nike,Premium,13.16303277264311,17183.0,0
men running shoes,Sony men running shoes Model 584,17198.0,4.1,2426,croma,5 days,Sony,Premium,31.95708594347906,17198.0,0
men running shoes,HP men running shoes Model 660,17198.0,4.1,1332,croma,5 days,HP,Premium,29.500268012732704,17198.0,0
men running shoes,Nike men running shoes Model 617,17198.0,3.8,3865,croma,5 days,Nike,Premium,31.387907507119447,17198.0,0
men running shoes,Samsung men running shoes Model 188,17198.0,3.6,4555,croma,5 days,Samsung,Premium,30.32712116844146,17198.0,0
men running shoes,LG men running shoes Model 990,17198.0,4.0,1413,croma,5 days,LG,Premium,29.01671138582607,17198.0,0
men running shoes,LG men running shoes Model 853,17198.0,2.8,1611,croma,5 days,LG,Premium,20.678646584586403,17198.0,0
men running shoes,Nike men running shoes Model 858,17198.0,3.7,2110,croma,5 days,Nike,Premium,28.323193077038788,17198.0,0
microwave oven convection,Boat microwave oven convection Model 347,17219.0,4.9,4143,reliance digital,5 days,Boat,Premium,40.81414224130267,17219.0,0
microwave oven convection,HP microwave oven convection Model 932,17219.0,3.7,4405,reliance digital,5 days,HP,Premium,31.04567335124047,17219.0,0
microwave oven convection,Sony microwave oven convection Model 340,17219.0,4.3,4487,reliance digital,5 days,Sony,Premium,36.15939852297089,17219.0,0
microwave oven convection,Nike microwave oven convection Model 591,17219.0,2.7,3821,reliance digital,5 days,Nike,Premium,22.27102863696059,17219.0,0
men running shoes,Samsung men running shoes Model 540,17273.0,3.6,561,croma,free delivery,Samsung,Premium,22.793406659617286,17273.0,0
office chair ergonomic,Boat office chair ergonomic Model 505,17335.0,4.9,2038,croma,free delivery,Boat,Premium,37.33905237581483,17335.0,0
microwave oven convection,Puma microwave oven convection Model 380,17378.0,4.6,4702,flipkart,5 days,Puma,Premium,38.89739705694722,17378.0,0
microwave oven convection,Dell microwave oven convection Model 797,17378.0,3.7,3318,flipkart,5 days,Dell,Premium,29.997449603363904,17378.0,0
microwave oven convection,Philips microwave oven convection Model 955,17378.0,4.3,4330,flipkart,5 days,Philips,Premium,36.006281087222895,17378.0,0
power bank fast charging,LG power bank fast charging Model 629,17478.0,3.8,835,reliance digital,2 days,LG,Premium,25.568788729721867,17478.0,0
office chair ergonomic,Boat office chair ergonomic Model 149,17627.0,3.6,2289,amazon,2 days,Boat,Premium,27.850705547573828,17627.0,0
office chair ergonomic,Samsung office chair ergonomic Model 401,17691.0,4.1,4739,flipkart,2 days,Samsung,Premium,34.7015489002254,17691.0,0
office chair ergonomic,Philips office chair ergonomic Model 257,17699.0,2.6,1407,flipkart,free delivery,Philips,Premium,18.849806395466768,17699.0,0
power bank fast charging,LG power bank fast charging Model 346,17711.0,3.6,608,croma,2 days,LG,Premium,23.08254576375563,17711.0,0
microwave oven convection,Samsung microwave oven convection Model 836,17755.0,3.3,903,reliance digital,free delivery,Samsung,Premium,22.46253688929418,17755.0,0
power bank fast charging,Samsung power bank fast charging Model 946,17773.0,3.6,587,amazon,free delivery,Samsung,Premium,22.956217012435058,17773.0,0
power bank fast charging,Nike power bank fast charging Model 593,17773.0,3.9,1615,amazon,free delivery,Nike,Premium,28.812066032416055,17773.0,0
power bank fast charging,LG power bank fast charging Model 591,17773.0,3.4,2625,amazon,free delivery,LG,Premium,26.76893798653332,17773.0,0
power bank fast charging,Dell power bank fast charging Model 451,17801.0,3.4,3942,croma,2 days,Dell,Premium,28.150970255183932,17801.0,0
power bank fast charging,Nike power bank fast charging Model 184,17801.0,2.8,1599,croma,2 days,Nike,Premium,20.65772494303804,17801.0,0
power bank fast charging,Nike power bank fast charging Model 172,17801.0,3.0,263,croma,2 days,Nike,Premium,16.72784730943895,17801.0,0
power bank fast charging,Sony power bank fast charging Model 242,17801.0,3.4,2910,croma,2 days,Sony,Premium,27.119256608735117,17801.0,0
office chair ergonomic,Nike office chair ergonomic Model 321,17858.0,3.7,666,flipkart,5 days,Nike,Premium,24.06032316988781,17858.0,0
microwave oven convection,Dell microwave oven convection Model 915,17906.0,4.2,1947,amazon,2 days,Dell,Premium,31.813145633650418,17906.0,0
microwave oven convection,Sony microwave oven convection Model 574,17906.0,2.8,2634,amazon,2 days,Sony,Premium,22.054587690731296,17906.0,0
air fryer India,Nike air fryer India Model 534,17928.0,3.4,3731,reliance digital,2 days,Nike,Premium,27.963978510688598,17928.0,0
microwave oven convection,HP microwave oven convection Model 409,17931.0,2.9,4166,amazon,2 days,HP,Premium,24.171359731125115,17931.0,0
air fryer India,Dell air fryer India Model 580,17961.0,3.1,4995,flipkart,2 days,Dell,Premium,26.400817900860954,17961.0,0
office chair ergonomic,Dell office chair ergonomic Model 173,18061.0,4.3,4758,flipkart,free delivery,Dell,Premium,36.41150921682077,18061.0,0
men running shoes,Boat men running shoes Model 740,18123.0,4.5,1799,reliance digital,5 days,Boat,Premium,33.72993874747915,18123.0,0
office chair ergonomic,HP office chair ergonomic Model 442,18356.0,3.3,1514,croma,5 days,HP,Premium,24.166463369213446,18356.0,0
microwave oven convection,Puma microwave oven convection Model 943,18372.0,4.2,367,croma,5 days,Puma,Premium,24.813948340309512,18372.0,0
office chair ergonomic,Nike office chair ergonomic Model 698,18380.0,3.1,1698,reliance digital,free delivery,Nike,Premium,23.05716487718299,18380.0,0
office chair ergonomic,Nike office chair ergonomic Model 207,18384.0,3.9,3798,flipkart,2 days,Nike,Premium,32.145723297431736,18384.0,0
air fryer India,Dell air fryer India Model 243,18440.0,2.6,3171,amazon,free delivery,Dell,Premium,20.961505715162325,18440.0,0
men running shoes,Dell men running shoes Model 938,18469.0,3.8,3920,amazon,5 days,Dell,Premium,31.441587608710854,18469.0,0
microwave oven convection,Puma microwave oven convection Model 541,18499.0,3.4,2522,reliance digital,2 days,Puma,Premium,26.632893425379596,18499.0,0
men running shoes,Samsung men running shoes Model 250,18528.0,4.4,4222,amazon,2 days,Samsung,Premium,36.732524641709354,18528.0,0
power bank fast charging,HP power bank fast charging Model 954,18558.0,3.1,2253,flipkart,5 days,HP,Premium,23.93343125325914,18558.0,0
air fryer India,LG air fryer India Model 268,18575.0,2.8,1910,croma,5 days,LG,Premium,21.155069443872765,18575.0,0
air fryer India,Samsung air fryer India Model 440,18612.0,2.6,3055,croma,5 days,Samsung,Premium,20.86464159074467,18612.0,0
air fryer India,Dell air fryer India Model 603,18674.0,3.9,4850,amazon,free delivery,Dell,Premium,33.09906657815634,18674.0,0
power bank fast charging,Philips power bank fast charging Model 586,18710.0,2.9,1312,flipkart,5 days,Philips,Premium,20.822202635478106,18710.0,0
power bank fast charging,Boat power bank fast charging Model 457,18723.0,3.9,3760,amazon,2 days,Boat,Premium,32.10651661803431,18723.0,0
men running shoes,Philips men running shoes Model 538,18724.0,3.7,4023,flipkart,5 days,Philips,Premium,30.710117333584428,18724.0,0
air fryer India,Dell air fryer India Model 524,18745.0,4.4,1310,flipkart,free delivery,Dell,Premium,31.585600128560284,18745.0,0
men running shoes,Boat men running shoes Model 762,18772.0,3.4,347,reliance digital,free delivery,Boat,Premium,19.897488431233214,18772.0,0
air fryer India,Nike air fryer India Model 478,18795.0,4.7,4940,reliance digital,free delivery,Nike,Premium,39.97501818857503,18795.0,0
power bank fast charging,Sony power bank fast charging Model 702,18859.5,4.7,4883,croma,5 days,Sony,Premium,39.920483225583794,18859.5,0
power bank fast charging,HP power bank fast charging Model 389,18859.5,3.8,1152,croma,5 days,HP,Premium,26.790465577022424,18859.5,0
air fryer India,Sony air fryer India Model 395,18860.0,2.6,2188,flipkart,2 days,Sony,Premium,19.997120253559444,18860.0,0
power bank fast charging,HP power bank fast charging Model 389,18862.0,4.7,4825,flipkart,5 days,HP,Premium,39.864334257069395,18862.0,0
microwave oven convection,Nike microwave oven convection Model 392,18929.0,3.7,4407,amazon,free delivery,Nike,Premium,31.04735249808118,18929.0,0
power bank fast charging,Nike power bank fast charging Model 543,19052.0,4.2,3428,flipkart,5 days,Nike,Premium,34.188100600344264,19052.0,0
air fryer India,Dell air fryer India Model 476,19141.0,4.1,4829,amazon,free delivery,Dell,Premium,34.778667161251136,19141.0,0
power bank fast charging,LG power bank fast charging Model 658,19178.0,4.9,4495,reliance digital,2 days,LG,Premium,41.21362261871028,19178.0,0
office chair ergonomic,HP office chair ergonomic Model 117,19227.0,4.4,3149,reliance digital,2 days,HP,Premium,35.442694020006584,19227.0,0
office chair ergonomic,Puma office chair ergonomic Model 591,19233.0,4.6,3911,reliance digital,5 days,Puma,Premium,38.050298543311655,19233.0,0
air fryer India,Puma air fryer India Model 114,19237.0,4.2,2847,croma,free delivery,Puma,Premium,33.40836354463384,19237.0,0
air fryer India,Puma air fryer India Model 420,19293.0,3.5,721,amazon,2 days,Puma,Premium,23.03708798612489,19293.0,0
men running shoes,Nike men running shoes Model 523,19303.0,4.7,3172,amazon,2 days,Nike,Premium,37.893434120441015,19303.0,0
office chair ergonomic,Sony office chair ergonomic Model 231,19356.0,3.3,3401,reliance digital,free delivery,Sony,Premium,26.83599195075416,19356.0,0
microwave oven convection,Puma microwave oven convection Model 409,19446.0,3.8,2308,croma,2 days,Puma,Premium,29.42936527554708,19446.0,0
office chair ergonomic,Dell office chair ergonomic Model 304,19464.0,4.4,1826,amazon,5 days,Dell,Premium,33.04589444806323,19464.0,0
power bank fast charging,Nike power bank fast charging Model 262,19476.0,4.0,4865,amazon,free delivery,Nike,Premium,33.96011009337387,19476.0,0
office chair ergonomic,Puma office chair ergonomic Model 268,19653.0,4.4,2571,amazon,5 days,Puma,Premium,34.55073197557304,19653.0,0
office chair ergonomic,Sony office chair ergonomic Model 327,19653.0,4.2,1332,amazon,5 days,Sony,Premium,30.21978674475058,19653.0,0
microwave oven convection,HP microwave oven convection Model 797,19714.0,4.1,3378,amazon,free delivery,HP,Premium,33.31387385552859,19714.0,0
microwave oven convection,Samsung microwave oven convection Model 355,19714.0,2.5,658,amazon,free delivery,Samsung,Premium,16.226808836256268,19714.0,0
microwave oven convection,Puma microwave oven convection Model 774,19714.0,3.2,3544,amazon,free delivery,Puma,Premium,26.15453900469193,19714.0,0
microwave oven convection,LG microwave oven convection Model 640,19714.0,3.4,2664,amazon,free delivery,LG,Premium,26.81906174443981,19714.0,0
microwave oven convection,Boat microwave oven convection Model 652,19714.0,4.0,1801,amazon,free delivery,Boat,Premium,29.986609752673132,19714.0,0
microwave oven convection,HP microwave oven convection Model 285,19791.0,3.2,2826,flipkart,2 days,HP,Premium,25.43030834461949,19791.0,0
microwave oven convection,Boat microwave oven convection Model 219,19893.0,3.5,3165,amazon,5 days,Boat,Premium,28.21078484154335,19893.0,0
microwave oven convection,HP microwave oven convection Model 299,19916.0,4.6,281,reliance digital,5 days,HP,Premium,25.95277252631532,19916.0,0
men running shoes,Puma men running shoes Model 511,19924.0,4.5,902,flipkart,2 days,Puma,Premium,30.625751490376434,19924.0,0
men running shoes,Nike men running shoes Model 884,19924.0,4.0,1629,flipkart,2 days,Nike,Premium,29.585341175203233,19924.0,0
air fryer India,Philips air fryer India Model 259,19982.0,2.8,1761,croma,5 days,Philips,Premium,20.927773458189147,19982.0,0
air fryer India,HP air fryer India Model 412,19982.0,4.5,1293,croma,5 days,HP,Premium,32.2447206377738,19982.0,0
air fryer India,Nike air fryer India Model 543,19982.0,3.8,4051,croma,5 days,Nike,Premium,31.566470288400577,19982.0,0
air fryer India,Samsung air fryer India Model 923,20041.0,4.6,1686,reliance digital,free delivery,Samsung,Premium,34.181252579711455,20041.0,0
power bank fast charging,Boat power bank fast charging Model 929,20043.0,2.7,1299,flipkart,2 days,Boat,Premium,19.359322767313998,20043.0,0
power bank fast charging,Nike power bank fast charging Model 332,20043.0,3.7,2355,flipkart,2 days,Nike,Premium,28.729466015654467,20043.0,0
microwave oven convection,Boat microwave oven convection Model 128,20084.0,3.6,2575,amazon,free delivery,Boat,Premium,28.274375114007277,20084.0,0
office chair ergonomic,HP office chair ergonomic Model 168,20097.0,3.5,2880,croma,2 days,HP,Premium,27.88062457279585,20097.0,0
office chair ergonomic,Samsung office chair ergonomic Model 229,20104.0,2.7,439,amazon,2 days,Samsung,Premium,16.43429176266323,20104.0,0
power bank fast charging,Philips power bank fast charging Model 262,20128.0,4.6,1331,reliance digital,2 days,Philips,Premium,33.094409515061535,20128.0,0
microwave oven convection,Samsung microwave oven convection Model 714,20323.0,3.8,4602,flipkart,free delivery,Samsung,Premium,32.05096146650551,20323.0,0
microwave oven convection,LG microwave oven convection Model 704,20323.0,2.6,4942,flipkart,free delivery,LG,Premium,22.114892054598094,20323.0,0
office chair ergonomic,Nike office chair ergonomic Model 650,20379.0,4.0,1776,croma,5 days,Nike,Premium,29.930727312618604,20379.0,0
men running shoes,Boat men running shoes Model 859,20381.0,3.6,684,amazon,2 days,Boat,Premium,23.505907817744013,20381.0,0
men running shoes,Samsung men running shoes Model 630,20381.0,2.7,1756,amazon,2 days,Samsung,Premium,20.172680338105163,20381.0,0
men running shoes,Samsung men running shoes Model 561,20381.0,3.5,4897,amazon,2 days,Samsung,Premium,29.738037831292395,20381.0,0
men running shoes,Dell men running shoes Model 705,20430.0,4.6,4958,croma,2 days,Dell,Premium,39.14121317785001,20430.0,0
men running shoes,HP men running shoes Model 481,20430.0,3.4,2479,croma,2 days,HP,Premium,26.57444705314069,20430.0,0
men running shoes,Philips men running shoes Model 825,20430.0,3.9,2097,croma,2 days,Philips,Premium,29.830085176929344,20430.0,0
office chair ergonomic,Puma office chair ergonomic Model 677,20577.0,3.6,3338,croma,5 days,Puma,Premium,29.208335903797156,20577.0,0
air fryer India,LG air fryer India Model 402,20591.0,4.8,3083,flipkart,5 days,LG,Premium,38.56311712647946,20591.0,0
men running shoes,Samsung men running shoes Model 170,20645.0,3.7,679,reliance digital,free delivery,Samsung,Premium,24.131743353229563,20645.0,0
air fryer India,HP air fryer India Model 837,20648.0,3.4,866,reliance digital,5 days,HP,Premium,23.00113252105384,20648.0,0
office chair ergonomic,Samsung office chair ergonomic Model 192,20680.0,2.8,934,amazon,2 days,Samsung,Premium,19.153530282008322,20680.0,0
power bank fast charging,HP power bank fast charging Model 526,20759.0,4.2,1884,amazon,5 days,HP,Premium,31.675069019504868,20759.0,0
office chair ergonomic,HP office chair ergonomic Model 581,20763.0,3.4,4476,croma,free delivery,HP,Premium,28.58280875801928,20763.0,0
men running shoes,LG men running shoes Model 272,20795.0,4.1,1456,flipkart,2 days,LG,Premium,29.864952705400338,20795.0,0
power bank fast charging,Puma power bank fast charging Model 422,20958.0,3.3,427,amazon,5 days,Puma,Premium,19.995106545419926,20958.0,0
men running shoes,Boat men running shoes Model 803,20987.0,4.5,3826,flipkart,2 days,Boat,Premium,37.12426418441566,20987.0,0
men running shoes,Samsung men running shoes Model 152,20987.0,4.5,4319,flipkart,2 days,Samsung,Premium,37.6695480655717,20987.0,0
men running shoes,Boat men running shoes Model 369,20987.0,3.6,1998,flipkart,2 days,Boat,Premium,27.36144840420144,20987.0,0
air fryer India,LG air fryer India Model 541,21052.0,2.8,3250,amazon,2 days,LG,Premium,22.642810176850936,21052.0,0
power bank fast charging,Nike power bank fast charging Model 647,21053.0,3.9,3385,amazon,2 days,Nike,Premium,31.69687779450301,21053.0,0
office chair ergonomic,Boat office chair ergonomic Model 626,21070.0,3.5,2232,amazon,5 days,Boat,Premium,26.988854381440554,21070.0,0
air fryer India,Philips air fryer India Model 729,21132.0,2.7,4262,croma,free delivery,Philips,Premium,22.56586672526607,21132.0,0
office chair ergonomic,Samsung office chair ergonomic Model 182,21133.0,2.9,2149,reliance digital,5 days,Samsung,Premium,22.252347051252954,21133.0,0
men running shoes,HP men running shoes Model 771,21140.0,3.7,2215,amazon,5 days,HP,Premium,28.50279847710855,21140.0,0
air fryer India,Boat air fryer India Model 553,21190.0,4.5,1543,amazon,2 days,Boat,Premium,33.03959278763125,21190.0,0
air fryer India,LG air fryer India Model 351,21190.0,4.1,3041,amazon,2 days,LG,Premium,32.88310893855887,21190.0,0
air fryer India,Philips air fryer India Model 430,21190.0,4.0,2842,amazon,2 days,Philips,Premium,31.810460446604,21190.0,0
air fryer India,Philips air fryer India Model 213,21190.0,4.4,2655,amazon,2 days,Philips,Premium,34.69213664662383,21190.0,0
air fryer India,Sony air fryer India Model 915,21233.0,4.6,57,croma,2 days,Sony,Premium,18.678037848513526,21233.0,0
air fryer India,Philips air fryer India Model 596,21238.0,4.8,2607,flipkart,free delivery,Philips,Premium,37.75842683062341,21238.0,0
office chair ergonomic,Nike office chair ergonomic Model 944,21252.0,3.0,3789,reliance digital,2 days,Nike,Premium,24.720363894229415,21252.0,0
men running shoes,Sony men running shoes Model 823,21290.5,3.4,3112,flipkart,free delivery,Sony,Premium,27.347363379501466,21290.5,0
men running shoes,Philips men running shoes Model 827,21290.5,2.7,2023,flipkart,free delivery,Philips,Premium,20.554643782099863,21290.5,0
air fryer India,Dell air fryer India Model 326,21328.0,4.5,2894,amazon,2 days,Dell,Premium,35.86833175503193,21328.0,0
air fryer India,Nike air fryer India Model 186,21352.0,3.3,2849,croma,5 days,Nike,Premium,26.251745101766893,21352.0,0
microwave oven convection,HP microwave oven convection Model 705,21357.0,4.3,1751,amazon,2 days,HP,Premium,32.11460706743425,21357.0,0
power bank fast charging,HP power bank fast charging Model 829,21387.0,3.4,3884,reliance digital,5 days,HP,Premium,28.10058609352594,21387.0,0
power bank fast charging,Nike power bank fast charging Model 843,21420.0,4.5,465,flipkart,free delivery,Nike,Premium,27.648835353565406,21420.0,0
air fryer India,LG air fryer India Model 739,21483.0,4.4,1545,flipkart,free delivery,LG,Premium,32.31107540824841,21483.0,0
air fryer India,Samsung air fryer India Model 271,21550.0,3.0,2163,reliance digital,5 days,Samsung,Premium,23.039140919899115,21550.0,0
air fryer India,HP air fryer India Model 965,21550.0,3.4,3219,reliance digital,5 days,HP,Premium,27.46226457103074,21550.0,0
air fryer India,Sony air fryer India Model 459,21550.0,3.4,3674,reliance digital,5 days,Sony,Premium,27.911648599599584,21550.0,0
air fryer India,LG air fryer India Model 328,21550.0,3.9,2799,reliance digital,5 days,LG,Premium,30.95576131503685,21550.0,0
air fryer India,Nike air fryer India Model 396,21550.0,2.6,2792,reliance digital,5 days,Nike,Premium,20.630666071457462,21550.0,0
power bank fast charging,Sony power bank fast charging Model 905,21605.0,3.2,4282,flipkart,5 days,Sony,Premium,26.759708728369187,21605.0,0
power bank fast charging,Puma power bank fast charging Model 391,21690.0,3.2,3331,flipkart,2 days,Puma,Premium,25.956249610517546,21690.0,0
men running shoes,Boat men running shoes Model 359,21749.0,3.6,4967,croma,2 days,Boat,Premium,30.638781445007936,21749.0,0
men running shoes,LG men running shoes Model 786,21749.0,3.1,3910,croma,2 days,LG,Premium,25.641799961742098,21749.0,0
men running shoes,Sony men running shoes Model 605,21749.0,2.9,418,croma,2 days,Sony,Premium,17.509825667774198,21749.0,0
men running shoes,Dell men running shoes Model 708,21749.0,4.4,3471,croma,2 days,Dell,Premium,35.870938733433064,21749.0,0
microwave oven convection,Boat microwave oven convection Model 588,21830.0,4.0,126,croma,free delivery,Boat,Premium,19.376748345834365,21830.0,0
air fryer India,Philips air fryer India Model 717,21851.0,4.4,1283,reliance digital,2 days,Philips,Premium,31.49403613069959,21851.0,0
microwave oven convection,Boat microwave oven convection Model 156,22013.0,4.8,2137,croma,2 days,Boat,Premium,36.80460523960795,22013.0,0
men running shoes,HP men running shoes Model 608,22065.0,4.9,2727,amazon,free delivery,HP,Premium,38.76548769292043,22065.0,0
air fryer India,Samsung air fryer India Model 217,22083.0,4.2,4838,flipkart,5 days,Samsung,Premium,35.634746140531945,22083.0,0
air fryer India,Sony air fryer India Model 725,22083.0,2.5,3667,flipkart,5 days,Sony,Premium,20.518504583440887,22083.0,0
air fryer India,Philips air fryer India Model 269,22083.0,3.6,1770,flipkart,5 days,Philips,Premium,26.925478696018203,22083.0,0
air fryer India,Philips air fryer India Model 269,22083.0,3.6,3111,flipkart,5 days,Philips,Premium,28.95487518707382,22083.0,0
men running shoes,Puma men running shoes Model 151,22136.0,2.9,741,croma,free delivery,Puma,Premium,19.167112805185404,22136.0,0
men running shoes,HP men running shoes Model 980,22136.0,4.4,2269,croma,free delivery,HP,Premium,34.00115448609198,22136.0,0
men running shoes,Boat men running shoes Model 178,22136.0,4.9,2712,croma,free delivery,Boat,Premium,38.738470532028764,22136.0,0
men running shoes,Nike men running shoes Model 454,22178.5,3.6,2249,reliance digital,free delivery,Nike,Premium,27.78726778271448,22178.5,0
men running shoes,Philips men running shoes Model 473,22178.5,4.2,3085,reliance digital,free delivery,Philips,Premium,33.74545033827705,22178.5,0
men running shoes,Puma men running shoes Model 718,22178.5,2.7,3002,reliance digital,free delivery,Puma,Premium,21.61989108355499,22178.5,0
air fryer India,HP air fryer India Model 426,22209.0,4.0,1544,reliance digital,free delivery,HP,Premium,29.371116757327382,22209.0,0
men running shoes,Nike men running shoes Model 602,22310.0,3.8,255,croma,5 days,Nike,Premium,21.071674289022337,22310.0,0
air fryer India,Dell air fryer India Model 363,22353.0,4.0,641,flipkart,2 days,Dell,Premium,25.858353214759845,22353.0,0
air fryer India,Puma air fryer India Model 186,22353.0,3.8,1856,flipkart,2 days,Puma,Premium,28.601526733140282,22353.0,0
air fryer India,HP air fryer India Model 627,22353.0,4.0,4304,flipkart,2 days,HP,Premium,33.470129667447324,22353.0,0
air fryer India,HP air fryer India Model 624,22353.0,4.3,1573,flipkart,2 days,HP,Premium,31.653914344602597,22353.0,0
men running shoes,Nike men running shoes Model 539,22398.0,2.7,685,flipkart,2 days,Nike,Premium,17.63336959485989,22398.0,0
microwave oven convection,Dell microwave oven convection Model 732,22414.0,4.5,4065,flipkart,2 days,Dell,Premium,37.396867473847315,22414.0,0
men running shoes,Boat men running shoes Model 401,22525.0,4.4,3883,reliance digital,free delivery,Boat,Premium,36.36433164940935,22525.0,0
men running shoes,Samsung men running shoes Model 931,22549.0,2.9,2761,flipkart,5 days,Samsung,Premium,22.97875996851079,22549.0,0
power bank fast charging,HP power bank fast charging Model 322,22563.0,4.2,658,croma,free delivery,HP,Premium,27.26103884491053,22563.0,0
air fryer India,Dell air fryer India Model 609,22607.0,3.8,862,reliance digital,2 days,Dell,Premium,25.689575826117025,22607.0,0
air fryer India,Puma air fryer India Model 890,22607.0,3.3,2977,reliance digital,2 days,Puma,Premium,26.39672380370505,22607.0,0
air fryer India,Puma air fryer India Model 328,22632.0,4.8,2008,amazon,free delivery,Puma,Premium,36.505883351111684,22632.0,0
air fryer India,LG air fryer India Model 163,22657.0,3.8,3631,croma,5 days,LG,Premium,31.150647210940495,22657.0,0
power bank fast charging,Philips power bank fast charging Model 956,22658.0,4.3,4250,amazon,2 days,Philips,Premium,35.9261109719428,22658.0,0
men running shoes,Nike men running shoes Model 761,22667.0,4.7,1929,flipkart,free delivery,Nike,Premium,35.55679382492498,22667.0,0
men running shoes,Puma men running shoes Model 233,22667.0,4.2,4990,flipkart,free delivery,Puma,Premium,35.76464459177236,22667.0,0
microwave oven convection,LG microwave oven convection Model 410,22679.0,3.9,2444,reliance digital,free delivery,LG,Premium,30.427021567444992,22679.0,0
office chair ergonomic,Nike office chair ergonomic Model 830,22701.0,4.6,868,amazon,free delivery,Nike,Premium,31.129778376220802,22701.0,0
microwave oven convection,Nike microwave oven convection Model 519,22744.0,4.7,3824,flipkart,2 days,Nike,Premium,38.771774607424994,22744.0,0
microwave oven convection,Nike microwave oven convection Model 591,23074.0,4.1,4557,flipkart,2 days,Nike,Premium,34.54102076020308,23074.0,0
power bank fast charging,HP power bank fast charging Model 514,23139.0,3.5,3129,amazon,2 days,HP,Premium,28.170758992369695,23139.0,0
men running shoes,Puma men running shoes Model 761,23220.0,4.5,3713,flipkart,5 days,Puma,Premium,36.989391338606936,23220.0,0
microwave oven convection,Philips microwave oven convection Model 280,23316.0,2.5,1090,flipkart,2 days,Philips,Premium,17.487124964582677,23316.0,0
power bank fast charging,HP power bank fast charging Model 469,23432.0,3.3,2265,croma,2 days,HP,Premium,25.49504575724024,23432.0,0
microwave oven convection,LG microwave oven convection Model 304,23499.0,2.6,4843,amazon,2 days,LG,Premium,22.062289872149755,23499.0,0
microwave oven convection,Sony microwave oven convection Model 912,23503.0,4.0,1238,reliance digital,2 days,Sony,Premium,28.48823952651657,23503.0,0
microwave oven convection,LG microwave oven convection Model 469,23503.0,3.7,712,reliance digital,2 days,LG,Premium,24.307081255532896,23503.0,0
microwave oven convection,Samsung microwave oven convection Model 185,23503.0,3.2,4994,reliance digital,2 days,Samsung,Premium,27.251816611464495,23503.0,0
power bank fast charging,LG power bank fast charging Model 928,23555.0,4.9,506,flipkart,free delivery,LG,Premium,30.5197039175968,23555.0,0
air fryer India,HP air fryer India Model 320,23619.5,3.4,381,reliance digital,free delivery,HP,Premium,20.214430069262356,23619.5,0
air fryer India,Dell air fryer India Model 866,23619.5,4.9,1352,reliance digital,free delivery,Dell,Premium,35.32939017803686,23619.5,0
air fryer India,Boat air fryer India Model 706,23619.5,2.8,750,reliance digital,free delivery,Boat,Premium,18.539935824939576,23619.5,0
men running shoes,Puma men running shoes Model 666,23630.0,3.4,982,flipkart,5 days,Puma,Premium,23.428071008500364,23630.0,0
men running shoes,Dell men running shoes Model 244,23673.0,4.5,3927,croma,2 days,Dell,Premium,37.2414855126346,23673.0,0
office chair ergonomic,HP office chair ergonomic Model 603,23777.0,3.7,3241,croma,2 days,HP,Premium,29.910599098493797,23777.0,0
office chair ergonomic,Nike office chair ergonomic Model 462,23777.0,3.7,1783,croma,2 days,Nike,Premium,27.700469258617836,23777.0,0
office chair ergonomic,LG office chair ergonomic Model 572,23787.0,4.4,2192,croma,free delivery,LG,Premium,33.84931329303871,23787.0,0
office chair ergonomic,Puma office chair ergonomic Model 306,23833.0,2.6,293,flipkart,5 days,Puma,Premium,14.777307395080571,23833.0,0
microwave oven convection,Boat microwave oven convection Model 957,23854.0,4.8,3087,flipkart,5 days,Boat,Premium,38.5693387734944,23854.0,0
office chair ergonomic,Puma office chair ergonomic Model 906,23890.0,3.5,2464,reliance digital,2 days,Puma,Premium,27.334814802668767,23890.0,0
office chair ergonomic,Nike office chair ergonomic Model 620,23961.0,3.7,913,reliance digital,free delivery,Nike,Premium,25.225973114380356,23961.0,0
air fryer India,Nike air fryer India Model 635,23979.0,4.0,384,amazon,2 days,Nike,Premium,23.81297333715114,23979.0,0
power bank fast charging,Sony power bank fast charging Model 327,24058.0,4.6,251,croma,5 days,Sony,Premium,25.435373802552544,24058.0,0
microwave oven convection,Sony microwave oven convection Model 712,24110.0,3.0,2924,croma,free delivery,Sony,Premium,23.943149278997872,24110.0,0
microwave oven convection,Philips microwave oven convection Model 322,24110.0,4.2,3643,croma,free delivery,Philips,Premium,34.44351648519537,24110.0,0
power bank fast charging,HP power bank fast charging Model 709,24141.0,3.2,2688,croma,2 days,HP,Premium,25.270158900060366,24141.0,0
air fryer India,Philips air fryer India Model 777,24223.0,2.9,2765,reliance digital,5 days,Philips,Premium,22.982956785451638,24223.0,0
air fryer India,HP air fryer India Model 467,24241.0,3.6,2577,croma,5 days,HP,Premium,28.277169060596876,24241.0,0
office chair ergonomic,Samsung office chair ergonomic Model 750,24312.0,4.6,1105,amazon,2 days,Samsung,Premium,32.23912383757849,24312.0,0
air fryer India,Philips air fryer India Model 811,24354.0,2.7,3500,reliance digital,2 days,Philips,Premium,22.0341705865776,24354.0,0
air fryer India,Puma air fryer India Model 487,24376.0,2.7,2426,croma,2 days,Puma,Premium,21.044910255461826,24376.0,0
men running shoes,Puma men running shoes Model 575,24405.0,3.2,3131,reliance digital,free delivery,Puma,Premium,25.758166582754225,24405.0,0
microwave oven convection,Puma microwave oven convection Model 342,24507.0,2.7,389,amazon,5 days,Puma,Premium,16.10859619563397,24507.0,0
office chair ergonomic,Puma office chair ergonomic Model 360,24626.0,2.8,3256,croma,free delivery,Puma,Premium,22.647973054773452,24626.0,0
power bank fast charging,HP power bank fast charging Model 605,24658.0,4.1,2491,reliance digital,2 days,HP,Premium,32.06544760762011,24658.0,0
microwave oven convection,Samsung microwave oven convection Model 981,24681.0,4.6,2547,flipkart,5 days,Samsung,Premium,36.07809447678345,24681.0,0
men running shoes,Philips men running shoes Model 324,24783.0,3.0,1077,croma,2 days,Philips,Premium,20.948588254406825,24783.0,0
men running shoes,Nike men running shoes Model 543,24799.0,3.7,2416,flipkart,5 days,Nike,Premium,28.82404480860289,24799.0,0
men running shoes,Nike men running shoes Model 785,24799.0,3.4,246,flipkart,5 days,Nike,Premium,18.731920344535123,24799.0,0
air fryer India,Samsung air fryer India Model 320,25030.0,3.7,3449,reliance digital,free delivery,Samsung,Premium,30.140679187094,25030.0,0
power bank fast charging,Puma power bank fast charging Model 955,25138.0,4.7,1783,amazon,2 days,Puma,Premium,35.18708257175779,25138.0,0
power bank fast charging,Philips power bank fast charging Model 461,25138.0,3.1,4526,amazon,2 days,Philips,Premium,26.095225717051473,25138.0,0
power bank fast charging,LG power bank fast charging Model 344,25192.0,4.3,1871,flipkart,free delivery,LG,Premium,32.399479425261404,25192.0,0
men running shoes,Philips men running shoes Model 411,25279.0,3.4,2261,amazon,5 days,Philips,Premium,26.26161583269862,25279.0,0
office chair ergonomic,Sony office chair ergonomic Model 493,25335.0,3.5,252,croma,5 days,Sony,Premium,19.36686321054632,25335.0,0
microwave oven convection,HP microwave oven convection Model 563,25389.0,3.8,1359,flipkart,free delivery,HP,Premium,27.41791191917437,25389.0,0
microwave oven convection,LG microwave oven convection Model 323,25389.0,3.8,1494,flipkart,free delivery,LG,Premium,27.777549646134187,25389.0,0
office chair ergonomic,Dell office chair ergonomic Model 101,25401.0,3.0,3442,reliance digital,2 days,Dell,Premium,24.432295390015575,25401.0,0
office chair ergonomic,Nike office chair ergonomic Model 559,25401.0,3.7,3147,reliance digital,2 days,Nike,Premium,29.80173365528799,25401.0,0
microwave oven convection,Sony microwave oven convection Model 539,25404.0,3.3,3211,reliance digital,5 days,Sony,Premium,26.64634194771995,25404.0,0
office chair ergonomic,Dell office chair ergonomic Model 627,25413.0,4.4,1324,flipkart,5 days,Dell,Premium,31.632338049049423,25413.0,0
office chair ergonomic,HP office chair ergonomic Model 674,25437.0,3.0,2042,croma,2 days,HP,Premium,22.866523784452866,25437.0,0
air fryer India,Dell air fryer India Model 491,25496.0,3.4,2200,reliance digital,2 days,Dell,Premium,26.16866807718997,25496.0,0
microwave oven convection,Dell microwave oven convection Model 722,25560.0,4.3,844,reliance digital,free delivery,Dell,Premium,28.979147497635847,25560.0,0
men running shoes,HP men running shoes Model 164,25568.0,3.8,2404,croma,2 days,HP,Premium,29.584159693651472,25568.0,0
air fryer India,Dell air fryer India Model 250,25576.0,2.9,1041,flipkart,5 days,Dell,Premium,20.151801944708605,25576.0,0
men running shoes,Samsung men running shoes Model 420,25585.0,4.4,382,reliance digital,free delivery,Samsung,Premium,26.171353952394842,25585.0,0
air fryer India,Dell air fryer India Model 696,25678.0,3.3,1208,flipkart,free delivery,Dell,Premium,23.421911207028813,25678.0,0
air fryer India,LG air fryer India Model 168,25678.0,2.7,2233,flipkart,free delivery,LG,Premium,20.821182244998695,25678.0,0
air fryer India,Philips air fryer India Model 933,25678.0,4.7,4077,flipkart,free delivery,Philips,Premium,39.07280117033168,25678.0,0
air fryer India,Sony air fryer India Model 538,25678.0,4.0,39,flipkart,free delivery,Sony,Premium,14.755517816455745,25678.0,0
air fryer India,Dell air fryer India Model 426,25678.0,4.1,3123,flipkart,free delivery,Dell,Premium,32.99216499493426,25678.0,0
power bank fast charging,Samsung power bank fast charging Model 221,25707.5,2.7,4394,croma,5 days,Samsung,Premium,22.64820158732205,25707.5,0
power bank fast charging,Dell power bank fast charging Model 386,25796.5,4.2,962,reliance digital,free delivery,Dell,Premium,28.854224329552128,25796.5,0
microwave oven convection,Puma microwave oven convection Model 599,25806.0,4.3,2331,flipkart,free delivery,Puma,Premium,33.344270654122646,25806.0,0
air fryer India,Dell air fryer India Model 471,25906.0,2.8,2582,reliance digital,free delivery,Dell,Premium,21.99877902066835,25906.0,0
air fryer India,Samsung air fryer India Model 721,25932.5,3.7,4645,reliance digital,5 days,Samsung,Premium,31.24191907932231,25932.5,0
men running shoes,LG men running shoes Model 174,25956.0,3.7,4029,amazon,5 days,LG,Premium,30.715630123280697,25956.0,0
men running shoes,Sony men running shoes Model 630,25956.0,3.8,3445,amazon,5 days,Sony,Premium,30.950883784933925,25956.0,0
men running shoes,Dell men running shoes Model 209,25956.0,4.0,674,amazon,5 days,Dell,Premium,26.05885076349012,25956.0,0
power bank fast charging,LG power bank fast charging Model 649,26039.0,4.1,248,flipkart,2 days,LG,Premium,22.6215568755053,26039.0,0
office chair ergonomic,Sony office chair ergonomic Model 529,26090.0,4.7,2527,flipkart,2 days,Sony,Premium,36.82536364975372,26090.0,0
power bank fast charging,Philips power bank fast charging Model 367,26131.0,3.1,587,flipkart,5 days,Philips,Premium,19.767853538485745,26131.0,0
power bank fast charging,Nike power bank fast charging Model 679,26131.0,4.4,209,flipkart,5 days,Nike,Premium,23.527273135156864,26131.0,0
men running shoes,Dell men running shoes Model 980,26143.0,4.3,3563,amazon,free delivery,Dell,Premium,35.16814679094001,26143.0,0
air fryer India,Dell air fryer India Model 255,26154.0,3.4,1644,flipkart,free delivery,Dell,Premium,25.178685254878207,26154.0,0
power bank fast charging,Boat power bank fast charging Model 483,26374.0,4.4,2145,flipkart,2 days,Boat,Premium,33.753988062038836,26374.0,0
microwave oven convection,Nike microwave oven convection Model 557,26380.0,4.7,3235,flipkart,free delivery,Nike,Premium,37.9858384074384,26380.0,0
microwave oven convection,Sony microwave oven convection Model 764,26390.0,4.1,1905,croma,free delivery,Sony,Premium,30.966324545278002,26390.0,0
power bank fast charging,Samsung power bank fast charging Model 596,26397.0,3.3,1033,reliance digital,free delivery,Samsung,Premium,22.905927181725634,26397.0,0
men running shoes,Boat men running shoes Model 420,26404.0,3.9,718,croma,free delivery,Boat,Premium,25.65365929511208,26404.0,0
air fryer India,Nike air fryer India Model 150,26407.0,2.9,3910,reliance digital,free delivery,Nike,Premium,23.98749028679099,26407.0,0
microwave oven convection,Philips microwave oven convection Model 652,26565.0,2.6,3497,amazon,2 days,Philips,Premium,21.215861304504223,26565.0,0
air fryer India,HP air fryer India Model 947,26570.0,4.9,1076,croma,2 days,HP,Premium,34.21147991806631,26570.0,0
air fryer India,HP air fryer India Model 947,26570.0,4.9,1783,croma,2 days,HP,Premium,36.684405234385785,26570.0,0
men running shoes,HP men running shoes Model 563,26629.0,3.8,371,croma,free delivery,HP,Premium,22.491796646237955,26629.0,0
microwave oven convection,Dell microwave oven convection Model 714,26693.0,4.9,3601,croma,free delivery,Dell,Premium,40.12729817610592,26693.0,0
microwave oven convection,Philips microwave oven convection Model 925,26739.0,4.8,461,reliance digital,2 days,Philips,Premium,29.450711477192343,26739.0,0
power bank fast charging,Dell power bank fast charging Model 949,26802.0,2.9,3666,flipkart,free delivery,Dell,Premium,23.800674587406846,26802.0,0
office chair ergonomic,Samsung office chair ergonomic Model 945,26888.0,3.0,3165,amazon,free delivery,Samsung,Premium,24.18067272132287,26888.0,0
office chair ergonomic,Puma office chair ergonomic Model 101,26888.0,4.7,2219,amazon,free delivery,Puma,Premium,36.21473363187173,26888.0,0
office chair ergonomic,Philips office chair ergonomic Model 550,26888.0,4.6,2088,amazon,free delivery,Philips,Premium,35.1644275031602,26888.0,0
office chair ergonomic,LG office chair ergonomic Model 315,26888.0,2.5,517,amazon,free delivery,LG,Premium,15.624938105648706,26888.0,0
office chair ergonomic,Sony office chair ergonomic Model 630,26972.0,4.9,3572,reliance digital,free delivery,Sony,Premium,40.08768820431471,26972.0,0
office chair ergonomic,Samsung office chair ergonomic Model 816,26972.0,3.5,4253,reliance digital,free delivery,Samsung,Premium,29.24465248516064,26972.0,0
office chair ergonomic,Puma office chair ergonomic Model 834,26972.0,4.4,3119,reliance digital,free delivery,Puma,Premium,35.400588435535525,26972.0,0
men running shoes,Philips men running shoes Model 426,27021.0,3.8,2209,amazon,5 days,Philips,Premium,29.262841619144833,27021.0,0
microwave oven convection,Boat microwave oven convection Model 919,27029.0,4.6,4765,croma,5 days,Boat,Premium,38.95860822522996,27029.0,0
microwave oven convection,Philips microwave oven convection Model 381,27029.0,4.4,4638,croma,5 days,Philips,Premium,37.145918060907675,27029.0,0
microwave oven convection,Sony microwave oven convection Model 143,27040.0,3.5,3942,reliance digital,5 days,Sony,Premium,28.978939968571698,27040.0,0
microwave oven convection,Nike microwave oven convection Model 856,27091.0,4.1,277,croma,5 days,Nike,Premium,23.07324656613161,27091.0,0
men running shoes,Boat men running shoes Model 506,27212.0,3.1,797,croma,2 days,Boat,Premium,20.71453665209441,27212.0,0
office chair ergonomic,Boat office chair ergonomic Model 748,27212.0,3.0,2333,flipkart,free delivery,Boat,Premium,23.266016438539502,27212.0,0
office chair ergonomic,Puma office chair ergonomic Model 946,27326.0,4.4,3197,amazon,5 days,Puma,Premium,35.50923593093316,27326.0,0
power bank fast charging,Puma power bank fast charging Model 990,27357.0,3.7,1960,croma,5 days,Puma,Premium,28.05047635692648,27357.0,0
men running shoes,HP men running shoes Model 244,27366.0,4.7,171,amazon,5 days,HP,Premium,24.193224041023228,27366.0,0
office chair ergonomic,Philips office chair ergonomic Model 358,27382.0,4.2,2911,amazon,5 days,Philips,Premium,33.50170071912962,27382.0,0
microwave oven convection,Dell microwave oven convection Model 363,27413.0,3.1,1596,flipkart,2 days,Dell,Premium,22.86523465946654,27413.0,0
power bank fast charging,Dell power bank fast charging Model 852,27435.0,4.3,1773,amazon,free delivery,Dell,Premium,32.168266300338956,27435.0,0
office chair ergonomic,Philips office chair ergonomic Model 798,27544.0,3.6,1535,flipkart,5 days,Philips,Premium,26.412972889347426,27544.0,0
office chair ergonomic,Nike office chair ergonomic Model 962,27544.0,4.6,2246,flipkart,5 days,Nike,Premium,35.499815852052514,27544.0,0
office chair ergonomic,Dell office chair ergonomic Model 771,27544.0,4.4,923,flipkart,5 days,Dell,Premium,30.046333115223412,27544.0,0
office chair ergonomic,Dell office chair ergonomic Model 968,27549.0,3.7,1702,amazon,2 days,Dell,Premium,27.52854271845195,27549.0,0
air fryer India,Samsung air fryer India Model 992,27560.0,4.8,982,flipkart,free delivery,Samsung,Premium,33.0749237767064,27560.0,0
air fryer India,HP air fryer India Model 794,27642.0,4.9,22,reliance digital,5 days,HP,Premium,15.363921658052835,27642.0,0
men running shoes,Sony men running shoes Model 620,27675.0,2.8,2671,flipkart,2 days,Sony,Premium,22.0936310970383,27675.0,0
men running shoes,Samsung men running shoes Model 267,27684.0,4.4,2165,flipkart,5 days,Samsung,Premium,33.79480468126812,27684.0,0
microwave oven convection,Puma microwave oven convection Model 387,27730.0,2.7,3521,croma,5 days,Puma,Premium,22.05031758045161,27730.0,0
office chair ergonomic,LG office chair ergonomic Model 482,27778.0,3.7,1253,flipkart,2 days,LG,Premium,26.396146768413608,27778.0,0
microwave oven convection,Philips microwave oven convection Model 209,27815.0,3.2,4406,reliance digital,5 days,Philips,Premium,26.851038287494358,27815.0,0
power bank fast charging,Nike power bank fast charging Model 179,27819.0,4.4,4685,croma,5 days,Nike,Premium,37.190272323898064,27819.0,0
men running shoes,Puma men running shoes Model 582,28024.0,3.4,80,flipkart,free delivery,Puma,Premium,14.941127125886293,28024.0,0
air fryer India,Nike air fryer India Model 172,28087.0,4.2,2788,croma,free delivery,Nike,Premium,33.320441228035456,28087.0,0
air fryer India,Nike air fryer India Model 672,28104.5,2.6,1638,amazon,free delivery,Nike,Premium,19.24478810473396,28104.5,0
power bank fast charging,Dell power bank fast charging Model 966,28133.0,4.4,2950,flipkart,free delivery,Dell,Premium,35.15555724974894,28133.0,0
power bank fast charging,Philips power bank fast charging Model 642,28225.0,4.6,2579,reliance digital,2 days,Philips,Premium,36.135505518412046,28225.0,0
microwave oven convection,Samsung microwave oven convection Model 788,28251.0,3.3,4604,amazon,free delivery,Samsung,Premium,27.835163230675043,28251.0,0
office chair ergonomic,Puma office chair ergonomic Model 336,28269.0,3.3,4418,flipkart,2 days,Puma,Premium,27.69910672693144,28269.0,0
air fryer India,Dell air fryer India Model 786,28304.0,4.4,2261,reliance digital,2 days,Dell,Premium,33.98562048937469,28304.0,0
air fryer India,Samsung air fryer India Model 307,28309.0,3.7,2822,reliance digital,5 days,Samsung,Premium,29.39855508453791,28309.0,0
microwave oven convection,Puma microwave oven convection Model 321,28313.0,3.5,4186,reliance digital,free delivery,Puma,Premium,29.189089181067,28313.0,0
office chair ergonomic,Philips office chair ergonomic Model 756,28361.0,3.7,159,reliance digital,free delivery,Philips,Premium,18.77814311636516,28361.0,0
men running shoes,Boat men running shoes Model 581,28385.0,2.9,3362,amazon,2 days,Boat,Premium,23.54970726404678,28385.0,0
office chair ergonomic,Sony office chair ergonomic Model 515,28389.0,4.6,685,croma,free delivery,Sony,Premium,30.042037087539068,28389.0,0
air fryer India,LG air fryer India Model 520,28421.0,4.6,2786,reliance digital,5 days,LG,Premium,36.490516726416956,28421.0,0
air fryer India,HP air fryer India Model 607,28433.0,3.6,2110,amazon,2 days,HP,Premium,27.557701372253952,28433.0,0
office chair ergonomic,Boat office chair ergonomic Model 172,28498.0,4.0,4784,reliance digital,free delivery,Boat,Premium,33.892965215548216,28498.0,0
air fryer India,LG air fryer India Model 152,28647.0,3.9,3757,flipkart,5 days,LG,Premium,32.1034045018963,28647.0,0
power bank fast charging,Puma power bank fast charging Model 349,28673.0,4.0,1584,amazon,2 days,Puma,Premium,29.473358745245523,28673.0,0
air fryer India,Dell air fryer India Model 521,28686.0,5.0,640,flipkart,free delivery,Dell,Premium,32.31514728460335,28686.0,0
office chair ergonomic,Philips office chair ergonomic Model 808,28743.0,5.0,3347,amazon,2 days,Philips,Premium,40.58059215804683,28743.0,0
air fryer India,Puma air fryer India Model 363,28760.0,4.9,1266,reliance digital,free delivery,Puma,Premium,35.007595183573585,28760.0,0
office chair ergonomic,Sony office chair ergonomic Model 955,28760.0,3.6,2169,flipkart,2 days,Sony,Premium,27.65693680752422,28760.0,0
microwave oven convection,Philips microwave oven convection Model 565,28852.0,3.8,4195,flipkart,free delivery,Philips,Premium,31.69917048416151,28852.0,0
power bank fast charging,LG power bank fast charging Model 917,28909.0,4.2,589,reliance digital,2 days,LG,Premium,26.796514654979013,28909.0,0
men running shoes,Philips men running shoes Model 904,28926.0,3.2,4894,amazon,2 days,Philips,Premium,27.187102575886755,28926.0,0
power bank fast charging,LG power bank fast charging Model 330,28981.0,3.8,4349,croma,2 days,LG,Premium,31.836138271514372,28981.0,0
power bank fast charging,HP power bank fast charging Model 949,29252.5,3.6,4390,reliance digital,2 days,HP,Premium,30.19432417402218,29252.5,0
power bank fast charging,Philips power bank fast charging Model 553,29281.0,4.6,1856,flipkart,free delivery,Philips,Premium,34.622900782222445,29281.0,0
power bank fast charging,Samsung power bank fast charging Model 316,29321.0,3.8,2779,amazon,5 days,Samsung,Premium,30.13478358540179,29321.0,0
men running shoes,Boat men running shoes Model 882,29336.0,2.8,199,flipkart,5 days,Boat,Premium,14.835288626334501,29336.0,0
office chair ergonomic,Nike office chair ergonomic Model 771,29337.0,3.6,1541,flipkart,free delivery,Nike,Premium,26.427007994843787,29337.0,0
men running shoes,Sony men running shoes Model 922,29370.0,4.6,1501,amazon,free delivery,Sony,Premium,33.646943028690764,29370.0,0
office chair ergonomic,Sony office chair ergonomic Model 491,29394.0,3.0,485,flipkart,5 days,Sony,Premium,18.55862587170148,29394.0,0
microwave oven convection,Dell microwave oven convection Model 150,29474.0,2.5,3901,croma,2 days,Dell,Premium,20.67311130295764,29474.0,0
office chair ergonomic,Philips office chair ergonomic Model 400,29559.5,4.6,3440,flipkart,5 days,Philips,Premium,37.46018006666841,29559.5,0
office chair ergonomic,Philips office chair ergonomic Model 798,29559.5,3.6,1257,flipkart,5 days,Philips,Premium,25.694202374137387,29559.5,0
office chair ergonomic,LG office chair ergonomic Model 249,29559.5,4.5,4364,flipkart,5 days,LG,Premium,37.716180607231664,29559.5,0
power bank fast charging,Sony power bank fast charging Model 747,29596.0,4.3,934,reliance digital,2 days,Sony,Premium,29.414350075941353,29596.0,0
microwave oven convection,Samsung microwave oven convection Model 126,29631.0,3.6,531,amazon,2 days,Samsung,Premium,22.59591656162992,29631.0,0
men running shoes,HP men running shoes Model 331,29643.0,4.6,359,reliance digital,2 days,HP,Premium,27.076078544670715,29643.0,0
power bank fast charging,Boat power bank fast charging Model 977,29650.0,3.3,2070,amazon,5 days,Boat,Premium,25.198096642605428,29650.0,0
power bank fast charging,Philips power bank fast charging Model 285,29650.0,3.0,2704,amazon,5 days,Philips,Premium,23.708571573841745,29650.0,0
power bank fast charging,HP power bank fast charging Model 251,29650.0,4.0,2211,amazon,5 days,HP,Premium,30.806609450568903,29650.0,0
microwave oven convection,Nike microwave oven convection Model 828,29703.0,2.6,3912,croma,2 days,Nike,Premium,21.50735501774707,29703.0,0
microwave oven convection,Sony microwave oven convection Model 895,29727.0,4.5,4979,croma,2 days,Sony,Premium,38.30933326508414,29727.0,0
microwave oven convection,Dell microwave oven convection Model 261,29727.0,4.5,729,croma,2 days,Dell,Premium,29.668700403640965,29727.0,0
air fryer India,Nike air fryer India Model 718,29744.0,4.3,767,croma,5 days,Nike,Premium,28.56829585253499,29744.0,0
men running shoes,HP men running shoes Model 129,29804.5,4.5,3287,flipkart,5 days,HP,Premium,36.44115640279232,29804.5,0
men running shoes,Philips men running shoes Model 376,29804.5,4.4,2555,flipkart,5 days,Philips,Premium,34.52327478818867,29804.5,0
office chair ergonomic,LG office chair ergonomic Model 721,29876.0,4.9,2562,croma,free delivery,LG,Premium,38.45977525918395,29876.0,0
office chair ergonomic,Boat office chair ergonomic Model 649,30063.5,4.4,4972,reliance digital,5 days,Boat,Premium,37.45182565834485,30063.5,0
microwave oven convection,HP microwave oven convection Model 412,30081.0,3.1,1743,croma,free delivery,HP,Premium,23.138203473853668,30081.0,0
men running shoes,LG men running shoes Model 145,30111.0,3.1,702,reliance digital,free delivery,LG,Premium,20.32160636461306,30111.0,0
men running shoes,Dell men running shoes Model 652,30140.0,2.9,807,reliance digital,5 days,Dell,Premium,19.414229969711176,30140.0,0
microwave oven convection,LG microwave oven convection Model 606,30148.0,2.7,4899,croma,5 days,LG,Premium,22.94187430706654,30148.0,0
microwave oven convection,LG microwave oven convection Model 479,30190.0,3.6,1335,amazon,5 days,LG,Premium,25.910767274747727,30190.0,0
microwave oven convection,Boat microwave oven convection Model 107,30190.0,3.4,4732,amazon,5 days,Boat,Premium,28.771869401681244,30190.0,0
microwave oven convection,Puma microwave oven convection Model 551,30190.0,2.7,4482,amazon,5 days,Puma,Premium,22.70172890921969,30190.0,0
microwave oven convection,LG microwave oven convection Model 518,30190.0,3.5,2553,amazon,5 days,LG,Premium,27.458956128073698,30190.0,0
air fryer India,Puma air fryer India Model 349,30268.0,4.2,3941,croma,free delivery,Puma,Premium,34.7736626483932,30268.0,0
men running shoes,Dell men running shoes Model 106,30345.0,4.7,1355,amazon,free delivery,Dell,Premium,33.8977840019516,30345.0,0
men running shoes,HP men running shoes Model 454,30364.0,3.8,660,amazon,5 days,HP,Premium,24.676264591436404,30364.0,0
power bank fast charging,HP power bank fast charging Model 832,30429.0,4.4,4501,flipkart,free delivery,HP,Premium,37.01401889445338,30429.0,0
office chair ergonomic,Boat office chair ergonomic Model 957,30490.0,2.9,4951,flipkart,5 days,Boat,Premium,24.67188576165685,30490.0,0
microwave oven convection,HP microwave oven convection Model 129,30496.0,3.9,4979,amazon,5 days,HP,Premium,33.20142216307292,30496.0,0
power bank fast charging,HP power bank fast charging Model 527,30519.0,4.9,4510,reliance digital,2 days,HP,Premium,41.229943273301146,30519.0,0
microwave oven convection,Sony microwave oven convection Model 163,30641.0,4.0,3963,flipkart,free delivery,Sony,Premium,33.140035581799516,30641.0,0
power bank fast charging,HP power bank fast charging Model 745,30753.0,4.6,884,reliance digital,2 days,HP,Premium,31.213703167036474,30753.0,0
air fryer India,Boat air fryer India Model 433,30954.0,4.2,746,amazon,5 days,Boat,Premium,27.787473777557835,30954.0,0
air fryer India,Philips air fryer India Model 978,30954.0,5.0,843,amazon,5 days,Philips,Premium,33.690762472979785,30954.0,0
air fryer India,LG air fryer India Model 404,30954.0,3.4,4079,amazon,5 days,LG,Premium,28.267097709153905,30954.0,0
air fryer India,LG air fryer India Model 409,30972.0,3.5,2526,croma,5 days,LG,Premium,27.42175837585868,30972.0,0
microwave oven convection,Philips microwave oven convection Model 970,30993.0,3.6,387,amazon,5 days,Philips,Premium,21.459619222643784,30993.0,0
microwave oven convection,Boat microwave oven convection Model 757,30993.0,4.1,3765,amazon,5 days,Boat,Premium,33.758451707790094,30993.0,0
microwave oven convection,Boat microwave oven convection Model 458,30993.0,3.1,1093,amazon,5 days,Boat,Premium,21.692547547243972,30993.0,0
microwave oven convection,LG microwave oven convection Model 878,30993.0,2.8,2854,amazon,5 days,LG,Premium,22.27911594185231,30993.0,0
men running shoes,LG men running shoes Model 265,31009.0,3.1,506,reliance digital,2 days,LG,Premium,19.308384111132668,31009.0,0
power bank fast charging,Philips power bank fast charging Model 373,31026.0,4.5,2471,reliance digital,2 days,Philips,Premium,35.15752268359911,31026.0,0
office chair ergonomic,Samsung office chair ergonomic Model 398,31075.0,4.7,1146,amazon,free delivery,Samsung,Premium,33.111054050508045,31075.0,0
air fryer India,Philips air fryer India Model 632,31084.0,3.1,741,amazon,2 days,Philips,Premium,20.48898265381888,31084.0,0
air fryer India,Samsung air fryer India Model 896,31084.0,3.2,2853,amazon,2 days,Samsung,Premium,25.460725753717703,31084.0,0
air fryer India,HP air fryer India Model 426,31084.0,3.2,1962,amazon,2 days,HP,Premium,24.263133421684678,31084.0,0
men running shoes,Nike men running shoes Model 627,31099.0,3.8,3192,reliance digital,2 days,Nike,Premium,30.661121532316166,31099.0,0
men running shoes,LG men running shoes Model 114,31099.0,2.7,2202,reliance digital,2 days,LG,Premium,20.783453436366326,31099.0,0
men running shoes,Samsung men running shoes Model 677,31281.0,3.2,1859,amazon,5 days,Samsung,Premium,24.09066165346319,31281.0,0
men running shoes,Philips men running shoes Model 277,31389.0,4.3,4321,croma,5 days,Philips,Premium,35.99733620938738,31389.0,0
air fryer India,Samsung air fryer India Model 438,31390.0,4.6,1497,flipkart,free delivery,Samsung,Premium,33.63467635475495,31390.0,0
air fryer India,Boat air fryer India Model 227,31390.0,2.8,1021,flipkart,free delivery,Boat,Premium,19.402646958138217,31390.0,0
air fryer India,Puma air fryer India Model 882,31390.0,4.0,4009,flipkart,free delivery,Puma,Premium,33.18618608120246,31390.0,0
office chair ergonomic,HP office chair ergonomic Model 112,31474.0,3.0,4517,croma,free delivery,HP,Premium,25.247474091083845,31474.0,0
microwave oven convection,HP microwave oven convection Model 573,31490.0,3.1,3081,amazon,2 days,HP,Premium,24.90333544922819,31490.0,0
men running shoes,Samsung men running shoes Model 646,31537.0,4.0,2188,flipkart,free delivery,Samsung,Premium,30.76480039009145,31537.0,0
office chair ergonomic,Philips office chair ergonomic Model 666,31575.0,5.0,1871,reliance digital,2 days,Philips,Premium,37.673813285187684,31575.0,0
men running shoes,Nike men running shoes Model 347,31724.0,3.1,612,reliance digital,2 days,Nike,Premium,19.896931301402258,31724.0,0
air fryer India,Nike air fryer India Model 194,31793.0,3.9,2201,amazon,5 days,Nike,Premium,30.01877313740224,31793.0,0
men running shoes,Dell men running shoes Model 200,31794.0,4.0,354,amazon,2 days,Dell,Premium,23.488471157901664,31794.0,0
air fryer India,Boat air fryer India Model 677,31799.0,4.5,1392,flipkart,2 days,Boat,Premium,32.57646738200913,31799.0,0
microwave oven convection,LG microwave oven convection Model 351,31911.0,4.4,2073,reliance digital,2 days,LG,Premium,33.603831310673684,31911.0,0
men running shoes,Puma men running shoes Model 682,31925.0,4.1,504,flipkart,5 days,Puma,Premium,25.520689560028973,31925.0,0
men running shoes,Dell men running shoes Model 919,32059.0,4.1,692,amazon,2 days,Dell,Premium,26.8182229966786,32059.0,0
power bank fast charging,Nike power bank fast charging Model 824,32123.0,4.1,3827,croma,free delivery,Nike,Premium,33.82540078554866,32123.0,0
power bank fast charging,Philips power bank fast charging Model 829,32123.0,2.6,1456,croma,free delivery,Philips,Premium,18.938750496107534,32123.0,0
power bank fast charging,HP power bank fast charging Model 782,32123.0,2.6,4498,croma,free delivery,HP,Premium,21.870187114987047,32123.0,0
office chair ergonomic,Dell office chair ergonomic Model 875,32126.0,3.2,3250,reliance digital,5 days,Dell,Premium,25.8774973449725,32126.0,0
air fryer India,Samsung air fryer India Model 897,32149.0,3.9,1417,flipkart,free delivery,Samsung,Premium,28.302310557659084,32149.0,0
power bank fast charging,LG power bank fast charging Model 610,32170.0,3.4,852,reliance digital,free delivery,LG,Premium,22.94578246147171,32170.0,0
power bank fast charging,Boat power bank fast charging Model 237,32170.0,4.1,4794,reliance digital,free delivery,Boat,Premium,34.748848848001906,32170.0,0
power bank fast charging,HP power bank fast charging Model 834,32170.0,4.8,2734,reliance digital,free delivery,HP,Premium,37.98665623130919,32170.0,0
power bank fast charging,Nike power bank fast charging Model 112,32170.0,4.9,1869,reliance digital,free delivery,Nike,Premium,36.9150991782583,32170.0,0
power bank fast charging,Samsung power bank fast charging Model 126,32170.0,4.7,3626,reliance digital,free delivery,Samsung,Premium,38.52195735462964,32170.0,0
power bank fast charging,LG power bank fast charging Model 549,32260.0,4.7,1850,reliance digital,5 days,LG,Premium,35.36036216909544,32260.0,0
microwave oven convection,Dell microwave oven convection Model 367,32317.0,3.6,434,amazon,free delivery,Dell,Premium,21.871245711919265,32317.0,0
men running shoes,Dell men running shoes Model 598,32326.0,4.8,3889,croma,2 days,Dell,Premium,39.677589295739956,32326.0,0
office chair ergonomic,Puma office chair ergonomic Model 795,32346.0,3.7,15,flipkart,5 days,Puma,Premium,10.25857827228719,32346.0,0
power bank fast charging,Sony power bank fast charging Model 531,32369.0,2.6,2525,flipkart,free delivery,Sony,Premium,20.369419987567134,32369.0,0
air fryer India,Philips air fryer India Model 250,32487.0,4.5,2194,reliance digital,free delivery,Philips,Premium,34.622717964791725,32487.0,0
men running shoes,LG men running shoes Model 951,32489.0,4.7,1071,croma,2 days,LG,Premium,32.793222305664514,32489.0,0
microwave oven convection,Puma microwave oven convection Model 672,32574.0,4.0,4159,reliance digital,2 days,Puma,Premium,33.33308141302123,32574.0,0
air fryer India,HP air fryer India Model 138,32579.0,4.6,1009,amazon,5 days,HP,Premium,31.821445805242398,32579.0,0
power bank fast charging,Boat power bank fast charging Model 718,32604.0,3.8,2491,croma,free delivery,Boat,Premium,29.719195343647904,32604.0,0
power bank fast charging,Samsung power bank fast charging Model 402,32604.0,3.9,3070,croma,free delivery,Samsung,Premium,31.316058229719207,32604.0,0
air fryer India,Puma air fryer India Model 888,32658.0,3.4,3151,reliance digital,free delivery,Puma,Premium,27.389694333324414,32658.0,0
microwave oven convection,Puma microwave oven convection Model 925,32710.0,3.1,3780,reliance digital,2 days,Puma,Premium,25.53700579206189,32710.0,0
microwave oven convection,Samsung microwave oven convection Model 810,32746.5,3.3,105,croma,free delivery,Samsung,Premium,15.38934901056982,32746.5,0
microwave oven convection,Nike microwave oven convection Model 875,32746.5,2.7,221,croma,free delivery,Nike,Premium,14.587228931055154,32746.5,0
office chair ergonomic,Sony office chair ergonomic Model 904,32777.0,4.4,774,croma,free delivery,Sony,Premium,29.27259732915473,32777.0,0
air fryer India,Philips air fryer India Model 486,32783.0,3.0,3444,reliance digital,free delivery,Philips,Premium,24.434037550343277,32783.0,0
office chair ergonomic,Philips office chair ergonomic Model 629,32891.0,3.5,2641,flipkart,free delivery,Philips,Premium,27.577520197787948,32891.0,0
power bank fast charging,Sony power bank fast charging Model 154,33036.0,3.9,3288,reliance digital,free delivery,Sony,Premium,31.58352150013732,33036.0,0
office chair ergonomic,Philips office chair ergonomic Model 883,33161.0,3.4,3442,amazon,2 days,Philips,Premium,27.68993477535098,33161.0,0
air fryer India,LG air fryer India Model 348,33206.5,4.3,806,reliance digital,free delivery,LG,Premium,28.78129177356078,33206.5,0
men running shoes,Philips men running shoes Model 842,33315.0,3.7,1768,amazon,free delivery,Philips,Premium,27.669227868391207,33315.0,0
power bank fast charging,Sony power bank fast charging Model 453,33355.0,3.6,1888,amazon,5 days,Sony,Premium,27.157690323005433,33355.0,0
air fryer India,Boat air fryer India Model 535,33365.0,3.6,1179,amazon,5 days,Boat,Premium,25.463770982854957,33365.0,0
men running shoes,Samsung men running shoes Model 565,33380.0,2.6,2274,reliance digital,5 days,Samsung,Premium,20.09731186160113,33380.0,0
air fryer India,LG air fryer India Model 520,33415.0,3.3,1279,croma,2 days,LG,Premium,23.610230677815085,33415.0,0
air fryer India,Puma air fryer India Model 736,33415.0,3.5,2305,croma,2 days,Puma,Premium,27.101443952901516,33415.0,0
air fryer India,Samsung air fryer India Model 509,33415.0,3.7,418,croma,2 days,Samsung,Premium,22.34012240371191,33415.0,0
office chair ergonomic,Samsung office chair ergonomic Model 268,33453.0,3.8,1147,reliance digital,free delivery,Samsung,Premium,26.77395099214214,33453.0,0
office chair ergonomic,Nike office chair ergonomic Model 994,33453.0,4.3,1126,reliance digital,free delivery,Nike,Premium,30.21745241037104,33453.0,0
power bank fast charging,Boat power bank fast charging Model 924,33465.0,3.0,939,amazon,5 days,Boat,Premium,20.53763962579215,33465.0,0
power bank fast charging,Philips power bank fast charging Model 713,33479.0,3.5,1868,croma,5 days,Philips,Premium,26.36605582609447,33479.0,0
air fryer India,Dell air fryer India Model 962,33577.0,2.9,991,amazon,free delivery,Dell,Premium,20.00919701112613,33577.0,0
air fryer India,LG air fryer India Model 811,33630.0,4.0,1597,reliance digital,free delivery,LG,Premium,29.50603250530488,33630.0,0
office chair ergonomic,Boat office chair ergonomic Model 306,33632.0,3.7,803,reliance digital,2 days,Boat,Premium,24.751517295962177,33632.0,0
microwave oven convection,Puma microwave oven convection Model 583,33632.0,4.5,2177,reliance digital,free delivery,Puma,Premium,34.58773036571807,33632.0,0
office chair ergonomic,Nike office chair ergonomic Model 138,33684.0,4.1,4006,croma,5 days,Nike,Premium,34.01277225360819,33684.0,0
microwave oven convection,Philips microwave oven convection Model 214,33691.0,2.5,343,reliance digital,free delivery,Philips,Premium,14.601604143433494,33691.0,0
microwave oven convection,Sony microwave oven convection Model 900,33691.0,3.9,2177,reliance digital,free delivery,Sony,Premium,29.976032983622332,33691.0,0
air fryer India,Nike air fryer India Model 470,33735.0,2.7,1710,amazon,2 days,Nike,Premium,20.101049839508924,33735.0,0
microwave oven convection,Nike microwave oven convection Model 989,33750.0,3.1,4457,reliance digital,free delivery,Nike,Premium,26.047612093232022,33750.0,0
office chair ergonomic,Nike office chair ergonomic Model 173,33852.0,4.4,3965,amazon,2 days,Nike,Premium,36.45625855995087,33852.0,0
office chair ergonomic,Sony office chair ergonomic Model 805,33876.0,4.2,4729,flipkart,2 days,Sony,Premium,35.539058022241115,33876.0,0
men running shoes,Samsung men running shoes Model 658,33900.0,4.0,458,reliance digital,5 days,Samsung,Premium,24.51620084024218,33900.0,0
office chair ergonomic,Nike office chair ergonomic Model 210,34006.0,4.6,2854,flipkart,free delivery,Nike,Premium,36.60140476161451,34006.0,0
office chair ergonomic,Puma office chair ergonomic Model 984,34006.0,4.6,2494,flipkart,free delivery,Puma,Premium,35.98140243765385,34006.0,0
power bank fast charging,Samsung power bank fast charging Model 321,34057.0,4.5,3652,amazon,5 days,Samsung,Premium,36.91486812057877,34057.0,0
air fryer India,Philips air fryer India Model 969,34115.0,3.7,2589,reliance digital,2 days,Philips,Premium,29.079828672366258,34115.0,0
power bank fast charging,HP power bank fast charging Model 573,34168.0,4.3,1223,flipkart,2 days,HP,Premium,30.572481691210765,34168.0,0
power bank fast charging,Dell power bank fast charging Model 883,34235.0,2.7,200,reliance digital,free delivery,Dell,Premium,14.318923251759506,34235.0,0
men running shoes,Nike men running shoes Model 219,34253.0,3.6,841,flipkart,5 days,Nike,Premium,24.248808051272377,34253.0,0
power bank fast charging,Puma power bank fast charging Model 759,34266.5,4.9,4497,reliance digital,5 days,Puma,Premium,41.21580184934439,34266.5,0
power bank fast charging,Samsung power bank fast charging Model 560,34266.5,3.9,3606,reliance digital,5 days,Samsung,Premium,31.943463555523802,34266.5,0
power bank fast charging,Samsung power bank fast charging Model 407,34266.5,3.0,384,reliance digital,5 days,Samsung,Premium,17.859730002863355,34266.5,0
men running shoes,Puma men running shoes Model 319,34307.0,4.1,1256,flipkart,free delivery,Puma,Premium,29.259581155220012,34307.0,0
power bank fast charging,Puma power bank fast charging Model 707,34331.0,3.9,662,amazon,5 days,Puma,Premium,25.337422461724863,34331.0,0
air fryer India,Nike air fryer India Model 609,34421.0,2.8,660,amazon,free delivery,Nike,Premium,18.18251075158472,34421.0,0
microwave oven convection,Sony microwave oven convection Model 718,34513.5,4.0,1163,croma,5 days,Sony,Premium,28.23847051316553,34513.5,0
microwave oven convection,Dell microwave oven convection Model 822,34513.5,2.8,4732,croma,5 days,Dell,Premium,23.694480683737492,34513.5,0
power bank fast charging,LG power bank fast charging Model 664,34516.0,4.0,2812,amazon,free delivery,LG,Premium,31.768027233959426,34516.0,0
power bank fast charging,HP power bank fast charging Model 312,34695.0,3.4,3977,reliance digital,free delivery,HP,Premium,28.18101716200732,34695.0,0
office chair ergonomic,Philips office chair ergonomic Model 378,34748.0,3.6,3627,flipkart,2 days,Philips,Premium,29.5071725204461,34748.0,0
air fryer India,Dell air fryer India Model 323,34760.0,4.2,2520,croma,2 days,Dell,Premium,32.89612589418926,34760.0,0
microwave oven convection,HP microwave oven convection Model 161,34850.0,4.7,1498,amazon,5 days,HP,Premium,34.36900144108221,34850.0,0
men running shoes,LG men running shoes Model 770,34889.0,3.4,51,amazon,5 days,LG,Premium,13.434228643176853,34889.0,0
men running shoes,Boat men running shoes Model 488,34899.0,4.3,2120,amazon,5 days,Boat,Premium,32.93646470462813,34899.0,0
power bank fast charging,Philips power bank fast charging Model 528,34919.0,2.6,3719,amazon,5 days,Philips,Premium,21.3758452628947,34919.0,0
office chair ergonomic,Samsung office chair ergonomic Model 854,34925.0,3.2,4401,reliance digital,5 days,Samsung,Premium,26.847405638676506,34925.0,0
office chair ergonomic,LG office chair ergonomic Model 643,34925.0,3.3,3552,reliance digital,5 days,LG,Premium,26.979307066869385,34925.0,0
office chair ergonomic,Philips office chair ergonomic Model 390,34925.0,3.2,2563,reliance digital,5 days,Philips,Premium,25.117836217729796,34925.0,0
office chair ergonomic,Philips office chair ergonomic Model 288,34925.0,3.6,4383,reliance digital,5 days,Philips,Premium,30.188580583060265,34925.0,0
air fryer India,Boat air fryer India Model 950,35032.0,3.9,2261,reliance digital,2 days,Boat,Premium,30.123618161036653,35032.0,0
men running shoes,HP men running shoes Model 157,35128.0,4.7,2310,reliance digital,2 days,HP,Premium,36.403547368289594,35128.0,0
power bank fast charging,Sony power bank fast charging Model 220,35128.0,4.3,1617,amazon,5 days,Sony,Premium,31.772468219759276,35128.0,0
power bank fast charging,Dell power bank fast charging Model 326,35283.0,3.8,4008,amazon,2 days,Dell,Premium,31.525929028041528,35283.0,0
office chair ergonomic,Nike office chair ergonomic Model 852,35292.0,2.6,2280,reliance digital,2 days,Nike,Premium,20.104159977939407,35292.0,0
office chair ergonomic,Dell office chair ergonomic Model 330,35292.0,2.7,4225,reliance digital,2 days,Dell,Premium,22.54233023507521,35292.0,0
power bank fast charging,Sony power bank fast charging Model 101,35363.0,4.4,2354,amazon,free delivery,Sony,Premium,34.16290242838228,35363.0,0
power bank fast charging,Dell power bank fast charging Model 417,35395.0,3.5,1552,flipkart,free delivery,Dell,Premium,25.717803381020403,35395.0,0
power bank fast charging,LG power bank fast charging Model 249,35395.0,2.8,2046,flipkart,free delivery,LG,Premium,21.34756563985161,35395.0,0
office chair ergonomic,Sony office chair ergonomic Model 269,35424.0,3.8,886,amazon,5 days,Sony,Premium,25.7938109327764,35424.0,0
microwave oven convection,Sony microwave oven convection Model 873,35455.0,3.7,2825,flipkart,5 days,Sony,Premium,29.402484984004552,35455.0,0
office chair ergonomic,LG office chair ergonomic Model 874,35478.0,4.9,3461,amazon,5 days,LG,Premium,39.933048505107166,35478.0,0
power bank fast charging,Sony power bank fast charging Model 631,35507.0,3.1,4810,amazon,5 days,Sony,Premium,26.283846749268307,35507.0,0
men running shoes,Dell men running shoes Model 679,35517.0,3.5,19,reliance digital,5 days,Dell,Premium,10.485062957438968,35517.0,0
men running shoes,LG men running shoes Model 542,35517.0,3.8,2690,reliance digital,5 days,LG,Premium,30.011138972762243,35517.0,0
microwave oven convection,Nike microwave oven convection Model 484,35539.0,3.9,461,reliance digital,free delivery,Nike,Premium,23.92870307521878,35539.0,0
microwave oven convection,Nike microwave oven convection Model 484,35539.0,4.0,461,reliance digital,free delivery,Nike,Premium,24.542259564326955,35539.0,0
power bank fast charging,Philips power bank fast charging Model 534,35646.0,4.7,2485,amazon,free delivery,Philips,Premium,36.74662227873208,35646.0,0
air fryer India,Puma air fryer India Model 791,35653.0,3.6,4443,reliance digital,5 days,Puma,Premium,30.237516542734273,35653.0,0
microwave oven convection,LG microwave oven convection Model 465,35692.0,3.1,560,flipkart,2 days,LG,Premium,19.622134807120357,35692.0,0
power bank fast charging,LG power bank fast charging Model 462,35863.0,2.6,3980,amazon,2 days,LG,Premium,21.552149639800824,35863.0,0
air fryer India,LG air fryer India Model 285,35864.0,4.1,4369,amazon,free delivery,LG,Premium,34.3683249811675,35864.0,0
microwave oven convection,Puma microwave oven convection Model 481,35873.0,3.1,4742,amazon,5 days,Puma,Premium,26.239717890220508,35873.0,0
power bank fast charging,Samsung power bank fast charging Model 204,35892.0,4.0,4811,amazon,2 days,Samsung,Premium,33.91547230837828,35892.0,0
power bank fast charging,HP power bank fast charging Model 549,35974.0,4.0,3831,amazon,5 days,HP,Premium,33.004568556363004,35974.0,0
microwave oven convection,Dell microwave oven convection Model 270,35994.0,2.7,2870,flipkart,5 days,Dell,Premium,21.498522336326875,35994.0,0
power bank fast charging,Sony power bank fast charging Model 610,36000.0,3.9,3800,amazon,2 days,Sony,Premium,32.14777592905807,36000.0,0
microwave oven convection,LG microwave oven convection Model 265,36060.0,2.7,1104,amazon,free delivery,LG,Premium,18.920521657670005,36060.0,0
men running shoes,HP men running shoes Model 842,36141.0,4.4,523,croma,2 days,HP,Premium,27.550563411012586,36141.0,0
power bank fast charging,LG power bank fast charging Model 916,36164.0,4.2,582,croma,5 days,LG,Premium,26.74638618267207,36164.0,0
men running shoes,Dell men running shoes Model 873,36201.0,3.7,600,flipkart,5 days,Dell,Premium,23.67480125778027,36201.0,0
air fryer India,Dell air fryer India Model 284,36220.0,3.6,2875,croma,free delivery,Dell,Premium,28.670960587827373,36220.0,0
microwave oven convection,Dell microwave oven convection Model 900,36248.0,2.9,3267,flipkart,free delivery,Dell,Premium,23.466607022341687,36248.0,0
power bank fast charging,Philips power bank fast charging Model 994,36273.0,3.6,1514,reliance digital,5 days,Philips,Premium,26.36341458459649,36273.0,0
microwave oven convection,Dell microwave oven convection Model 140,36301.0,3.9,2443,amazon,5 days,Dell,Premium,30.425426149136793,36301.0,0
air fryer India,Dell air fryer India Model 578,36341.0,4.8,883,flipkart,free delivery,Dell,Premium,32.56539390066069,36341.0,0
microwave oven convection,HP microwave oven convection Model 317,36440.0,3.3,3468,reliance digital,free delivery,HP,Premium,26.90035143500017,36440.0,0
power bank fast charging,Puma power bank fast charging Model 144,36520.0,3.1,3011,reliance digital,5 days,Puma,Premium,24.83211472565133,36520.0,0
microwave oven convection,HP microwave oven convection Model 277,36657.0,4.7,4480,croma,free delivery,HP,Premium,39.51572711949487,36657.0,0
microwave oven convection,HP microwave oven convection Model 190,36826.0,2.5,320,amazon,5 days,HP,Premium,14.42860280782504,36826.0,0
air fryer India,Sony air fryer India Model 541,36843.0,5.0,3896,reliance digital,free delivery,Sony,Premium,41.33981152669355,36843.0,0
air fryer India,LG air fryer India Model 400,36846.0,4.5,1363,croma,2 days,LG,Premium,32.48179577281533,36846.0,0
microwave oven convection,Puma microwave oven convection Model 258,36850.0,4.9,1104,reliance digital,free delivery,Puma,Premium,34.337243008364084,36850.0,0
microwave oven convection,HP microwave oven convection Model 498,36910.0,3.3,1021,flipkart,2 days,HP,Premium,22.867405343520044,36910.0,0
air fryer India,Boat air fryer India Model 311,36987.0,4.2,1543,amazon,free delivery,Boat,Premium,30.836953268455833,36987.0,0
power bank fast charging,LG power bank fast charging Model 902,36998.0,5.0,2677,reliance digital,free delivery,LG,Premium,39.464127631255586,36998.0,0
office chair ergonomic,Philips office chair ergonomic Model 470,37042.0,4.9,4107,flipkart,2 days,Philips,Premium,40.77138869813741,37042.0,0
men running shoes,Boat men running shoes Model 613,37203.0,3.5,4794,reliance digital,5 days,Boat,Premium,29.663651455611387,37203.0,0
men running shoes,Sony men running shoes Model 654,37225.0,4.9,1798,croma,free delivery,Sony,Premium,36.72543254635762,37225.0,0
power bank fast charging,Boat power bank fast charging Model 674,37226.0,4.0,240,amazon,free delivery,Boat,Premium,21.93918773396262,37226.0,0
men running shoes,Philips men running shoes Model 830,37227.0,3.2,2415,flipkart,free delivery,Philips,Premium,24.92757938897506,37227.0,0
air fryer India,HP air fryer India Model 401,37436.0,3.9,2306,croma,5 days,HP,Premium,30.200442706877638,37436.0,0
air fryer India,Sony air fryer India Model 449,37450.0,2.6,4046,reliance digital,free delivery,Sony,Premium,21.594900976677252,37450.0,0
power bank fast charging,HP power bank fast charging Model 839,37507.0,3.6,574,flipkart,2 days,HP,Premium,22.87573214687046,37507.0,0
office chair ergonomic,LG office chair ergonomic Model 518,37579.0,3.0,2735,amazon,2 days,LG,Premium,23.742756836227322,37579.0,0
air fryer India,Samsung air fryer India Model 435,37586.0,3.6,1347,reliance digital,2 days,Samsung,Premium,25.94295824930011,37586.0,0
air fryer India,Samsung air fryer India Model 295,37586.0,3.6,2325,reliance digital,2 days,Samsung,Premium,27.906859199082994,37586.0,0
microwave oven convection,Boat microwave oven convection Model 657,37648.0,3.6,249,croma,2 days,Boat,Premium,19.877259304304086,37648.0,0
men running shoes,Samsung men running shoes Model 804,37654.0,2.9,4091,reliance digital,5 days,Samsung,Premium,24.1186884685074,37654.0,0
office chair ergonomic,Samsung office chair ergonomic Model 351,37724.0,2.6,3723,reliance digital,5 days,Samsung,Premium,21.37863945983209,37724.0,0
microwave oven convection,Boat microwave oven convection Model 324,38021.0,3.8,3188,croma,2 days,Boat,Premium,30.656358134638214,38021.0,0
office chair ergonomic,Nike office chair ergonomic Model 213,38033.0,3.0,2660,croma,free delivery,Nike,Premium,23.659371812933067,38033.0,0
men running shoes,Nike men running shoes Model 850,38043.0,3.3,2625,flipkart,2 days,Nike,Premium,25.981616281047046,38043.0,0
air fryer India,Philips air fryer India Model 313,38075.0,3.5,1080,amazon,free delivery,Philips,Premium,24.44974636173723,38075.0,0
air fryer India,Sony air fryer India Model 785,38075.0,2.8,460,amazon,free delivery,Sony,Premium,17.173514520390615,38075.0,0
air fryer India,HP air fryer India Model 314,38075.0,4.3,2352,amazon,free delivery,HP,Premium,33.382819471527654,38075.0,0
air fryer India,HP air fryer India Model 869,38110.0,4.6,4859,flipkart,2 days,HP,Premium,39.04845109771488,38110.0,0
microwave oven convection,HP microwave oven convection Model 721,38318.0,3.8,2831,reliance digital,5 days,HP,Premium,30.205206128291717,38318.0,0
air fryer India,HP air fryer India Model 527,38330.0,3.3,1963,flipkart,free delivery,HP,Premium,25.023037013417554,38330.0,0
power bank fast charging,Philips power bank fast charging Model 190,38421.0,3.7,234,flipkart,free delivery,Philips,Premium,20.20046640233339,38421.0,0
power bank fast charging,Boat power bank fast charging Model 137,38591.0,3.8,1650,reliance digital,5 days,Boat,Premium,28.154718486896485,38591.0,0
power bank fast charging,Sony power bank fast charging Model 509,38591.0,2.7,969,reliance digital,5 days,Sony,Premium,18.568699393043058,38591.0,0
power bank fast charging,Boat power bank fast charging Model 625,38621.0,3.5,2443,amazon,2 days,Boat,Premium,27.3048696210202,38621.0,0
microwave oven convection,Samsung microwave oven convection Model 436,38648.0,4.2,2095,croma,2 days,Samsung,Premium,32.12070139085192,38648.0,0
men running shoes,Boat men running shoes Model 599,38659.0,4.1,3508,flipkart,5 days,Boat,Premium,33.468654139891186,38659.0,0
power bank fast charging,Philips power bank fast charging Model 319,38764.0,3.8,416,croma,5 days,Philips,Premium,22.925727642835444,38764.0,0
air fryer India,Puma air fryer India Model 311,38802.0,4.0,1316,amazon,5 days,Puma,Premium,28.732446806973122,38802.0,0
microwave oven convection,HP microwave oven convection Model 907,38823.0,3.2,214,croma,2 days,HP,Premium,17.18604169000852,38823.0,0
power bank fast charging,HP power bank fast charging Model 250,38959.0,4.6,579,reliance digital,2 days,HP,Premium,29.26992927628614,38959.0,0
power bank fast charging,HP power bank fast charging Model 577,38962.0,2.9,99,croma,2 days,HP,Premium,13.354993539365466,38962.0,0
office chair ergonomic,LG office chair ergonomic Model 239,38994.0,3.0,2868,reliance digital,5 days,LG,Premium,23.885156447944095,38994.0,0
power bank fast charging,Nike power bank fast charging Model 863,39057.0,4.1,1310,reliance digital,5 days,Nike,Premium,29.43203648343117,39057.0,0
air fryer India,Nike air fryer India Model 610,39140.0,2.9,3032,amazon,free delivery,Nike,Premium,23.250191772296887,39140.0,0
men running shoes,Boat men running shoes Model 946,39259.0,3.6,3308,amazon,2 days,Boat,Premium,29.175844708517808,39259.0,0
office chair ergonomic,Nike office chair ergonomic Model 416,39361.0,3.7,1943,croma,free delivery,Nike,Premium,28.018261044575425,39361.0,0
office chair ergonomic,LG office chair ergonomic Model 315,39361.0,3.9,405,croma,free delivery,LG,Premium,23.424777322446758,39361.0,0
microwave oven convection,HP microwave oven convection Model 936,39408.0,4.2,3196,croma,5 days,HP,Premium,33.89386622605134,39408.0,0
power bank fast charging,LG power bank fast charging Model 220,39474.0,3.1,1988,reliance digital,free delivery,LG,Premium,23.545700564447316,39474.0,0
air fryer India,Sony air fryer India Model 957,39483.0,3.6,3781,flipkart,2 days,Sony,Premium,29.65682969718625,39483.0,0
microwave oven convection,Nike microwave oven convection Model 250,39513.0,3.4,4537,reliance digital,5 days,Nike,Premium,28.62882166215528,39513.0,0
office chair ergonomic,Samsung office chair ergonomic Model 914,39692.0,2.5,3206,reliance digital,2 days,Samsung,Premium,20.182727999232885,39692.0,0
office chair ergonomic,Nike office chair ergonomic Model 711,39769.0,4.9,1513,reliance digital,free delivery,Nike,Premium,35.880301126587234,39769.0,0
office chair ergonomic,Sony office chair ergonomic Model 116,39770.0,4.2,617,reliance digital,2 days,Sony,Premium,26.9912515213223,39770.0,0
men running shoes,Puma men running shoes Model 152,39884.0,3.0,491,reliance digital,2 days,Puma,Premium,18.595436149476924,39884.0,0
power bank fast charging,LG power bank fast charging Model 718,39901.0,3.2,2296,reliance digital,5 days,LG,Premium,24.765949448605113,39901.0,0
microwave oven convection,Samsung microwave oven convection Model 830,39906.0,3.7,2247,reliance digital,free delivery,Samsung,Premium,28.555845980750252,39906.0,0
office chair ergonomic,Dell office chair ergonomic Model 675,39908.0,4.3,1019,amazon,2 days,Dell,Premium,29.78849899699676,39908.0,0
air fryer India,Philips air fryer India Model 708,39908.0,3.6,3101,croma,2 days,Philips,Premium,28.943288437451343,39908.0,0
air fryer India,HP air fryer India Model 211,39993.0,3.9,149,amazon,free delivery,HP,Premium,19.541477646975395,39993.0,0
office chair ergonomic,Sony office chair ergonomic Model 422,40011.0,3.9,108,reliance digital,free delivery,Sony,Premium,18.29625674069366,40011.0,0
microwave oven convection,LG microwave oven convection Model 213,40084.0,3.6,1704,croma,free delivery,LG,Premium,26.788753402983424,40084.0,0
air fryer India,Samsung air fryer India Model 964,40114.0,4.5,2842,croma,5 days,Samsung,Premium,35.786768002429504,40114.0,0
power bank fast charging,Nike power bank fast charging Model 403,40193.0,4.9,4205,amazon,free delivery,Nike,Premium,40.88691004568696,40193.0,0
air fryer India,Sony air fryer India Model 728,40235.0,4.9,1832,croma,free delivery,Sony,Premium,36.817175314414555,40235.0,0
office chair ergonomic,Philips office chair ergonomic Model 759,40305.0,3.9,4930,croma,2 days,Philips,Premium,33.162858636274095,40305.0,0
microwave oven convection,Boat microwave oven convection Model 555,40310.0,3.7,3289,croma,5 days,Boat,Premium,29.96497852190985,40310.0,0
men running shoes,Samsung men running shoes Model 605,40321.0,3.9,2672,croma,5 days,Samsung,Premium,30.774731192941783,40321.0,0
power bank fast charging,LG power bank fast charging Model 340,40436.0,4.1,4359,reliance digital,2 days,LG,Premium,34.35893207900662,40436.0,0
air fryer India,HP air fryer India Model 726,40524.0,4.7,95,flipkart,free delivery,HP,Premium,21.45243649989883,40524.0,0
office chair ergonomic,HP office chair ergonomic Model 686,40569.0,4.9,2457,amazon,2 days,HP,Premium,38.25480612161731,40569.0,0
office chair ergonomic,HP office chair ergonomic Model 314,40602.0,4.0,4062,amazon,free delivery,HP,Premium,33.238707583950905,40602.0,0
power bank fast charging,Nike power bank fast charging Model 349,40721.0,3.6,2624,croma,free delivery,Nike,Premium,28.342210230092608,40721.0,0
office chair ergonomic,Sony office chair ergonomic Model 246,40731.0,4.7,4537,reliance digital,free delivery,Sony,Premium,39.575135827097,40731.0,0
air fryer India,Puma air fryer India Model 123,40736.0,4.9,4282,amazon,free delivery,Puma,Premium,40.97580399031532,40736.0,0
office chair ergonomic,Dell office chair ergonomic Model 787,40869.0,3.4,141,reliance digital,5 days,Dell,Premium,16.849811995844288,40869.0,0
microwave oven convection,Philips microwave oven convection Model 811,40899.0,3.1,4061,croma,5 days,Philips,Premium,25.759235300635027,40899.0,0
power bank fast charging,Samsung power bank fast charging Model 274,40982.0,2.7,1415,flipkart,free delivery,Samsung,Premium,19.590096440484896,40982.0,0
air fryer India,Dell air fryer India Model 679,41000.0,3.0,4008,flipkart,free delivery,Dell,Premium,24.888891337927525,41000.0,0
microwave oven convection,Dell microwave oven convection Model 190,41050.0,4.4,1230,reliance digital,free delivery,Dell,Premium,31.308561355211598,41050.0,0
air fryer India,Philips air fryer India Model 594,41057.0,3.6,3166,reliance digital,2 days,Philips,Premium,29.017944167539103,41057.0,0
office chair ergonomic,LG office chair ergonomic Model 506,41093.0,3.2,3648,flipkart,5 days,LG,Premium,26.247066996596637,41093.0,0
microwave oven convection,Sony microwave oven convection Model 408,41193.0,3.8,2034,amazon,2 days,Sony,Premium,28.94935417193144,41193.0,0
office chair ergonomic,Samsung office chair ergonomic Model 950,41261.0,4.0,808,flipkart,5 days,Samsung,Premium,26.783195668233965,41261.0,0
microwave oven convection,Sony microwave oven convection Model 676,41297.0,4.3,2957,croma,5 days,Sony,Premium,34.3667551660642,41297.0,0
air fryer India,Sony air fryer India Model 906,41305.0,3.9,3574,reliance digital,free delivery,Sony,Premium,31.908709774999622,41305.0,0
microwave oven convection,Dell microwave oven convection Model 370,41318.0,3.8,4161,reliance digital,2 days,Dell,Premium,31.668253826423605,41318.0,0
office chair ergonomic,Nike office chair ergonomic Model 977,41365.0,3.8,1093,croma,free delivery,Nike,Premium,26.59086473533132,41365.0,0
microwave oven convection,LG microwave oven convection Model 544,41392.0,4.9,4441,reliance digital,free delivery,LG,Premium,41.154414021826426,41392.0,0
office chair ergonomic,Samsung office chair ergonomic Model 656,41403.0,2.8,135,amazon,free delivery,Samsung,Premium,13.755433680060946,41403.0,0
air fryer India,Puma air fryer India Model 553,41567.0,4.5,2251,amazon,free delivery,Puma,Premium,34.73808295166812,41567.0,0
power bank fast charging,Samsung power bank fast charging Model 918,41601.0,2.9,2072,croma,2 days,Samsung,Premium,22.146581126063758,41601.0,0
office chair ergonomic,HP office chair ergonomic Model 674,41684.0,3.7,3074,croma,free delivery,HP,Premium,29.714922666890292,41684.0,0
air fryer India,LG air fryer India Model 628,41688.0,3.0,987,reliance digital,free delivery,LG,Premium,20.687048093243604,41688.0,0
air fryer India,Boat air fryer India Model 908,41753.0,4.3,3905,reliance digital,free delivery,Boat,Premium,35.56215717917748,41753.0,0
microwave oven convection,Dell microwave oven convection Model 311,41787.0,3.0,4005,amazon,5 days,Dell,Premium,24.886645548677286,41787.0,0
office chair ergonomic,LG office chair ergonomic Model 655,41827.0,4.1,2824,flipkart,free delivery,LG,Premium,32.57968093868021,41827.0,0
office chair ergonomic,Sony office chair ergonomic Model 657,41830.0,3.5,660,reliance digital,2 days,Sony,Premium,22.7281384394809,41830.0,0
power bank fast charging,Boat power bank fast charging Model 872,41853.0,3.9,762,amazon,2 days,Boat,Premium,25.88530632200938,41853.0,0
microwave oven convection,Puma microwave oven convection Model 738,41951.0,4.0,1460,flipkart,free delivery,Puma,Premium,29.1475056470028,41951.0,0
microwave oven convection,LG microwave oven convection Model 764,41983.0,4.7,1505,flipkart,2 days,LG,Premium,34.390898319291246,41983.0,0
power bank fast charging,Boat power bank fast charging Model 942,42017.0,3.2,4463,reliance digital,free delivery,Boat,Premium,26.89216161299567,42017.0,0
microwave oven convection,Nike microwave oven convection Model 578,42039.0,2.9,3804,reliance digital,5 days,Nike,Premium,23.90780668385778,42039.0,0
men running shoes,Boat men running shoes Model 978,42076.0,3.8,2971,amazon,5 days,Boat,Premium,30.388563542183068,42076.0,0
men running shoes,Philips men running shoes Model 308,42168.0,3.6,667,reliance digital,5 days,Philips,Premium,23.415437424731923,42168.0,0
office chair ergonomic,LG office chair ergonomic Model 365,42218.0,3.0,138,amazon,free delivery,LG,Premium,14.803421799392074,42218.0,0
men running shoes,Sony men running shoes Model 459,42264.0,3.5,3067,flipkart,2 days,Sony,Premium,28.100734068705016,42264.0,0
power bank fast charging,Nike power bank fast charging Model 586,42301.0,4.6,1978,flipkart,free delivery,Nike,Premium,34.9155959497718,42301.0,0
microwave oven convection,Puma microwave oven convection Model 996,42455.0,2.7,533,croma,2 days,Puma,Premium,16.957068765192528,42455.0,0
office chair ergonomic,HP office chair ergonomic Model 891,42516.0,4.6,2855,croma,free delivery,HP,Premium,36.60301568791358,42516.0,0
microwave oven convection,Sony microwave oven convection Model 360,42530.0,3.4,4316,flipkart,2 days,Sony,Premium,28.459074384888623,42530.0,0
office chair ergonomic,Samsung office chair ergonomic Model 705,42565.0,3.7,1017,amazon,free delivery,Samsung,Premium,25.62470222930873,42565.0,0
office chair ergonomic,HP office chair ergonomic Model 934,42606.0,3.0,3555,flipkart,free delivery,HP,Premium,24.529174789901386,42606.0,0
men running shoes,HP men running shoes Model 563,42681.0,3.5,3907,flipkart,5 days,HP,Premium,28.947733546069358,42681.0,0
men running shoes,Puma men running shoes Model 934,42736.0,3.8,500,amazon,5 days,Puma,Premium,23.623103184122485,42736.0,0
air fryer India,LG air fryer India Model 148,42752.0,4.7,304,amazon,2 days,LG,Premium,26.885465350054837,42752.0,0
office chair ergonomic,Boat office chair ergonomic Model 117,42880.0,2.6,3811,flipkart,free delivery,Boat,Premium,21.439364088412646,42880.0,0
power bank fast charging,Puma power bank fast charging Model 535,42894.0,4.0,387,flipkart,free delivery,Puma,Premium,23.844021358493094,42894.0,0
power bank fast charging,Philips power bank fast charging Model 567,42951.0,4.2,2692,reliance digital,5 days,Philips,Premium,33.17332658980872,42951.0,0
microwave oven convection,HP microwave oven convection Model 472,42957.0,3.2,3026,croma,5 days,HP,Premium,25.649047388869505,42957.0,0
air fryer India,HP air fryer India Model 311,43097.0,3.6,1168,reliance digital,2 days,HP,Premium,25.430054261299446,43097.0,0
men running shoes,LG men running shoes Model 131,43158.0,4.2,184,flipkart,2 days,LG,Premium,21.925494465328963,43158.0,0
men running shoes,HP men running shoes Model 362,43372.0,2.9,705,reliance digital,5 days,HP,Premium,19.0228841887304,43372.0,0
office chair ergonomic,HP office chair ergonomic Model 873,43509.0,3.5,4035,reliance digital,2 days,HP,Premium,29.060532835157247,43509.0,0
air fryer India,Samsung air fryer India Model 355,43541.0,3.3,2088,amazon,5 days,Samsung,Premium,25.226654513136666,43541.0,0
power bank fast charging,LG power bank fast charging Model 952,43614.0,5.0,3948,croma,2 days,LG,Premium,41.40608830643325,43614.0,0
microwave oven convection,Puma microwave oven convection Model 932,43698.0,4.6,933,croma,5 days,Puma,Premium,31.461591615852676,43698.0,0
power bank fast charging,Philips power bank fast charging Model 166,43776.0,3.3,3844,croma,5 days,Philips,Premium,27.239945310401158,43776.0,0
microwave oven convection,Nike microwave oven convection Model 724,43854.0,3.5,3729,croma,5 days,Nike,Premium,28.784572294232518,43854.0,0
power bank fast charging,Puma power bank fast charging Model 468,43895.0,4.0,4829,croma,5 days,Puma,Premium,33.930406986586476,43895.0,0
air fryer India,LG air fryer India Model 691,43902.0,4.8,2395,croma,5 days,LG,Premium,37.35146860432963,43902.0,0
office chair ergonomic,LG office chair ergonomic Model 859,44020.0,3.4,4622,reliance digital,free delivery,LG,Premium,28.691917021559966,44020.0,0
men running shoes,Sony men running shoes Model 587,44061.0,3.6,2780,amazon,2 days,Sony,Premium,28.550037075242276,44061.0,0
office chair ergonomic,LG office chair ergonomic Model 452,44069.0,4.5,563,reliance digital,2 days,LG,Premium,28.507744131741266,44069.0,0
office chair ergonomic,Dell office chair ergonomic Model 448,44077.0,5.0,4078,flipkart,free delivery,Dell,Premium,41.568035696587785,44077.0,0
power bank fast charging,Dell power bank fast charging Model 614,44089.0,3.7,200,flipkart,free delivery,Dell,Premium,19.62222815981858,44089.0,0
air fryer India,Sony air fryer India Model 232,44203.0,4.7,2799,croma,free delivery,Sony,Premium,37.30566107196749,44203.0,0
air fryer India,Boat air fryer India Model 881,44221.0,3.5,3337,flipkart,2 days,Boat,Premium,28.39594486477623,44221.0,0
microwave oven convection,Samsung microwave oven convection Model 145,44221.0,4.5,4997,croma,5 days,Samsung,Premium,38.325569001277046,44221.0,0
men running shoes,Samsung men running shoes Model 708,44224.0,3.6,4643,reliance digital,free delivery,Samsung,Premium,30.395992834144014,44224.0,0
microwave oven convection,HP microwave oven convection Model 284,44322.0,4.3,2946,croma,5 days,HP,Premium,34.350734825772086,44322.0,0
power bank fast charging,Puma power bank fast charging Model 689,44441.0,3.3,3789,amazon,2 days,Puma,Premium,27.192400283652358,44441.0,0
microwave oven convection,Puma microwave oven convection Model 523,44457.0,4.5,760,croma,2 days,Puma,Premium,29.855850110377588,44457.0,0
power bank fast charging,Sony power bank fast charging Model 678,44668.0,3.2,2300,flipkart,5 days,Sony,Premium,24.77151708811317,44668.0,0
office chair ergonomic,LG office chair ergonomic Model 379,44740.0,2.5,4236,reliance digital,2 days,LG,Premium,20.8790268765664,44740.0,0
air fryer India,HP air fryer India Model 541,44752.0,4.6,3692,reliance digital,2 days,HP,Premium,37.78529430832179,44752.0,0
power bank fast charging,Puma power bank fast charging Model 235,44793.0,4.2,4777,flipkart,5 days,Puma,Premium,35.581464777120175,44793.0,0
office chair ergonomic,Puma office chair ergonomic Model 321,44831.0,4.3,4897,flipkart,free delivery,Puma,Premium,36.535303621302084,44831.0,0
men running shoes,Nike men running shoes Model 143,44839.0,2.6,3003,flipkart,free delivery,Nike,Premium,20.82002003349847,44839.0,0
air fryer India,Dell air fryer India Model 284,44863.0,4.8,4625,flipkart,free delivery,Dell,Premium,40.50934964539864,44863.0,0
microwave oven convection,Boat microwave oven convection Model 453,44884.0,4.0,122,flipkart,free delivery,Boat,Premium,19.24873742148967,44884.0,0
power bank fast charging,Nike power bank fast charging Model 369,44892.0,3.9,383,amazon,2 days,Nike,Premium,23.207505955092135,44892.0,0
men running shoes,Boat men running shoes Model 997,44964.0,3.6,802,amazon,2 days,Boat,Premium,24.078076970208343,44964.0,0
power bank fast charging,Dell power bank fast charging Model 936,45006.0,4.1,3694,flipkart,5 days,Dell,Premium,33.680416916867436,45006.0,0
office chair ergonomic,Philips office chair ergonomic Model 723,45041.0,2.6,3099,reliance digital,5 days,Philips,Premium,20.90180921523042,45041.0,0
office chair ergonomic,Dell office chair ergonomic Model 164,45070.0,4.1,2690,flipkart,2 days,Dell,Premium,32.38043941798031,45070.0,0
air fryer India,Nike air fryer India Model 240,45088.0,4.2,3926,amazon,2 days,Nike,Premium,34.757650429227645,45088.0,0
power bank fast charging,Puma power bank fast charging Model 383,45126.0,3.0,3458,amazon,2 days,Puma,Premium,24.446204426811505,45126.0,0
power bank fast charging,HP power bank fast charging Model 937,45235.0,2.5,1819,reliance digital,2 days,HP,Premium,18.7664794501771,45235.0,0
air fryer India,Philips air fryer India Model 339,45304.0,2.7,1761,reliance digital,2 days,Philips,Premium,20.18035297753954,45304.0,0
office chair ergonomic,Sony office chair ergonomic Model 161,45347.0,4.5,1603,amazon,5 days,Sony,Premium,33.211151047919074,45347.0,0
air fryer India,Sony air fryer India Model 266,45361.0,3.1,2934,croma,5 days,Sony,Premium,24.75183447001281,45361.0,0
men running shoes,Boat men running shoes Model 957,45374.0,4.5,4979,reliance digital,2 days,Boat,Premium,38.30933326508414,45374.0,0
microwave oven convection,Puma microwave oven convection Model 226,45427.0,3.8,3127,flipkart,free delivery,Puma,Premium,30.582966586327764,45427.0,0
office chair ergonomic,Samsung office chair ergonomic Model 196,45448.0,3.1,465,reliance digital,free delivery,Samsung,Premium,19.0469754657895,45448.0,0
men running shoes,HP men running shoes Model 526,45586.0,3.7,483,reliance digital,2 days,HP,Premium,22.87371415485154,45586.0,0
men running shoes,Philips men running shoes Model 169,45637.0,3.1,3481,amazon,5 days,Philips,Premium,25.28162257301722,45637.0,0
microwave oven convection,Puma microwave oven convection Model 837,45797.0,4.4,3484,amazon,5 days,Puma,Premium,35.88738262205635,45797.0,0
office chair ergonomic,Boat office chair ergonomic Model 869,45800.0,4.5,2207,reliance digital,5 days,Boat,Premium,34.649290833286436,45800.0,0
power bank fast charging,Nike power bank fast charging Model 495,45830.0,4.5,3175,croma,2 days,Nike,Premium,36.28520020065162,45830.0,0
microwave oven convection,LG microwave oven convection Model 103,45883.0,4.5,1488,flipkart,2 days,LG,Premium,32.87637014707804,45883.0,0
power bank fast charging,Puma power bank fast charging Model 482,45981.0,4.7,4614,croma,free delivery,Puma,Premium,39.65421559060368,45981.0,0
air fryer India,Puma air fryer India Model 830,45999.0,3.3,2092,reliance digital,free delivery,Puma,Premium,25.232967284071798,45999.0,0
power bank fast charging,Dell power bank fast charging Model 653,46043.0,4.2,1541,flipkart,free delivery,Dell,Premium,30.831509327317754,46043.0,0
microwave oven convection,LG microwave oven convection Model 223,46052.0,4.5,2531,croma,free delivery,LG,Premium,35.2654415246883,46052.0,0
power bank fast charging,Philips power bank fast charging Model 541,46064.0,4.9,3147,reliance digital,free delivery,Philips,Premium,39.46716078673274,46064.0,0
air fryer India,Samsung air fryer India Model 828,46174.0,3.8,996,flipkart,2 days,Samsung,Premium,26.238052925854983,46174.0,0
men running shoes,Puma men running shoes Model 786,46190.0,4.4,4850,reliance digital,2 days,Puma,Premium,37.34253665227895,46190.0,0
air fryer India,Boat air fryer India Model 698,46221.0,3.6,1104,reliance digital,2 days,Boat,Premium,25.227362210226673,46221.0,0
air fryer India,HP air fryer India Model 603,46330.0,4.4,1403,amazon,5 days,HP,Premium,31.88715457217733,46330.0,0
men running shoes,Boat men running shoes Model 710,46350.0,3.6,2345,reliance digital,free delivery,Boat,Premium,27.937681305168315,46350.0,0
power bank fast charging,Philips power bank fast charging Model 444,46465.0,3.9,451,reliance digital,free delivery,Philips,Premium,23.843360501345703,46465.0,0
microwave oven convection,Nike microwave oven convection Model 845,46529.0,4.7,1118,flipkart,5 days,Nike,Premium,32.99489632906605,46529.0,0
men running shoes,HP men running shoes Model 889,46591.0,5.0,4088,flipkart,5 days,HP,Premium,41.58027860182322,46591.0,0
office chair ergonomic,HP office chair ergonomic Model 267,46662.0,3.0,359,reliance digital,2 days,HP,Premium,17.658312094350467,46662.0,0
power bank fast charging,HP power bank fast charging Model 689,46669.0,4.3,2589,amazon,5 days,HP,Premium,33.795476565182405,46669.0,0
men running shoes,Puma men running shoes Model 302,46676.0,3.0,1248,flipkart,free delivery,Puma,Premium,21.390295530376733,46676.0,0
air fryer India,Dell air fryer India Model 222,46717.0,4.4,4987,amazon,2 days,Dell,Premium,37.46507734991968,46717.0,0
men running shoes,Sony men running shoes Model 120,46739.0,4.6,3913,amazon,2 days,Sony,Premium,38.052649680597696,46739.0,0
men running shoes,Philips men running shoes Model 503,46885.0,4.4,986,amazon,free delivery,Philips,Premium,30.33654817350732,46885.0,0
office chair ergonomic,HP office chair ergonomic Model 552,46946.0,2.7,3568,flipkart,2 days,HP,Premium,22.086109953423435,46946.0,0
office chair ergonomic,Nike office chair ergonomic Model 985,46962.0,3.6,526,croma,2 days,Nike,Premium,22.561921974748905,46962.0,0
microwave oven convection,Philips microwave oven convection Model 269,47068.0,3.9,1802,reliance digital,free delivery,Philips,Premium,29.239108170492937,47068.0,0
microwave oven convection,Boat microwave oven convection Model 173,47111.0,3.6,2074,reliance digital,free delivery,Boat,Premium,27.495779157593276,47111.0,0
power bank fast charging,LG power bank fast charging Model 896,47595.0,4.1,2583,reliance digital,free delivery,LG,Premium,32.214084846100214,47595.0,0
office chair ergonomic,HP office chair ergonomic Model 850,47613.0,4.9,4909,croma,5 days,HP,Premium,41.645243181863975,47613.0,0
men running shoes,HP men running shoes Model 182,47672.0,3.9,1881,reliance digital,2 days,HP,Premium,29.406352248566765,47672.0,0
men running shoes,Samsung men running shoes Model 311,47745.0,3.4,1278,flipkart,free delivery,Samsung,Premium,24.323034925368066,47745.0,0
microwave oven convection,HP microwave oven convection Model 690,47857.0,3.3,4944,amazon,free delivery,HP,Premium,28.070236405387483,47857.0,0
men running shoes,Nike men running shoes Model 468,47880.0,3.1,3824,reliance digital,2 days,Nike,Premium,25.572872613407974,47880.0,0
air fryer India,HP air fryer India Model 838,47909.0,4.6,2214,amazon,5 days,HP,Premium,35.43383533940448,47909.0,0
men running shoes,Samsung men running shoes Model 174,47927.0,2.7,3938,amazon,free delivery,Samsung,Premium,22.35244184002145,47927.0,0
office chair ergonomic,LG office chair ergonomic Model 906,47981.0,4.0,4032,flipkart,5 days,LG,Premium,33.20906317949347,47981.0,0
office chair ergonomic,Nike office chair ergonomic Model 171,48035.0,4.6,4068,flipkart,free delivery,Nike,Premium,38.23130172080777,48035.0,0
office chair ergonomic,HP office chair ergonomic Model 929,48052.0,3.8,37,croma,2 days,HP,Premium,13.822827406960265,48052.0,0
office chair ergonomic,Puma office chair ergonomic Model 149,48111.0,4.1,96,croma,free delivery,Puma,Premium,18.75631501186387,48111.0,0
microwave oven convection,LG microwave oven convection Model 140,48117.0,2.7,1141,flipkart,5 days,LG,Premium,19.00944825358308,48117.0,0
power bank fast charging,Puma power bank fast charging Model 621,48199.0,3.5,203,amazon,2 days,Puma,Premium,18.613419978454758,48199.0,0
power bank fast charging,Dell power bank fast charging Model 384,48358.0,2.9,3901,flipkart,2 days,Dell,Premium,23.98080911143086,48358.0,0
power bank fast charging,HP power bank fast charging Model 880,48374.0,4.1,2179,reliance digital,2 days,HP,Premium,31.51702863871085,48374.0,0
office chair ergonomic,Philips office chair ergonomic Model 510,48400.0,4.8,469,reliance digital,free delivery,Philips,Premium,29.5331169345797,48400.0,0
air fryer India,Dell air fryer India Model 376,48528.0,2.6,3673,flipkart,free delivery,Dell,Premium,21.343494291015183,48528.0,0
air fryer India,LG air fryer India Model 528,48545.0,4.5,309,flipkart,5 days,LG,Premium,25.814575338656365,48545.0,0
microwave oven convection,Puma microwave oven convection Model 544,48582.0,3.1,3036,flipkart,5 days,Puma,Premium,24.857738941641824,48582.0,0
office chair ergonomic,LG office chair ergonomic Model 829,48584.0,3.1,1055,reliance digital,2 days,LG,Premium,21.58295473922524,48584.0,0
air fryer India,LG air fryer India Model 297,48610.0,3.4,1148,reliance digital,5 days,LG,Premium,23.958600744685768,48610.0,0
men running shoes,LG men running shoes Model 731,48627.0,4.0,2347,reliance digital,2 days,LG,Premium,31.045276723791947,48627.0,0
air fryer India,Philips air fryer India Model 480,48641.0,3.4,436,flipkart,free delivery,Philips,Premium,20.671772863325007,48641.0,0
office chair ergonomic,LG office chair ergonomic Model 829,48662.0,4.2,771,amazon,2 days,LG,Premium,27.92573511010406,48662.0,0
office chair ergonomic,LG office chair ergonomic Model 829,48662.0,4.2,1943,amazon,2 days,LG,Premium,31.804512537085618,48662.0,0
microwave oven convection,Boat microwave oven convection Model 227,48663.0,3.8,4019,flipkart,free delivery,Boat,Premium,31.53634129012965,48663.0,0
power bank fast charging,Boat power bank fast charging Model 257,48691.0,4.8,539,croma,free delivery,Boat,Premium,30.199531869879937,48691.0,0
men running shoes,Puma men running shoes Model 476,48783.0,2.7,3072,flipkart,free delivery,Puma,Premium,21.682105817752312,48783.0,0
microwave oven convection,Samsung microwave oven convection Model 738,48929.0,3.5,2114,croma,2 days,Samsung,Premium,26.798835320181322,48929.0,0
office chair ergonomic,Nike office chair ergonomic Model 799,48982.0,3.3,3233,amazon,free delivery,Nike,Premium,26.66886763245227,48982.0,0
air fryer India,Nike air fryer India Model 162,48988.0,4.1,4559,flipkart,5 days,Nike,Premium,34.54281940028457,48988.0,0
office chair ergonomic,HP office chair ergonomic Model 726,49015.0,2.9,3373,reliance digital,5 days,HP,Premium,23.559177363007148,49015.0,0
microwave oven convection,Dell microwave oven convection Model 232,49064.0,4.5,1963,croma,5 days,Dell,Premium,34.12232320011485,49064.0,0
men running shoes,Samsung men running shoes Model 400,49074.0,3.4,3514,reliance digital,2 days,Samsung,Premium,27.7603023344322,49074.0,0
power bank fast charging,Nike power bank fast charging Model 813,49195.0,4.1,2711,croma,free delivery,Nike,Premium,32.41231076114717,49195.0,0
microwave oven convection,Samsung microwave oven convection Model 692,49213.0,4.9,4261,amazon,free delivery,Samsung,Premium,40.95171968202696,49213.0,0
men running shoes,Puma men running shoes Model 923,49220.0,2.8,3066,flipkart,5 days,Puma,Premium,22.479674459519906,49220.0,0
men running shoes,Puma men running shoes Model 305,49243.0,3.5,515,croma,2 days,Puma,Premium,21.86137367918547,49243.0,0
microwave oven convection,LG microwave oven convection Model 603,49245.0,4.3,1944,croma,2 days,LG,Premium,32.56397420102595,49245.0,0
power bank fast charging,LG power bank fast charging Model 466,49248.0,3.9,1875,amazon,5 days,LG,Premium,29.393898805308062,49248.0,0
men running shoes,Dell men running shoes Model 229,49252.0,2.5,612,croma,free delivery,Dell,Premium,16.04591233984053,49252.0,0
power bank fast charging,HP power bank fast charging Model 956,49324.0,4.9,4798,amazon,5 days,HP,Premium,41.533197925105405,49324.0,0
microwave oven convection,Puma microwave oven convection Model 288,49325.0,4.8,1563,amazon,free delivery,Puma,Premium,35.30400922130523,49325.0,0
office chair ergonomic,Boat office chair ergonomic Model 534,49386.0,4.1,916,croma,free delivery,Boat,Premium,27.9665406362515,49386.0,0
office chair ergonomic,Boat office chair ergonomic Model 163,49391.0,4.0,1681,reliance digital,free delivery,Boat,Premium,29.710955362131575,49391.0,0
power bank fast charging,Dell power bank fast charging Model 204,49421.0,2.6,1928,flipkart,free delivery,Dell,Premium,19.668368233554897,49421.0,0
power bank fast charging,Philips power bank fast charging Model 275,49516.0,4.7,571,croma,free delivery,Philips,Premium,29.84095325948505,49516.0,0
men running shoes,Boat men running shoes Model 745,49612.0,4.1,4854,amazon,free delivery,Boat,Premium,34.79983396097424,49612.0,0
men running shoes,Samsung men running shoes Model 751,49670.0,4.6,900,reliance digital,2 days,Samsung,Premium,31.29612418499835,49670.0,0
microwave oven convection,Samsung microwave oven convection Model 305,49682.0,4.2,4064,reliance digital,free delivery,Samsung,Premium,34.90270989232403,49682.0,0
power bank fast charging,LG power bank fast charging Model 130,49897.0,3.0,2424,reliance digital,5 days,LG,Premium,23.380760410114753,49897.0,0
power bank fast charging,Nike power bank fast charging Model 373,49953.0,4.9,2218,flipkart,free delivery,Nike,Premium,37.75357842236971,49953.0,0
office chair ergonomic,Sony office chair ergonomic Model 476,49990.0,4.9,1424,croma,2 days,Sony,Premium,35.583442754243485,49990.0,0
office chair ergonomic,Puma office chair ergonomic Model 996,66760.0,3.1,2181,reliance digital,5 days,Puma,Luxury,23.83279121581835,66760.0,0
men running shoes,Nike men running shoes Model 733,71900.0,4.1,4924,flipkart,free delivery,Nike,Luxury,34.85852616978537,71900.0,0
power bank fast charging,Samsung power bank fast charging Model 205,86400.0,3.7,2729,flipkart,5 days,Samsung,Luxury,29.274610486262322,86400.0,0
power bank fast charging,Puma power bank fast charging Model 949,87970.0,4.8,1988,amazon,free delivery,Puma,Luxury,36.457858938499065,87970.0,0
air fryer India,Puma air fryer India Model 883,103500.0,4.3,4194,amazon,5 days,Puma,Luxury,35.869089061275616,103500.0,0
microwave oven convection,Philips microwave oven convection Model 132,110800.0,3.8,4460,croma,free delivery,Philips,Luxury,31.931887293487403,110800.0,0
office chair ergonomic,Puma office chair ergonomic Model 876,123310.0,3.3,2499,flipkart,free delivery,Puma,Luxury,25.819351835825763,123310.0,0
office chair ergonomic,HP office chair ergonomic Model 205,132290.0,2.6,874,reliance digital,free delivery,HP,Luxury,17.6129821045298,132290.0,0
air fryer India,LG air fryer India Model 715,137250.0,2.9,3483,reliance digital,free delivery,LG,Luxury,23.65221538011994,137250.0,0
men running shoes,Boat men running shoes Model 401,146220.0,3.2,1261,reliance digital,5 days,Boat,Luxury,22.849449737923706,146220.0,0
microwave oven convection,HP microwave oven convection Model 255,150250.0,4.8,644,reliance digital,free delivery,HP,Luxury,31.052401520619707,150250.0,0
power bank fast charging,Boat power bank fast charging Model 295,171520.0,3.9,2978,flipkart,free delivery,Boat,Luxury,31.1974375155818,171520.0,0
microwave oven convection,Boat microwave oven convection Model 689,189420.0,4.7,4390,amazon,5 days,Boat,Luxury,39.42036767164007,189420.0,0
power bank fast charging,Dell power bank fast charging Model 575,190200.0,4.5,4367,croma,free delivery,Dell,Luxury,37.719272328411336,190200.0,0
microwave oven convection,Puma microwave oven convection Model 556,192440.0,4.3,4490,croma,2 days,Puma,Luxury,36.162271894277275,192440.0,0
office chair ergonomic,Puma office chair ergonomic Model 559,200380.0,4.1,1363,croma,free delivery,Puma,Luxury,29.59452503745397,200380.0,0
microwave oven convection,Boat microwave oven convection Model 156,220130.0,4.8,4501,croma,2 days,Boat,Luxury,40.37892970304005,220130.0,0
air fryer India,Puma air fryer India Model 209,222300.0,3.6,3271,amazon,free delivery,Puma,Luxury,29.135364111801497,222300.0,0
office chair ergonomic,LG office chair ergonomic Model 168,229430.0,3.2,2872,flipkart,2 days,LG,Luxury,25.48195858873373,229430.0,0
microwave oven convection,Sony microwave oven convection Model 479,229950.0,4.3,594,reliance digital,free delivery,Sony,Luxury,27.470814043846207,229950.0,0
power bank fast charging,Puma power bank fast charging Model 354,239860.0,3.6,3870,flipkart,2 days,Puma,Luxury,29.74056534207953,239860.0,0
air fryer India,Nike air fryer India Model 886,242370.0,4.7,745,flipkart,5 days,Nike,Luxury,31.089210320957676,242370.0,0
microwave oven convection,Philips microwave oven convection Model 811,265610.0,4.3,4360,croma,2 days,Philips,Luxury,36.03596367172389,265610.0,0
air fryer India,Puma air fryer India Model 989,286470.0,4.3,176,amazon,free delivery,Puma,Luxury,22.257443850067464,286470.0,0
power bank fast charging,Samsung power bank fast charging Model 302,289730.0,3.3,1230,croma,free delivery,Samsung,Luxury,23.481421016408696,289730.0,0
air fryer India,Boat air fryer India Model 822,317150.0,3.6,912,reliance digital,2 days,Boat,Luxury,24.540249170141884,317150.0,0
men running shoes,LG men running shoes Model 509,320280.0,2.9,3271,amazon,free delivery,LG,Luxury,23.47015442339565,320280.0,0
microwave oven convection,Nike microwave oven convection Model 158,325160.0,3.5,4292,croma,5 days,Nike,Luxury,29.276593738785962,325160.0,0
men running shoes,Boat men running shoes Model 227,380730.0,2.9,1574,croma,2 days,Boat,Luxury,21.349830598653227,380730.0,0
microwave oven convection,Dell microwave oven convection Model 838,383970.0,2.8,2066,reliance digital,5 days,Dell,Luxury,21.37478996710895,383970.0,0
men running shoes,Dell men running shoes Model 628,390740.0,4.6,4015,croma,5 days,Dell,Luxury,38.1709916423092,390740.0,0
office chair ergonomic,Sony office chair ergonomic Model 215,395720.0,3.3,3512,reliance digital,5 days,Sony,Luxury,26.94194465247723,395720.0,0
microwave oven convection,Philips microwave oven convection Model 148,402890.0,3.8,4840,reliance digital,free delivery,Philips,Luxury,32.24253104177084,402890.0,0
office chair ergonomic,Boat office chair ergonomic Model 756,405890.0,4.3,665,amazon,2 days,Boat,Luxury,27.955545583323673,405890.0,0
power bank fast charging,Nike power bank fast charging Model 406,436130.0,4.0,3636,reliance digital,free delivery,Nike,Luxury,32.79565777994796,436130.0,0
microwave oven convection,Dell microwave oven convection Model 272,438510.0,4.5,351,reliance digital,5 days,Dell,Luxury,26.386340290191434,438510.0,0
office chair ergonomic,Boat office chair ergonomic Model 324,455330.0,4.1,3258,amazon,free delivery,Boat,Luxury,33.165620283234,455330.0,0
men running shoes,HP men running shoes Model 580,461640.0,4.0,3916,amazon,2 days,HP,Luxury,33.09232533466332,461640.0,0
microwave oven convection,Boat microwave oven convection Model 424,482890.0,4.9,858,amazon,2 days,Boat,Luxury,33.10326771772285,482890.0,0
men running shoes,HP men running shoes Model 483,498050.0,3.3,4703,amazon,2 days,HP,Luxury,27.905356015608927,498050.0,0
Smart Phones,Google Pixel 10a,499.0,4.6,14000,Best Buy,Free delivery by Mon,Google,low-Budget,43.91566655924245,499.0,0
Smart Phones,Samsung Galaxy Z Flip7 FE Smartphone,899.99,4.6,9600,Boost Mobile,Unknown,Samsung,low-Budget,42.18026367800907,899.99,0
Smart Phones,Apple iPhone 17,929.0,4.6,150000,Apple,Free next-day delivery,Apple,low-Budget,54.82462730272505,929.0,0
Smart Phones,Motorola moto g play,99.99,4.4,11000,Best Buy,Free delivery by Mon,Motorola,low-Budget,40.945262409653516,99.99,0
Smart Phones,Tracfone Samsung Galaxy A16 128gb 5G,118.0,3.9,7930,Walmart - MGA Store,Free delivery,Samsung,low-Budget,35.01628419932495,118.0,0
Smart Phones,Samsung Galaxy A37 5G,12.49,4.7,6120,Verizon,Unknown,Samsung,low-Budget,40.98155957600003,12.49,0
Smart Phones,BLU G75 256GB,179.99,4.3,590,Best Buy,Free delivery by Mon,Unknown,low-Budget,27.441808874846224,179.99,0
Smart Phones,Samsung Galaxy S25 Edge,1099.99,4.8,680000,Boost Mobile,Unknown,Samsung,low-Budget,64.46327782914933,1099.99,0
Smart Phones,Samsung Galaxy S26 Ultra,36.12,4.8,570000,AT&T,Free delivery,Samsung,low-Budget,63.61628829213676,36.12,0
Smart Phones,Samsung Galaxy A17 5G,119.0,4.1,670,Walmart,1 hour delivery $20,Samsung,low-Budget,26.685953461583892,119.0,0
Smart Phones,AT&T Samsung Galaxy A16 5G,49.99,3.3,4750,Best Buy,Free delivery,Samsung,low-Budget,27.938164323916837,49.99,0
Smart Phones,Motorola edge 2026 128GB in Pantone Martini Olive,14.72,4.8,90,Verizon,Free delivery,Motorola,low-Budget,21.652125631280878,14.72,0
Smart Phones,Nothing Phone Pro,499.0,4.8,2120,Nothing US,Unknown,Nothing,low-Budget,36.76628618191047,499.0,0
Smart Phones,Samsung Galaxy S25 FE,425.0,4.7,1500000,Walmart - Creo Distributions LLC,Free delivery,Samsung,low-Budget,66.83858876387275,425.0,0
Smart Phones,Google Pixel 10,799.0,4.6,20000,Google Store,Free delivery,Google,low-Budget,45.55627273591638,799.0,0
Smart Phones,Samsung Galaxy A16 5G,99.99,4.2,66000,Best Buy,Unknown,Samsung,low-Budget,46.60918572411751,99.99,0
Smart Phones,Samsung Galaxy S26,4.99,4.7,85000,AT&T,Free delivery,Samsung,low-Budget,53.34696601051292,4.99,0
Smart Phones,Unihertz Titan 2 The Latest 5G QWERTY Physical Keyboard Smartphone,489.99,4.9,1520,Unihertz,Free delivery,Unknown,low-Budget,35.90290413207054,489.99,0
Smart Phones,Apple iPhone 16,729.99,4.4,73000,Cricket Wireless,Free delivery,Apple,low-Budget,49.272205042134104,729.99,0
Smart Phones,OnePlus 15R 256GB,699.99,4.5,2990,OnePlus Official Store,Free delivery,OnePlus,low-Budget,36.01513376383476,699.99,0
Smart Phones,Google Pixel 10 Pro,999.0,4.4,23000,Google Store,Free delivery,Google,low-Budget,44.19048907779882,999.0,0
Smart Phones,Samsung Galaxy A17 128GB 5G,249.99,4.5,160000,Best Buy,Free delivery by Mon,Samsung,low-Budget,53.92320904888395,249.99,0
Smart Phones,Apple iPhone 17 Pro,1299.99,3.7,15000,Boost Mobile,Unknown,Apple,low-Budget,35.578726934756894,1299.99,0
Smart Phones,Samsung Galaxy S25 Ultra,714.97,4.8,1080000,Walmart - Networkstore,Unknown,Samsung,low-Budget,66.68386812012432,714.97,0
Smart Phones,Motorola Moto G Power 2026 Smartphone in Evening Blue 128GB,229.99,4.4,140000,Consumer Cellular,Free delivery by Wed,Motorola,low-Budget,52.137381315461525,229.99,0
Smart Phones,Google Pixel 10 Pro XL,1319.0,4.5,23000,Google Store,Free delivery,Google,low-Budget,45.19481837502152,1319.0,0
Smart Phones,Tracfone BLU View Speed Ultra 64GB Prepaid,24.99,4.1,170,Best Buy,Unknown,Unknown,low-Budget,21.080820581660905,24.99,0
Smart Phones,Samsung Galaxy A37 5G 128GB Awesome Charcoal,49.99,4.4,73000,Cricket Wireless,Free delivery,Samsung,low-Budget,49.272205042134104,49.99,0
Smart Phones,Nothing Phone,799.0,4.3,670,Nothing US,Unknown,Nothing,low-Budget,27.987707288978232,799.0,0
Smart Phones,Unihertz Jelly 2E 4gb/64gb 3,159.99,4.2,770,Unihertz,Free delivery,Unknown,low-Budget,27.920291168965985,159.99,0
Smart Phones,Samsung Galaxy Z Fold7 Smartphone,1649.99,4.7,260000,Walmart - HotDeals,Free delivery,Samsung,low-Budget,58.60167155387734,1649.99,0
Smart Phones,Apple iPhone 16e,539.99,4.6,100000,Best Buy,Free delivery,Apple,low-Budget,52.95950313863305,539.99,0
Smart Phones,Google Pixel 10 Pro Fold,1799.0,4.5,3410,Google Store,Free delivery,Google,low-Budget,36.60642352088391,1799.0,0
Smart Phones,Motorola moto G Power,399.99,4.2,1880,Motorola - United States,Free delivery,Motorola,low-Budget,31.666147083064327,399.99,0
Smart Phones,Samsung Galaxy S26 Ultra 256GB Black,699.99,4.4,73000,Cricket Wireless,Free delivery,Samsung,low-Budget,49.272205042134104,699.99,0
Smart Phones,Apple iPhone 15 128GB,629.99,4.7,880,Boost Mobile,Unknown,Apple,low-Budget,31.870970841900046,629.99,0
Smart Phones,Samsung Galaxy A57 5G,549.99,4.8,120000,Best Buy,Free delivery by Mon,Samsung,low-Budget,56.137225704301414,549.99,0
Smart Phones,Google Pixel 9 Pro XL,529.45,4.4,16000,Walmart - Supplytronics,Free delivery,Google,low-Budget,42.59378859678305,529.45,0
Smart Phones,Motorola moto g,229.99,4.3,150,T-Mobile,Free delivery,Motorola,low-Budget,21.574303298304173,229.99,0
Smart Phones,Samsung Galaxy Z Flip8,999.99,4.9,130000,Consumer Cellular,Free delivery by Wed,Samsung,low-Budget,57.698957366407555,999.99,0
Smart Phones,Apple iPhone 17 Pro Max,14.99,3.8,35000,AT&T,Unknown,Apple,low-Budget,39.75990126366947,14.99,0
Smart Phones,Apple iPhone 17 Pro,9.99,3.8,23000,AT&T,Unknown,Apple,low-Budget,38.164513294462616,9.99,0
Smart Phones,Total Wireless BLU Speed Ultra 64gb,29.88,3.8,470,Walmart,Unknown,Unknown,low-Budget,23.388460757262386,29.88,0
Smart Phones,Samsung Galaxy S26,4.99,4.7,85000,AT&T,Unknown,Samsung,low-Budget,53.34696601051292,4.99,0
Smart Phones,Apple iPhone 16e,349.0,3.9,17000,Walmart,Unknown,Apple,low-Budget,37.99000703486714,349.0,0
Smart Phones,Apple iPhone 16,23.06,4.4,73000,AT&T,Unknown,Apple,low-Budget,49.272205042134104,23.06,0
Smart Phones,AT&T Samsung Galaxy A16 5G,49.99,3.3,4750,Best Buy,Free delivery by Wed,Samsung,low-Budget,27.938164323916837,49.99,0
Smart Phones,Motorola Moto G 2025,49.88,4.0,2050,Walmart,Unknown,Motorola,low-Budget,30.50433103228952,49.88,0
Smart Phones,Samsung Galaxy S25 Edge,15.99,4.8,680000,AT&T,Unknown,Samsung,low-Budget,64.46327782914933,15.99,0
Smart Phones,Total Wireless Samsung Galaxy A17 5G 128GB Prepaid Smartphone,99.88,3.5,110,Walmart,Unknown,Samsung,low-Budget,16.48335570459317,99.88,0
Smart Phones,Nothing Phone Pro,499.0,4.8,2120,Nothing US,Unknown,Nothing,low-Budget,36.76628618191047,499.0,0
Smart Phones,Samsung Galaxy S26 Ultra,36.12,4.8,570000,AT&T,Unknown,Samsung,low-Budget,63.61628829213676,36.12,0
Smart Phones,Apple iPhone 17e,549.0,4.0,1080,Walmart,Unknown,Apple,low-Budget,27.942567270556832,549.0,0
Smart Phones,Samsung Galaxy A16 5G,99.99,4.2,66000,Best Buy,Unknown,Samsung,low-Budget,46.60918572411751,99.99,0
Smart Phones,Samsung Galaxy S26+,30.56,4.8,100000,AT&T,Unknown,Samsung,low-Budget,55.2620902316171,30.56,0
Smart Phones,Apple iPhone 15,499.0,4.6,290000,Walmart,Unknown,Apple,low-Budget,57.85714239106983,499.0,0
Smart Phones,Google Pixel 10a,499.0,4.6,14000,Google Store,Free delivery,Google,low-Budget,43.91566655924245,499.0,0
Smart Phones,Tracfone Samsung Galaxy A16 128gb 5G,119.0,3.9,7930,Walmart,1 hour delivery $20,Samsung,low-Budget,35.01628419932495,119.0,0
Smart Phones,Samsung Galaxy Z Fold8 Ultra,58.34,4.9,150000,AT&T,Unknown,Samsung,low-Budget,58.40014647464191,58.34,0
Smart Phones,Samsung Galaxy A17 128GB 5G,249.99,4.5,160000,Best Buy,Free delivery,Samsung,low-Budget,53.92320904888395,249.99,0
Smart Phones,Boost Mobile moto g 26,69.0,4.2,190,Walmart,Unknown,Unknown,low-Budget,22.059548397795847,69.0,0
Smart Phones,Motorola Boost Mobile moto g stylus,299.99,4.0,3530,Boost Mobile,Unknown,Motorola,low-Budget,32.677345583713546,299.99,0
Smart Phones,Apple iPhone 17,28.62,4.6,150000,Consumer Cellular,Free delivery by Wed,Apple,low-Budget,54.82462730272505,28.62,0
Smart Phones,Straight Talk Samsung Galaxy A37 5G,349.0,3.8,160,Walmart,Unknown,Samsung,low-Budget,19.309336586940958,349.0,0
Smart Phones,Samsung Galaxy Z Fold8,52.78,4.9,140000,AT&T,Unknown,Samsung,low-Budget,58.06208373767306,52.78,0
Smart Phones,"At&t Motorola moto g Power 2026,128gb",99.0,3.7,460,Walmart,Unknown,Motorola,low-Budget,22.6935727590876,99.0,0
Smart Phones,Google Pixel 10 Pro,999.0,4.4,23000,Google Store,Free delivery,Google,low-Budget,44.19048907779882,999.0,0
Smart Phones,Motorola moto g play,99.99,4.4,11000,Best Buy,Free delivery,Motorola,low-Budget,40.945262409653516,99.99,0
Smart Phones,At&t Motivate Pro 2 5G,49.88,3.5,460,Walmart,Unknown,Unknown,low-Budget,21.46689315048827,49.88,0
Smart Phones,Apple iPhone 15 128GB,629.99,4.7,880,Boost Mobile,Unknown,Apple,low-Budget,31.870970841900046,629.99,0
Smart Phones,OnePlus 15R 256GB,699.99,4.5,2990,OnePlus Official Store,Free delivery,OnePlus,low-Budget,36.01513376383476,699.99,0
Smart Phones,At&t Moto G Play 2026,49.88,3.4,290,Walmart,Unknown,Unknown,low-Budget,19.289299108383076,49.88,0
Smart Phones,Samsung Galaxy A37 5G,449.99,4.8,38000,Best Buy,Free delivery by Wed,Samsung,low-Budget,50.617765219928366,449.99,0
Smart Phones,Samsung Galaxy A37 5G 128GB Awesome Charcoal,49.99,4.4,73000,Cricket Wireless,Free delivery,Samsung,low-Budget,49.272205042134104,49.99,0
Smart Phones,Google Pixel 10,799.0,4.6,20000,Google Store,Free delivery,Google,low-Budget,45.55627273591638,799.0,0
Smart Phones,Samsung Galaxy A27 5G,349.99,3.7,30,Boost Mobile,Unknown,Samsung,low-Budget,12.705752656595042,349.99,0
Smart Phones,Samsung Galaxy S25 FE,649.99,4.7,1500000,Best Buy,Free delivery by Wed,Samsung,low-Budget,66.83858876387275,649.99,0
Smart Phones,Samsung Galaxy S25,22.22,4.7,510000,Verizon,Free delivery,Samsung,low-Budget,61.76818943776963,22.22,0
Smart Phones,Motorola edge 2026 128GB Martini Olive,59.99,4.4,73000,Cricket Wireless,Free delivery,Motorola,low-Budget,49.272205042134104,59.99,0
Smart Phones,Google Pixel 10a,499.0,4.6,14000,Best Buy,Free delivery by Mon,Google,low-Budget,43.91566655924245,499.0,0
Smart Phones,Samsung Galaxy Z Flip7 FE Smartphone,899.99,4.6,9600,Boost Mobile,Unknown,Samsung,low-Budget,42.18026367800907,899.99,0
Smart Phones,Apple iPhone 17,929.0,4.6,150000,Apple,Free next-day delivery,Apple,low-Budget,54.82462730272505,929.0,0
Smart Phones,Motorola moto g play,99.99,4.4,11000,Best Buy,Free delivery by Mon,Motorola,low-Budget,40.945262409653516,99.99,0
Smart Phones,Tracfone Samsung Galaxy A16 128gb 5G,118.0,3.9,7930,Walmart - MGA Store,Free delivery,Samsung,low-Budget,35.01628419932495,118.0,0
Smart Phones,Samsung Galaxy A17 128GB 5G,219.99,4.5,160000,NFM,Unknown,Samsung,low-Budget,53.92320904888395,219.99,0
Smart Phones,Samsung Galaxy A37 5G,12.49,4.7,6120,Verizon,Free delivery,Samsung,low-Budget,40.98155957600003,12.49,0
Smart Phones,BLU G75 256GB,179.99,4.3,590,Best Buy,Free delivery by Mon,Unknown,low-Budget,27.441808874846224,179.99,0
Smart Phones,Samsung Galaxy S25 Edge,1099.99,4.8,680000,Boost Mobile,Unknown,Samsung,low-Budget,64.46327782914933,1099.99,0
Smart Phones,Nothing Phone,799.0,4.3,670,Nothing US,Unknown,Nothing,low-Budget,27.987707288978232,799.0,0
Smart Phones,Samsung Galaxy A17 5G,119.0,4.1,670,Walmart,1 hour delivery $20,Samsung,low-Budget,26.685953461583892,119.0,0
Smart Phones,Samsung Galaxy A57 5G,549.99,4.8,120000,Best Buy,Free delivery by Mon,Samsung,low-Budget,56.137225704301414,549.99,0
Smart Phones,Samsung Galaxy S26 Ultra,36.12,4.8,570000,AT&T,Free delivery,Samsung,low-Budget,63.61628829213676,36.12,0
Smart Phones,Motorola edge 2026 128GB in Pantone Martini Olive,14.72,4.8,90,Verizon,Free delivery,Motorola,low-Budget,21.652125631280878,14.72,0
Smart Phones,Samsung Galaxy S25 FE,649.99,4.7,1500000,Best Buy,Free delivery by Mon,Samsung,low-Budget,66.83858876387275,649.99,0
Smart Phones,AT&T Samsung Galaxy A16 5G,79.0,3.3,4750,Walmart,1 hour delivery $20,Samsung,low-Budget,27.938164323916837,79.0,0
Smart Phones,Samsung Galaxy A36 5G,299.0,4.7,170000,Wireless Tech,Unknown,Samsung,low-Budget,56.60473011232979,299.0,0
Smart Phones,Samsung Galaxy A16 5G,99.99,4.2,66000,Best Buy,Unknown,Samsung,low-Budget,46.60918572411751,99.99,0
Smart Phones,Samsung Galaxy S25 Fe 128 GB,649.99,4.7,34000,Boost Mobile,Unknown,Samsung,low-Budget,49.04048251017329,649.99,0
Smart Phones,Google Pixel 10,799.0,4.6,20000,Google Store,Free delivery,Google,low-Budget,45.55627273591638,799.0,0
Smart Phones,Samsung Galaxy S26,4.99,4.7,85000,AT&T,Free delivery,Samsung,low-Budget,53.34696601051292,4.99,0
Smart Phones,Nothing Phone Pro,499.0,4.8,2120,Nothing US,Unknown,Nothing,low-Budget,36.76628618191047,499.0,0
Smart Phones,Unihertz Titan 2 The Latest 5G QWERTY Physical Keyboard Smartphone,489.99,4.9,1520,Unihertz,Free delivery,Unknown,low-Budget,35.90290413207054,489.99,0
Smart Phones,Apple iPhone 16,729.99,4.4,73000,Cricket Wireless,Free delivery,Apple,low-Budget,49.272205042134104,729.99,0
Smart Phones,OnePlus 15R 256GB,699.99,4.5,2990,OnePlus Official Store,Free delivery,OnePlus,low-Budget,36.01513376383476,699.99,0
Smart Phones,Google Pixel 10 Pro,999.0,4.4,23000,Google Store,Free delivery,Google,low-Budget,44.19048907779882,999.0,0
Smart Phones,Tracfone BLU View Speed Ultra 64GB Prepaid,24.99,4.1,170,Best Buy,Unknown,Unknown,low-Budget,21.080820581660905,24.99,0
Smart Phones,Samsung Galaxy S25 Ultra,714.97,4.8,1080000,Walmart - Networkstore,Unknown,Samsung,low-Budget,66.68386812012432,714.97,0
Smart Phones,Apple iPhone 17 Pro,1299.99,3.7,15000,Boost Mobile,Unknown,Apple,low-Budget,35.578726934756894,1299.99,0
Smart Phones,Motorola Moto G Power 2026 Smartphone in Evening Blue 128GB,229.99,4.4,140000,Consumer Cellular,Free delivery by Wed,Motorola,low-Budget,52.137381315461525,229.99,0
Smart Phones,Google Pixel 10 Pro XL,1199.0,4.5,23000,Google Store,Free delivery,Google,low-Budget,45.19481837502152,1199.0,0
Smart Phones,Samsung Galaxy A37 5G 128GB Awesome Charcoal,49.99,4.4,73000,Cricket Wireless,Free delivery,Samsung,low-Budget,49.272205042134104,49.99,0
Smart Phones,Unihertz Jelly 2E 4gb/64gb 3,159.99,4.2,770,Unihertz,Free delivery,Unknown,low-Budget,27.920291168965985,159.99,0
Smart Phones,Total Wireless Motorola 2025 Moto g 5G,39.99,4.2,880,Best Buy,Free delivery by Mon,Motorola,low-Budget,28.480442028931957,39.99,0
Smart Phones,Samsung Galaxy Z Fold7 Smartphone,1649.99,4.7,260000,Walmart - HotDeals,Free delivery,Samsung,low-Budget,58.60167155387734,1649.99,0
Smart Phones,Motorola moto G Power,399.99,4.2,1880,Motorola - United States,Free delivery,Motorola,low-Budget,31.666147083064327,399.99,0
Smart Phones,Apple iPhone 17e,599.0,4.6,35000,NFM,Unknown,Apple,low-Budget,48.13040679286304,599.0,0
Smart Phones,Samsung Galaxy S26 Ultra 256GB Black,699.99,4.4,73000,Cricket Wireless,Free delivery,Samsung,low-Budget,49.272205042134104,699.99,0
Smart Phones,Google Pixel 10 128GB Indigo,799.0,4.4,1110,Google Store,Free delivery,Google,low-Budget,30.857269474414377,799.0,0
Smart Phones,Apple iPhone 15 128GB,629.99,4.7,880,Boost Mobile,Unknown,Apple,low-Budget,31.870970841900046,629.99,0
Washing Machines,Whirlpool 3.5 Cu. Ft. Top Load Washer WTW4816FW,499.0,3.9,260000,Lowe's,Unknown,Whirlpool,low-Budget,48.62691894896204,499.0,0
Washing Machines,Maytag 4.2 Cu. Ft. Capacity Top Load Washer,559.0,4.0,17000,Appliance Factory & Mattress Kingdom,Unknown,Unknown,low-Budget,38.96410977935091,559.0,0
Washing Machines,Samsung 4.5 Cu. Ft. Top Load Washer with Vibration Reduction Technology+ wa45t3200aw,549.0,4.3,80000,Lowe's,Unknown,Samsung,low-Budget,48.54611597838495,549.0,0
Washing Machines,LG 4.1 Cu. ft Agitator Top Load Washer with TurboDrum Technology,548.97,4.2,57000,PC Richard & Son,Unknown,LG,low-Budget,45.993461180194274,548.97,0
Washing Machines,Insignia 4.1 Cu. Ft. Top Load Washer with ColdMotion Technology,449.99,4.6,8930,Best Buy,Free delivery,Insignia,low-Budget,41.847504788545876,449.99,0
Washing Machines,Maytag Top Load Washer with Deep Fill,799.0,3.8,240000,Home Depot,Unknown,Unknown,low-Budget,47.075913802132035,799.0,0
Washing Machines,GE 4.5 Cu ft Capacity Washer with Stainless Steel Basket and Cold Plus,599.0,4.2,97000,Lowe's,Unknown,GE,low-Budget,48.22640158018507,599.0,0
Washing Machines,GE 4.5 Cu. Ft. Capacity Washer with Water Level Control,649.0,4.3,25000,Bray & Scarff,Unknown,GE,low-Budget,43.544685743116545,649.0,0
Washing Machines,Amana 3.8 Cu. Ft. Large Capacity Top Load Washer with High-Efficiency Agitator,499.0,3.7,35000,Home Depot,Unknown,Unknown,low-Budget,38.71358807252028,499.0,0
Washing Machines,Hotpoint 4.0 Cu. Ft. Capacity Washer with Stainless Steel,498.12,4.1,26000,Electronic Express,Free delivery,Hotpoint,low-Budget,41.68015013899006,498.12,0
Washing Machines,4.2-4.3 Cu. Ft. Whirlpool Top Load Washer with 2-in-1 Removable Agitator and Soft Close Glass Lid wtw4307sw,588.0,4.1,24000,Abt Electronics & Appliances,Unknown,Whirlpool,low-Budget,41.35198817802774,588.0,0
Washing Machines,Roper by Whirlpool High Efficiency Agitator Large Top-Load Washer Stainless Steel rtw3005tw,499.0,4.3,1680,Lowe's,Unknown,Whirlpool,low-Budget,31.936719773657046,499.0,0
Washing Machines,Insignia 3.7 Cu. Ft. High Efficiency 12-Cycle Top-Loading Washer,399.99,4.3,24000,Best Buy,Free delivery,Insignia,low-Budget,43.369158333053484,399.99,0
Washing Machines,Midea Top Load Washer 4.1 Cu ft mltw41a1bww,478.97,4.2,270,PC Richard & Son,Unknown,Unknown,low-Budget,23.528899047694747,478.97,0
Washing Machines,Samsung 4.5 Cu. ft Front Load Washer,799.0,4.4,80000,cityhome.com,Unknown,Samsung,low-Budget,49.67509541974274,799.0,0
Washing Machines,Speed Queen TC5 3.2 Cu. Ft. Matte Black Top Load Washer,1599.0,4.7,1400,Famous Tate Appliance & Bedding Centers,Free delivery,Unknown,low-Budget,34.051225267783934,1599.0,0
Washing Machines,Samsung 4.5 Cu. Ft. White Front Load Washer,729.0,4.2,62000,Lowe's,Unknown,Samsung,low-Budget,46.34660433030354,729.0,0
Washing Machines,Maytag 5.3 Cu. ft Smart Top Load Impeller Washer with Extra Power,510.99,3.8,5340,Pateora,Free delivery,Unknown,low-Budget,32.61603908529113,510.99,0
Washing Machines,Speed Queen tr3006wn Top Load Washer,1299.0,4.5,14000,Bray & Scarff,Unknown,Unknown,low-Budget,42.960978155780666,1299.0,0
Washing Machines,"GE 4.3 Cu. Ft. Capacity Washer with Stainless Steel Basket,Cold Plus and Water Level Control",567.0,4.2,24000,ABC Warehouse,Unknown,GE,low-Budget,42.360573255540615,567.0,0
Washing Machines,GE 4.0 Cu. Ft. Capacity Washer with Stainless Steel Basket and Water Level Control,529.2,4.0,27000,Famous Tate Appliance & Bedding Centers,Free delivery,GE,low-Budget,40.81451672535059,529.2,0
Washing Machines,Maytag 4.3 Cu. Ft. Capacity Top Load Washer,569.0,3.9,910,Home Depot,Unknown,Unknown,low-Budget,26.576717299313838,569.0,0
Washing Machines,Samsung 5.2 cu. ft. Top Load Washer with Super Speed Wash,699.0,4.4,22000,Lowe's,Unknown,Samsung,low-Budget,43.99491001775268,699.0,0
Washing Machines,Maytag Top Load Washer with Extra Power,899.99,3.8,100000,Best Buy,Free delivery,Unknown,low-Budget,43.74915476669687,899.99,0
Washing Machines,Whirlpool 5.2 5.3 Cu. ft Top Load Washer 2 in 1 Removable Agitator,998.0,4.0,90000,Abt Electronics & Appliances,Unknown,Whirlpool,low-Budget,45.63030424144714,998.0,0
Washing Machines,Speed Queen White Top Load Washer tr7006wn,1599.96,4.6,36000,Deranleau's,Unknown,Unknown,low-Budget,48.25998917621905,1599.96,0
Washing Machines,LG 5.0 Cu. Ft. Mega Capacity Top Load Washer with Turbodrum,699.0,4.1,41000,Home Depot,Unknown,LG,low-Budget,43.547542116094924,699.0,0
Washing Machines,4.3 Cu. Ft. Whirlpool Top Load Impeller Washer with Quick Wash Cycle and Soft Close Glass Lid wtw4300sw,549.0,3.8,960,Lowe's,Unknown,Whirlpool,low-Budget,26.09830275408711,549.0,0
Washing Machines,Speed Queen White Top Load Washer tr5006wn,1399.0,4.6,35000,Slyman Bros,Free delivery by Tue,Unknown,low-Budget,48.13040679286304,1399.0,0
Washing Machines,Samsung 5.0 Cu. Ft. Smart Front Load Washer with Super Speed Wash & Steam,949.12,4.5,42000,Best Buy,Unknown,Samsung,low-Budget,47.90451917927643,949.12,0
Washing Machines,Whirlpool 4.2 4.3 Cu. ft Top Load Washer with 2-in-1 Removable Agitator wtw4107sw,549.0,3.8,11000,Town Appliance,Unknown,Whirlpool,low-Budget,35.36181753560985,549.0,0
Washing Machines,Samsung 5.2 Cu. ft Top Load Washer,699.0,4.4,9020,Home Depot,Unknown,Samsung,low-Budget,40.07216607528922,699.0,0
Washing Machines,GE Profile 5.0 Cu. Ft. Top Load Washer with Smarter Wash Technology & FlexDispense,499.99,4.0,74000,Ace Family Hardware,Unknown,GE,low-Budget,44.84733554243405,499.99,0
Washing Machines,LG Top Load Washer,849.0,4.5,1560,Lowe's,Unknown,LG,low-Budget,33.08886864231945,849.0,0
Washing Machines,"Top Load Washing Machine 17.7 lbs Full Automatic Clothes Washer with 10 Programs & 8 Water Levels for Apartment,Bathroom trumanpick",194.99,3.4,450,Walmart,Free delivery,Unknown,low-Budget,20.778988954309106,194.99,0
Washing Machines,Maytag 4.8 Cu Ft. Top Load Impeller Washer with Extra Power and Pet Pro Option,779.99,3.9,1720,Kelly's Home Center,Free delivery,Unknown,low-Budget,29.057577105225004,779.99,0
Washing Machines,LG 4.5 Cu ft Front Load Washer,799.99,4.3,3710,Best Buy,Free delivery,LG,low-Budget,35.34194364256057,799.99,0
Washing Machines,Maytag Commercial-Grade Residential Agitator Washer,1097.0,3.7,2050,Home Depot,Unknown,Unknown,low-Budget,28.21650620486781,1097.0,0
Washing Machines,Bosch wga14400uc 300 Series Compact Washer,1349.0,3.8,430,Abt Electronics & Appliances,Free delivery,Bosch,low-Budget,23.05121074239424,1349.0,0
Washing Machines,Speed Queen Washer awn63rsn115tw01,1399.0,5.0,10,Hartville Hardware,Free delivery by Fri,Unknown,low-Budget,11.989476363991853,1399.0,0
Washing Machines,Amana 3.8 Cu. Ft. Large Capacity Top Load Washer with High-Efficiency Agitator,499.0,3.7,35000,Home Depot,Unknown,Unknown,low-Budget,38.71358807252028,499.0,0
Washing Machines,Samsung 4.5 Cu. Ft. Top Load Washer with Vibration Reduction Technology+ wa45t3200aw,549.0,4.3,80000,Lowe's,Unknown,Samsung,low-Budget,48.54611597838495,549.0,0
Washing Machines,Insignia 4.1 Cu. Ft. Top Load Washer with ColdMotion Technology,449.99,4.6,8930,Best Buy,Free delivery,Insignia,low-Budget,41.847504788545876,449.99,0
Washing Machines,4.2-4.3 Cu. Ft. Whirlpool Top Load Washer with 2-in-1 Removable Agitator and Soft Close Glass Lid wtw4307sw,588.0,4.1,24000,Abt Electronics & Appliances,Unknown,Whirlpool,low-Budget,41.35198817802774,588.0,0
Washing Machines,Maytag Top Load Washer with Deep Fill,579.0,3.8,240000,Brothers Main,Free delivery,Unknown,low-Budget,47.075913802132035,579.0,0
Washing Machines,Electrolux Front Load Washer,779.0,4.4,6250,Electrolux,Free delivery,Unknown,low-Budget,38.45818561169998,779.0,0
Washing Machines,"GE 4.3 Cu. Ft. Capacity Washer with Stainless Steel Basket,Cold Plus and Water Level Control",567.0,4.2,24000,ABC Warehouse,Unknown,GE,low-Budget,42.360573255540615,567.0,0
Washing Machines,Roper by Whirlpool High Efficiency Agitator Large Top-Load Washer Stainless Steel rtw3005tw,499.0,4.3,1680,Lowe's,Unknown,Whirlpool,low-Budget,31.936719773657046,499.0,0
Washing Machines,Speed Queen Washer awn63rsn115tw01,1399.0,5.0,10,Hartville Hardware,Free delivery by Fri,Unknown,low-Budget,11.989476363991853,1399.0,0
Washing Machines,Samsung 4.5 Cu. ft Front Load Washer,799.0,4.4,80000,Home Depot,Unknown,Samsung,low-Budget,49.67509541974274,799.0,0
Washing Machines,Maytag Top Load Washer with Extra Power,899.99,3.8,100000,Best Buy,Free delivery,Unknown,low-Budget,43.74915476669687,899.99,0
Washing Machines,Hotpoint 4.0 Cu. Ft. Capacity Washer with Stainless Steel,498.12,4.1,26000,Electronic Express,Free delivery,Hotpoint,low-Budget,41.68015013899006,498.12,0
Washing Machines,Bosch wga14400uc 300 Series Compact Washer,1349.0,3.8,430,Abt Electronics & Appliances,Free delivery,Bosch,low-Budget,23.05121074239424,1349.0,0
Washing Machines,Whirlpool 3.5 Cu. Ft. Top Load Washer WTW4816FW,499.0,3.9,260000,Lowe's,Unknown,Whirlpool,low-Budget,48.62691894896204,499.0,0
Washing Machines,LG 4.5 Cu. Ft. Ultra Large Capacity Front Load Washer,928.8,4.3,50000,NFM,Unknown,LG,low-Budget,46.52513262210423,928.8,0
Washing Machines,Insignia 3.7 Cu. Ft. High Efficiency 12-Cycle Top-Loading Washer,399.99,4.3,24000,Best Buy,Free delivery,Insignia,low-Budget,43.369158333053484,399.99,0
Washing Machines,Maytag 4.2 Cu. Ft. Capacity Top Load Washer,569.0,4.0,17000,Home Depot,Unknown,Unknown,low-Budget,38.96410977935091,569.0,0
Washing Machines,Midea Top Load Washer 4.1 Cu ft mltw41a1bww,478.97,4.2,270,PC Richard & Son,Unknown,Unknown,low-Budget,23.528899047694747,478.97,0
Washing Machines,Samsung 5.2 cu. ft. Top Load Washer with Super Speed Wash,699.0,4.4,22000,Lowe's,Unknown,Samsung,low-Budget,43.99491001775268,699.0,0
Washing Machines,GE 4.5 Cu. Ft. Capacity Washer with Water Level Control,649.0,4.3,25000,Bray & Scarff,Unknown,GE,low-Budget,43.544685743116545,649.0,0
Washing Machines,LG 4.5 Cu ft Front Load Washer,799.99,4.3,3710,Best Buy,Free delivery,LG,low-Budget,35.34194364256057,799.99,0
Washing Machines,4.1 Cu. Ft. Top Load Washer Frigidaire,642.01,4.0,1980,Town Appliance,Unknown,Frigidaire,low-Budget,30.365428186794205,642.01,0
Washing Machines,Whirlpool 5.2 5.3 Cu. ft Top Load Washer 2 in 1 Removable Agitator,998.0,4.0,90000,Abt Electronics & Appliances,Unknown,Whirlpool,low-Budget,45.63030424144714,998.0,0
Washing Machines,Samsung 5.2 Cu. ft Top Load Washer,699.0,4.4,9020,Home Depot,Unknown,Samsung,low-Budget,40.07216607528922,699.0,0
Washing Machines,Samsung 4.5 Cu. Ft. White Front Load Washer,729.0,4.2,62000,Lowe's,Unknown,Samsung,low-Budget,46.34660433030354,729.0,0
Washing Machines,Speed Queen TC5 3.2 Cu. Ft. Matte Black Top Load Washer,1599.0,4.7,1400,Famous Tate Appliance & Bedding Centers,Free delivery,Unknown,low-Budget,34.051225267783934,1599.0,0
Washing Machines,LG 5.0 Cu. ft Front Load Washer,799.99,4.5,14000,Best Buy,Free delivery,LG,low-Budget,42.960978155780666,799.99,0
Washing Machines,Samsung 4.7 cu. ft. Top Load Washer,594.0,4.2,12000,BrandsMart USA,Unknown,Samsung,low-Budget,39.449530086252054,594.0,0
Washing Machines,BLACK+DECKER 2.7 Cu.Ft. Front Load Washer,869.99,2.6,80,Wayfair,Unknown,Unknown,low-Budget,11.425567802148342,869.99,0
Washing Machines,LG Top Load Washer,849.0,4.5,1560,Lowe's,Unknown,LG,low-Budget,33.08886864231945,849.0,0
Washing Machines,MELEZOOM 1.38 cu. ft. 17.7 lbs. Full-Automatic Top Load Washer,199.0,5.0,10,Home Depot,Free delivery,Unknown,low-Budget,11.989476363991853,199.0,0
Washing Machines,Miele wxc280wcs WXC280 WCS Steam W1 Front-loading Washing Machine,1999.0,4.3,24000,Best Buy,Free delivery by Tue,Unknown,low-Budget,43.369158333053484,1999.0,0
Washing Machines,GE Profile 5.5 Cu. Ft. Capacity Smart Front Load Energy STAR Steam Washer,1198.97,3.3,2380,PC Richard & Son,Unknown,GE,low-Budget,25.658410293406646,1198.97,0
Washing Machines,Costway Full Automatic Washing Machine with 8 Preset Programs,184.99,4.18,6100,Costway,Free delivery by Thu,Unknown,low-Budget,36.433749319414744,184.99,0
Washing Machines,GE 4.0 Cu. Ft. Capacity Washer with Stainless Steel Basket and Water Level Control,529.2,4.0,27000,Famous Tate Appliance & Bedding Centers,Free delivery,GE,low-Budget,40.81451672535059,529.2,0
Washing Machines,Samsung 5.1 Cu. Ft. White Agitator Top Load Washer,699.0,4.6,7780,Lowe's,Unknown,Samsung,low-Budget,41.21342466063788,699.0,0
Washing Machines,LG 5.5 Cu. ft Top Load Washer,439.6,4.3,6030,Serigrafia.eus,Unknown,LG,low-Budget,37.430072887839245,439.6,0
Washing Machines,Samsung 5.0 Cu. Ft. Ivory Front Load Washer with Super Speed Wash and Steam,949.0,4.5,42000,Home Depot,Unknown,Samsung,low-Budget,47.90451917927643,949.0,0
Washing Machines,Whirlpool 4.5 Cu. Ft. Top Load Agitator Washer with Built-In Faucet,648.0,3.8,14000,BrandsMart USA,Unknown,Whirlpool,low-Budget,36.27815933154811,648.0,0
Washing Machines,Whirlpool 3.5 Cu. Ft. Top Load Washer WTW4816FW,499.0,3.9,260000,Lowe's,Unknown,Whirlpool,low-Budget,48.62691894896204,499.0,0
Washing Machines,Maytag 4.2 Cu. Ft. Capacity Top Load Washer,569.0,4.0,17000,Home Depot,Unknown,Unknown,low-Budget,38.96410977935091,569.0,0
Washing Machines,Samsung 4.5 Cu. Ft. Top Load Washer with Vibration Reduction Technology+ wa45t3200aw,549.0,4.3,80000,Lowe's,Unknown,Samsung,low-Budget,48.54611597838495,549.0,0
Washing Machines,Insignia 4.1 Cu. Ft. Top Load Washer with ColdMotion Technology,449.99,4.6,8930,Best Buy,Free delivery,Insignia,low-Budget,41.847504788545876,449.99,0
Washing Machines,LG 4.1 Cu. ft Agitator Top Load Washer with TurboDrum Technology,548.97,4.2,57000,PC Richard & Son,Unknown,LG,low-Budget,45.993461180194274,548.97,0
Washing Machines,Maytag 5.3 Cu. ft Smart Top Load Impeller Washer with Extra Power,510.99,3.8,5340,Pateora,Free delivery,Unknown,low-Budget,32.61603908529113,510.99,0
Washing Machines,GE 4.5 Cu ft Capacity Washer with Stainless Steel Basket and Cold Plus,599.0,4.2,97000,Lowe's,Unknown,GE,low-Budget,48.22640158018507,599.0,0
Washing Machines,Amana 3.8 Cu. Ft. Large Capacity Top Load Washer with High-Efficiency Agitator,499.0,3.7,35000,Home Depot,Unknown,Unknown,low-Budget,38.71358807252028,499.0,0
Washing Machines,Hotpoint 4.0 Cu. Ft. Capacity Washer with Stainless Steel,498.12,4.1,26000,Electronic Express,Free delivery,Hotpoint,low-Budget,41.68015013899006,498.12,0
Washing Machines,Maytag Top Load Washer with Deep Fill,579.0,3.8,240000,Brothers Main,Free delivery,Unknown,low-Budget,47.075913802132035,579.0,0
Washing Machines,GE 4.5 Cu. Ft. Capacity Washer with Water Level Control,649.0,4.3,25000,Bray & Scarff,Unknown,GE,low-Budget,43.544685743116545,649.0,0
Washing Machines,Insignia 3.7 Cu. Ft. High Efficiency 12-Cycle Top-Loading Washer,399.99,4.3,24000,Best Buy,Free delivery,Insignia,low-Budget,43.369158333053484,399.99,0
Washing Machines,4.2-4.3 Cu. Ft. Whirlpool Top Load Washer with 2-in-1 Removable Agitator and Soft Close Glass Lid wtw4307sw,588.0,4.1,24000,Abt Electronics & Appliances,Unknown,Whirlpool,low-Budget,41.35198817802774,588.0,0
Washing Machines,Samsung 4.5 Cu. Ft. White Front Load Washer,729.0,4.2,62000,Lowe's,Unknown,Samsung,low-Budget,46.34660433030354,729.0,0
Washing Machines,Midea Top Load Washer 4.1 Cu ft mltw41a1bww,478.97,4.2,270,PC Richard & Son,Unknown,Unknown,low-Budget,23.528899047694747,478.97,0
Washing Machines,Speed Queen White Top Load Washer tr5006wn,1399.0,4.6,35000,Slyman Bros,Free delivery by Tue,Unknown,low-Budget,48.13040679286304,1399.0,0
Washing Machines,GE Profile 5.0 Cu. Ft. Top Load Washer with Smarter Wash Technology & FlexDispense,499.99,4.0,74000,Ace Family Hardware,Unknown,GE,low-Budget,44.84733554243405,499.99,0
Washing Machines,Maytag 4.8 Cu Ft. Top Load Impeller Washer with Extra Power and Pet Pro Option,563.34,3.9,1720,Appliance Direct,Unknown,Unknown,low-Budget,29.057577105225004,563.34,0
Washing Machines,Samsung 4.5 Cu. ft Front Load Washer,799.0,4.4,80000,cityhome.com,Unknown,Samsung,low-Budget,49.67509541974274,799.0,0
Washing Machines,GE 4.0 Cu. Ft. Capacity Washer with Stainless Steel Basket and Water Level Control,529.2,4.0,27000,Famous Tate Appliance & Bedding Centers,Free delivery,GE,low-Budget,40.81451672535059,529.2,0
Washing Machines,Maytag 4.3 Cu. Ft. Capacity Top Load Washer,569.0,3.9,910,Lowe's,Unknown,Unknown,low-Budget,26.576717299313838,569.0,0
Washing Machines,Speed Queen tr3006wn Top Load Washer,1299.0,4.5,14000,Bray & Scarff,Unknown,Unknown,low-Budget,42.960978155780666,1299.0,0
Washing Machines,GE 5.0 Cu.Ft. Smart Front Load Washer with Steam,749.0,4.1,22000,Appliance Plus,Unknown,GE,low-Budget,40.99525706199681,749.0,0
Washing Machines,LG 5.0 Cu. ft Front Load Washer,370.99,4.5,12000,Pateora,Free delivery,LG,low-Budget,42.26735366384148,370.99,0
Washing Machines,Whirlpool 4.2 4.3 Cu. ft Top Load Washer with 2-in-1 Removable Agitator wtw4107sw,549.0,3.8,11000,Town Appliance,Unknown,Whirlpool,low-Budget,35.36181753560985,549.0,0
Washing Machines,Samsung 5.2 Cu. ft Top Load Washer,699.0,4.4,9020,Home Depot,Unknown,Samsung,low-Budget,40.07216607528922,699.0,0
Washing Machines,Samsung 5.2 cu. ft. Top Load Washer with Super Speed Wash,699.0,4.4,22000,Lowe's,Unknown,Samsung,low-Budget,43.99491001775268,699.0,0
Washing Machines,Speed Queen TC5 3.2 Cu. Ft. Matte Black Top Load Washer,1599.0,4.7,1400,Famous Tate Appliance & Bedding Centers,Free delivery,Unknown,low-Budget,34.051225267783934,1599.0,0
Washing Machines,Samsung 5.0 Cu. Ft. Smart Front Load Washer with Super Speed Wash & Steam,949.12,4.5,42000,Best Buy,Unknown,Samsung,low-Budget,47.90451917927643,949.12,0
Washing Machines,Speed Queen Washer awn63rsn115tw01,1399.0,5.0,10,Hartville Hardware,Free delivery by Fri,Unknown,low-Budget,11.989476363991853,1399.0,0
Washing Machines,LG 5.5 Cu. ft Top Load Washer,439.6,4.3,6030,Serigrafia.eus,Unknown,LG,low-Budget,37.430072887839245,439.6,0
Washing Machines,Maytag – 3.8 Cu. Ft. High Efficiency Top Load Washer with PowerWash Agitator – White,314.99,4.18,11420,Pateora,Free delivery,Unknown,low-Budget,39.05461380831154,314.99,0
Washing Machines,GE ENERGY STAR 4.6 cu. ft. Capacity Washer with Stainless Steel Basket and Stain PreTreat GTW538ASWWS,589.0,3.7,8470,Home Depot,Unknown,GE,low-Budget,33.46429422439674,589.0,0
Washing Machines,Speed Queen White Top Load Washer tr7006wn,1599.96,4.6,36000,Deranleau's,Unknown,Unknown,low-Budget,48.25998917621905,1599.96,0
Washing Machines,Hotpoint 4.0 cu. ft. Top Load Washer in White with Cold Plus and Water Level Control,17.99,4.18,6100,Rent-A-Center,Free delivery,Hotpoint,low-Budget,36.433749319414744,17.99,0
Washing Machines,Samsung 5.4 Cu. ft Agitator Top Load Washer,849.0,4.4,12000,Appliance Factory & Mattress Kingdom,Unknown,Samsung,low-Budget,41.32807913797834,849.0,0
Washing Machines,Maytag Top Load Washer with Extra Power,899.99,3.8,100000,Best Buy,Free delivery,Unknown,low-Budget,43.74915476669687,899.99,0
Washing Machines,LG Top Load Washer,849.0,4.5,1560,Lowe's,Unknown,LG,low-Budget,33.08886864231945,849.0,0
Washing Machines,Whirlpool 5.2 5.3 Cu. ft Top Load Washer 2 in 1 Removable Agitator,998.0,4.0,90000,Abt Electronics & Appliances,Unknown,Whirlpool,low-Budget,45.63030424144714,998.0,0
Washing Machines,Whirlpool 4.8 Cu. Ft. Smart Top Load Washer,489.99,3.8,23000,Pateora,Free delivery,Whirlpool,low-Budget,38.164513294462616,489.99,0
Laptop,13-inch Apple MacBook Air M5,1299.0,4.9,30000,Apple,Free next-day delivery,Apple,low-Budget,50.514031367768204,1299.0,0
Laptop,"HP OmniBook 3 14"" Laptop Copilot+ PC Snapdragon X",499.99,4.7,240,Best Buy,Free delivery by Mon,HP,low-Budget,25.77854558740608,499.99,0
Laptop,"Microsoft 13"" Surface Laptop Copilot+ PC",849.99,4.7,6050,Microsoft Store,Free delivery by Thu,Microsoft,low-Budget,40.92750048512491,849.99,0
Laptop,"Lenovo IdeaPad Slim 3i 15.6"" Full HD Laptop",329.0,4.5,2190,Walmart - Easy Tech Llc/SN recorded,Free delivery,Lenovo,low-Budget,34.6145100281796,329.0,0
Laptop,Dell XPS 14 Laptop w/ Windows 11 OS & Intel Core Ultra,2079.99,3.9,1580,Dell,Free delivery,Dell,low-Budget,28.72667006511694,2079.99,0
Laptop,Razer Blade 16 Ultra-thin 16-inch AMD gaming laptop,2399.99,4.43,6100,Razer.com,Free delivery,Unknown,low-Budget,38.612801312202706,2399.99,0
Laptop,Apple MacBook Neo 13-inch A18 Pro chip,690.0,4.8,54000,Best Buy,Unknown,Apple,low-Budget,52.30443765068863,690.0,0
Laptop,GeekBook M16 Laptop Intel Ultra,849.0,4.5,1390,geekompc.com,Free delivery by Fri,Unknown,low-Budget,32.57000186365549,849.0,0
Laptop,"NIMO 17.3"" AI Laptop AMD Ryzen AI 9 HX 370 Radeon 890m",1399.99,4.2,640,Nimo,Free delivery,Unknown,low-Budget,27.144723719066814,1399.99,0
Laptop,"Microsoft Surface Pro 13"" Snapdragon X2 Plus",1599.99,4.7,320,B&H Photo-Video-Audio,Free delivery by Wed,Microsoft,low-Budget,27.125773278711076,1599.99,0
Laptop,15-inch Apple MacBook Air M5,1999.0,4.9,15000,Apple,Free next-day delivery,Apple,low-Budget,47.11777350819156,1999.0,0
Laptop,"Acer Chromebook 315 – 15.6"" FHD Laptop with Google AI MediaTek Kompanio 540 – 4GB Memory – 128GB Storage – Wi-Fi 6E",379.0,4.6,600,Best Buy,Free delivery,Acer,low-Budget,29.433536698861953,379.0,0
Laptop,Dell 14 Plus Laptop 2.5k Intel Core Ultra,1399.99,4.3,9940,Dell,Free delivery,Dell,low-Budget,39.57901846231223,1399.99,0
Laptop,"HP Stream 14"" Laptop Intel Celeron N4120 4GB RAM 64GB eMMC",259.9,3.6,21000,Walmart,Free delivery,HP,low-Budget,35.82837120462994,259.9,0
Laptop,"ASUS 15.6"" Vivobook 15 Touchscreen Laptop Intel Core-i7 1355U",749.99,4.43,6100,Electronic Express,Free delivery,Asus,low-Budget,38.612801312202706,749.99,0
Laptop,"Lenovo IdeaPad Slim 3x 15.3"" Touchscreen Copilot+ PC Laptop",799.99,4.6,4620,Lenovo,Free delivery,Lenovo,low-Budget,38.816485490003224,799.99,0
Laptop,"Microsoft Surface Laptop 13.8"" 2K Touchscreen Snapdragon X2 Elite 2026",1399.99,4.8,390,Microsoft Store,Free delivery by Thu,Microsoft,low-Budget,28.649796287929757,1399.99,0
Laptop,"New Lenovo Ideapad Slim 3 15itn9 15.6"" N150 1.0ghz 8GB RAM 128GB SSD",349.99,4.7,190,Best Buy,Free delivery by Mon,Lenovo,low-Budget,24.68568511181916,349.99,0
Laptop,"HP OmniBook 3 Laptop AI 16t-bw000 16"" AMD Ryzen 5",589.99,3.7,70,HP,Free delivery,HP,low-Budget,15.771915545052869,589.99,0
Laptop,"Dell 15 dc15250 15.6"" Laptop Computer",1049.99,4.0,1830,Dell,Free delivery,Dell,low-Budget,30.050470178698042,1049.99,0
Laptop,"MSI 16"" Vector 16 HX AI Gaming Laptop",2299.0,4.0,10,Walmart - Newegg Inc.,Free delivery,Unknown,low-Budget,9.591581091193483,2299.0,0
Laptop,"HP OmniBook X Flip 2-in-1 16"" 2K OLED Touchscreen Laptop",1419.99,4.6,2510,Newegg.com - Rockystone,Free delivery,HP,low-Budget,36.01080725212489,1419.99,0
Laptop,GeekBook X14 Pro best Laptop Ultra 9-185H 32GB RAM 1TB SSD,1119.0,4.43,1390,geekompc.com,Free delivery by Fri,Unknown,low-Budget,32.06335739022085,1119.0,0
Laptop,"HP 14"" HD Laptop Intel Processor N150 4GB RAM",258.41,4.6,470,Best Buy,Unknown,HP,low-Budget,28.31234723247552,258.41,0
Laptop,"Dell 156"" 2K Touchscreen Laptop Intel Core i5 1334U 2023",539.99,4.5,2210,Lowe's,Free delivery by Thu,Dell,low-Budget,34.655400813858506,539.99,0
Laptop,14-inch Apple MacBook Pro M5 CPU GPU,2389.0,4.8,5420,Expercom - Apple Premier Partner,Unknown,Apple,low-Budget,41.270570780449624,2389.0,0
Laptop,"Hp 14-ep2011wm 14"" HD N150 0.8GHz Intel UHD Graphics 4GB RAM 128gb SSD Win 11 Home Tranquil",259.99,3.6,9370,Walmart - Value Tech,Free delivery,HP,low-Budget,32.923350335245765,259.99,0
Laptop,New Lenovo Chromebook m Cosmic Blue Laptop MediaTek,299.0,4.55,600,Best Buy,Free delivery by Mon,Lenovo,low-Budget,29.113606952135193,299.0,0
Laptop,GeekBook X14 Pro Laptop Ultra 9 185H 32GB,1119.0,4.43,1390,geekompc.com,Free delivery by Fri,Unknown,low-Budget,32.06335739022085,1119.0,0
Laptop,"Dell Inspiron 3535 Laptop 15.6"" Ryzen 3 7320u 8GB 512gb Windows 11 Home Carbon",1149.99,4.4,4420,Dell,Free delivery,Dell,low-Budget,36.93413325283547,1149.99,0
Laptop,MSI Raider 18 HX AI A2XWIG-014US Gaming Laptop,3499.0,5.0,20,EXcaliberPC.com,Unknown,Unknown,low-Budget,15.222612188617115,3499.0,0
Laptop,"HP 14-dq6101dx 14"" Laptop Intel Core N150 4GB RAM",249.99,4.4,1360,Walmart - deal catcher,Free delivery,HP,low-Budget,31.750290011666454,249.99,0
Laptop,LG gram Book 16 Inch Copilot+ PC Windows 11 Home Dual AI Touchscreen Laptop AMD Ryzen AI 7 16GB RAM 1TB SSD Black,998.0,4.8,330,Best Buy,Unknown,LG,low-Budget,27.8501682018099,998.0,0
Laptop,Apple MacBook Air M2,799.0,4.8,52000,bkstr.com,Unknown,Apple,low-Budget,52.12328749510986,799.0,0
Laptop,"Lenovo IdeaPad 3 15IJL6 15.6"" Chromebook Intel Celeron N4500",85.2,4.5,11000,Rothirsch Getränke,Unknown,Lenovo,low-Budget,41.87583655532746,85.2,0
Laptop,"HP OmniBook 5 Laptop Computer 16"" 2K Snapdragon X 16 GB memory SSD",699.99,4.3,740,HP,Free delivery,HP,low-Budget,28.414402688773173,699.99,0
Laptop,Dell Pro 16 Plus PB16250,2105.98,4.4,4380,Walmart - antonline.com,Unknown,Dell,low-Budget,36.89414206638116,2105.98,0
Laptop,"Lenovo IdeaPad Slim 3 Chromebook 14"" 2K Touchscreen Laptop",256.99,4.5,640,Best Buy,Unknown,Lenovo,low-Budget,29.083632556143016,256.99,0
Laptop,Apple 14-inch MacBook Pro M5 Pro chip w 18-core CPU,3699.0,5.0,60,Adorama,Free delivery by Wed,Apple,low-Budget,20.554369320866556,3699.0,0
Laptop,"Microsoft Surface Laptop Copilot+ PC 13.8"" Snapdragon X",1399.99,4.5,5280,Microsoft Store,Free delivery by Thu,Microsoft,low-Budget,38.5734183871812,1399.99,0
Laptop,"Lenovo IdeaPad Slim 3 Chromebook 14"" 2K Touchscreen Laptop",199.0,4.5,640,Best Buy,Free delivery by Tue,Lenovo,low-Budget,29.083632556143016,199.0,0
Laptop,Dell Inspiron 15.6 FHD Touch Screen Laptop Intel Core i5-1334U Intel UHD Graphics,379.0,3.8,110,Walmart,1 hour delivery $20,Dell,low-Budget,17.89621476498687,379.0,0
Laptop,"HP 14"" HD Laptop Intel Processor N150 4GB RAM",258.41,4.6,470,Best Buy,Unknown,HP,low-Budget,28.31234723247552,258.41,0
Laptop,Apple MacBook Neo 13-inch A18 Pro chip,699.99,4.8,54000,Target,Free delivery,Apple,low-Budget,52.30443765068863,699.99,0
Laptop,13-inch Apple MacBook Air M5,1299.0,4.9,30000,Apple,Free next-day delivery,Apple,low-Budget,50.514031367768204,1299.0,0
Laptop,"HP 14-dq6101dx 14"" Laptop Intel Core N150 4GB RAM",239.97,4.4,1360,Walmart - Premium Electronics Shop,Free delivery,HP,low-Budget,31.750290011666454,239.97,0
Laptop,"ASUS ROG Zephyrus G16 16"" 2.5K OLED 240Hz Gaming Laptop Intel Core Ultra 9 285H",2149.99,4.6,2520,Best Buy,Unknown,Asus,low-Budget,36.029090265064426,2149.99,0
Laptop,"Microsoft Surface Pro 13"" Snapdragon X2 Plus",1599.99,4.7,320,B&H Photo-Video-Audio,Free delivery by Tue,Microsoft,low-Budget,27.125773278711076,1599.99,0
Laptop,"HP OmniBook 3 14"" Laptop Copilot+ PC Snapdragon X",699.99,4.7,240,Best Buy,Free delivery by Mon,HP,low-Budget,25.77854558740608,699.99,0
Laptop,HP OmniBook 3 17.3' FHD Laptop Intel N150 4GB RAM 128GB UFS 2-Year HP Care Pack with Accidental Damage Protection,471.9,3.5,110,Sam's Club,Unknown,HP,low-Budget,16.48335570459317,471.9,0
Laptop,New Asus Rog Strix G16 g614fm Ryzen 9 9955hx 2.5ghz 16gb RAM 1tb Ssd Rtx 5060,1599.0,4.3,920,Walmart,1 hour delivery $20,Asus,low-Budget,29.349478155897817,1599.0,0
Laptop,"New Lenovo Ideapad Slim 3 15itn9 15.6"" N150 1.0ghz 8GB RAM 128GB SSD",349.99,4.7,190,Best Buy,Free delivery by Mon,Lenovo,low-Budget,24.68568511181916,349.99,0
Laptop,15-inch Apple MacBook Air M5,1999.0,4.9,15000,Apple,Free next-day delivery,Apple,low-Budget,47.11777350819156,1999.0,0
Laptop,New Lenovo Chromebook m Cosmic Blue Laptop MediaTek,299.0,4.55,600,Best Buy,Free delivery by Mon,Lenovo,low-Budget,29.113606952135193,299.0,0
Laptop,"Lenovo IdeaPad Slim 3i 156"" Full HD Laptop Intel Core i5",549.99,4.8,1580,BJ's Wholesale Club,Free delivery,Lenovo,low-Budget,35.355901618605465,549.99,0
Laptop,"Lenovo IdeaPad 3 15IJL6 15.6"" Chromebook Intel Celeron N4500",85.2,4.5,11000,Rothirsch Getränke,Unknown,Lenovo,low-Budget,41.87583655532746,85.2,0
Laptop,"HP OmniBook 3 16"" Touchscreen Laptop Intel Core Ultra 5 225U",595.9,4.8,2340,Newegg.com - DISCOUNT TECH,Free delivery,HP,low-Budget,37.24000064395637,595.9,0
Laptop,"Acer Chromebook 315 – 15.6"" FHD Laptop with Google AI MediaTek Kompanio 540 – 4GB Memory – 128GB Storage – Wi-Fi 6E",379.0,4.6,600,Best Buy,Free delivery by Mon,Acer,low-Budget,29.433536698861953,379.0,0
Laptop,"Lenovo IdeaPad Slim 3i 15.6"" Full HD Laptop",329.0,4.5,2190,Walmart - Easy Tech Llc/SN recorded,Free delivery,Lenovo,low-Budget,34.6145100281796,329.0,0
Laptop,16-inch Apple MacBook Pro M5 18 CPU GPU,2999.0,4.8,3760,Apple,Free next-day delivery,Apple,low-Budget,39.515712760657614,2999.0,0
Laptop,"Lenovo - IdeaPad Slim 3 Chromebook - 14"" 2K Touchscreen Laptop - MediaTek Kompanio 540 2025 - 4GB Memory - 64GB eMMC - Blue",299.0,4.5,640,Best Buy,Unknown,Lenovo,low-Budget,29.083632556143016,299.0,0
Laptop,"Microsoft 13"" Surface Laptop Copilot+ PC",849.99,4.7,6050,Microsoft Store,Free delivery by Thu,Microsoft,low-Budget,40.92750048512491,849.99,0
Laptop,Apple 14-inch MacBook Pro M5 Pro chip w 18-core CPU,3699.0,5.0,60,Adorama,Free delivery by Wed,Apple,low-Budget,20.554369320866556,3699.0,0
Laptop,Lenovo Slim 7i Aura Edition 512 GB SSD M.2 2242 computerIe Gen4 QLC,1579.0,4.0,40,B&H Photo-Video-Audio,Unknown,Lenovo,low-Budget,14.854288266817232,1579.0,0
Laptop,"Microsoft Surface Laptop 13.8"" 2K Touchscreen Snapdragon X2 Elite 2026",1999.99,4.8,390,Best Buy,Unknown,Microsoft,low-Budget,28.649796287929757,1999.99,0
Laptop,"HP Stream 14"" Laptop Intel Celeron N4120 4GB RAM 64GB eMMC",259.9,3.6,21000,Walmart,Free delivery,HP,low-Budget,35.82837120462994,259.9,0
Laptop,Razer Blade 16 Ultra-thin 16-inch AMD gaming laptop,2399.99,4.43,6100,Razer.com,Free delivery,Unknown,low-Budget,38.612801312202706,2399.99,0
Laptop,GeekBook X14 Pro best Laptop Ultra 9-185H 32GB RAM 1TB SSD,1119.0,4.43,1390,geekompc.com,Free delivery by Fri,Unknown,low-Budget,32.06335739022085,1119.0,0
Laptop,"HP Victus 15.6"" Gaming Laptop AMD Ryzen 7",1044.99,4.7,13000,Best Buy,Unknown,HP,low-Budget,44.52207331584219,1044.99,0
Laptop,"Dell 156"" 2K Touchscreen Laptop Intel Core i5 1334U 2023",539.99,4.5,2210,Lowe's,Free delivery by Thu,Dell,low-Budget,34.655400813858506,539.99,0
Laptop,"Hp 14-ep2011wm 14"" HD N150 0.8GHz Intel UHD Graphics 4GB RAM 128gb SSD Win 11 Home Tranquil",259.99,3.6,9370,Walmart - Value Tech,Free delivery,HP,low-Budget,32.923350335245765,259.99,0
Laptop,"NIMO 17.3"" AI Laptop AMD Ryzen AI 9 HX 370 Radeon 890m",1399.99,4.2,640,Nimo,Free delivery,Unknown,low-Budget,27.144723719066814,1399.99,0
Laptop,Dell XPS 14 Laptop w/ Windows 11 OS & Intel Core Ultra,2079.99,3.9,1580,Dell,Free delivery,Dell,low-Budget,28.72667006511694,2079.99,0
Laptop,"HyperX HP OMEN 16"" 165Hz 2.5K OLED Gaming Laptop AMD Ryzen 9 8940HX",1889.99,4.6,390,Best Buy,Unknown,HP,low-Budget,27.45605477593268,1889.99,0
Laptop,MSI Raider 18 HX AI A2XWIG-014US Gaming Laptop,3499.0,5.0,20,EXcaliberPC.com,Unknown,Unknown,low-Budget,15.222612188617115,3499.0,0
Laptop,"HP Stream 14-CB174 14"" 64GB Intel Celeron N4000 Win10",77.6,3.6,2410,Serigrafia.eus,Unknown,HP,low-Budget,28.036068761452213,77.6,0
Laptop,"Lenovo IdeaPad Slim 3 15IAN8 15.6"" Laptop Intel Core i3-N305 82xb00c2us",349.0,4.5,22000,Walmart - Express Tech (SN Recorded),Free delivery,Lenovo,low-Budget,44.99479433633796,349.0,0
Laptop,GeekBook X14 Pro Laptop Ultra 9 185H 32GB,1119.0,4.43,1390,geekompc.com,Free delivery by Fri,Unknown,low-Budget,32.06335739022085,1119.0,0
Laptop,Hp 15.6 inch Win 11 Laptop Intel Processor N200 4GB RAM 128gb UFS,314.0,3.7,3700,Best Buy,Unknown,HP,low-Budget,30.400525829828776,314.0,0
Laptop,"Dell 15 dc15250 15.6"" Laptop Computer",1049.99,4.0,1830,Dell,Free delivery,Dell,low-Budget,30.050470178698042,1049.99,0
Laptop,"Lenovo IdeaPad Slim 3 Chromebook 14"" 2K Touchscreen Laptop",256.99,4.5,640,Best Buy,Unknown,Lenovo,low-Budget,29.083632556143016,256.99,0
Laptop,"HP 14"" HD Laptop Intel Processor N150 4GB RAM",258.41,4.6,470,Best Buy,Unknown,HP,low-Budget,28.31234723247552,258.41,0
Laptop,Apple MacBook Neo 13-inch A18 Pro chip,699.99,4.8,54000,Target,Free delivery,Apple,low-Budget,52.30443765068863,699.99,0
Laptop,"Lenovo IdeaPad Slim 3i 156"" Full HD Laptop Intel Core i5",549.99,4.8,1580,BJ's Wholesale Club,Free delivery,Lenovo,low-Budget,35.355901618605465,549.99,0
Laptop,"HP OmniBook 3 14"" Laptop Copilot+ PC Snapdragon X",599.99,4.7,240,Best Buy,Free delivery by Mon,HP,low-Budget,25.77854558740608,599.99,0
Laptop,"Lenovo IdeaPad 3 15IJL6 15.6"" Chromebook Intel Celeron N4500",85.2,4.5,11000,Rothirsch Getränke,Unknown,Lenovo,low-Budget,41.87583655532746,85.2,0
Laptop,"Lenovo - IdeaPad Slim 3 Chromebook - 14"" 2K Touchscreen Laptop - MediaTek Kompanio 540 2025 - 4GB Memory - 64GB eMMC - Blue",299.0,4.5,640,Best Buy,Unknown,Lenovo,low-Budget,29.083632556143016,299.0,0
Laptop,"Microsoft 13"" Surface Laptop Copilot+ PC",849.99,4.7,6050,Microsoft Store,Free delivery by Thu,Microsoft,low-Budget,40.92750048512491,849.99,0
Laptop,"HP Stream 14"" Laptop Intel Celeron N4120 4GB RAM 64GB eMMC",259.9,3.6,21000,Walmart,Free delivery,HP,low-Budget,35.82837120462994,259.9,0
Laptop,"Acer Chromebook 315 – 15.6"" FHD Laptop with Google AI MediaTek Kompanio 540 – 4GB Memory – 128GB Storage – Wi-Fi 6E",379.0,4.6,600,Best Buy,Free delivery by Mon,Acer,low-Budget,29.433536698861953,379.0,0
Laptop,13-inch Apple MacBook Air M5,1299.0,4.9,30000,Apple,Free next-day delivery,Apple,low-Budget,50.514031367768204,1299.0,0
Laptop,New Asus Rog Strix G16 g614fm Ryzen 9 9955hx 2.5ghz 16gb RAM 1tb Ssd Rtx 5060,1599.0,4.3,920,Walmart,Free delivery,Asus,low-Budget,29.349478155897817,1599.0,0
Laptop,"New Lenovo Ideapad Slim 3 15itn9 15.6"" N150 1.0ghz 8GB RAM 128GB SSD",349.99,4.7,190,Best Buy,Free delivery by Mon,Lenovo,low-Budget,24.68568511181916,349.99,0
Laptop,"Dell 156"" 2K Touchscreen Laptop Intel Core i5 1334U 2023",539.99,4.5,2210,Lowe's,Free delivery by Thu,Dell,low-Budget,34.655400813858506,539.99,0
Laptop,"HP 14-dq6101dx 14"" Laptop Intel Core N150 4GB RAM",249.99,4.4,1360,Walmart - deal catcher,Free delivery,HP,low-Budget,31.750290011666454,249.99,0
Laptop,Razer Blade 16 Ultra-thin 16-inch AMD gaming laptop,2399.99,4.43,6100,Razer.com,Free delivery,Unknown,low-Budget,38.612801312202706,2399.99,0
Laptop,Hp 15.6 inch Win 11 Laptop Intel Processor N200 4GB RAM 128gb UFS,314.0,3.7,3700,Best Buy,Unknown,HP,low-Budget,30.400525829828776,314.0,0
Laptop,"Dell 15 dc15250 15.6"" Laptop Computer",1049.99,4.0,1830,Dell,Free delivery,Dell,low-Budget,30.050470178698042,1049.99,0
Laptop,"Dunhoo 15.6 inch Full HD Gaming Laptop for Student, Intel N4000, 8GB Ddr4 Ram, 256gb Ssd, WiFi 5, Windows 11, Silver",259.99,4.43,6100,Walmart - DUNHOO Mall,Free delivery,Unknown,low-Budget,38.612801312202706,259.99,0
Laptop,"NIMO 17.3"" AI Laptop AMD Ryzen AI 9 HX 370 Radeon 890m",1399.99,4.2,640,Nimo,Free delivery,Unknown,low-Budget,27.144723719066814,1399.99,0
Laptop,New Lenovo Chromebook m Cosmic Blue Laptop MediaTek,299.0,4.55,600,Best Buy,Free delivery by Mon,Lenovo,low-Budget,29.113606952135193,299.0,0
Laptop,"Lenovo IdeaPad Slim 3x 15.3"" Touchscreen Copilot+ PC Laptop",799.99,4.6,4620,Lenovo,Free delivery,Lenovo,low-Budget,38.816485490003224,799.99,0
Laptop,"HP OmniBook 3 Laptop AI 16t-bw000 16"" AMD Ryzen 5",589.99,3.7,70,HP,Free delivery,HP,low-Budget,15.771915545052869,589.99,0
Laptop,Dell XPS 14 Laptop w/ Windows 11 OS & Intel Core Ultra,2079.99,3.9,1580,Dell,Free delivery,Dell,low-Budget,28.72667006511694,2079.99,0
Laptop,"HP Stream 14-CB174 14"" 64GB Intel Celeron N4000 Win10",77.6,3.6,2410,Serigrafia.eus,Unknown,HP,low-Budget,28.036068761452213,77.6,0
Laptop,15-inch Apple MacBook Air M5,1499.0,4.9,15000,Apple,Free next-day delivery,Apple,low-Budget,47.11777350819156,1499.0,0
Laptop,Dell Pro 16 PC16250 Core,1529.29,4.4,7480,Best Buy,Unknown,Dell,low-Budget,39.248535708238585,1529.29,0
Laptop,GeekBook X14 Pro best Laptop Ultra 9-185H 32GB RAM 1TB SSD,1119.0,4.43,1390,geekompc.com,Free delivery by Fri,Unknown,low-Budget,32.06335739022085,1119.0,0
Laptop,"Microsoft Surface Pro 13"" Snapdragon X2 Plus",1599.99,4.7,320,B&H Photo-Video-Audio,Free delivery by Tue,Microsoft,low-Budget,27.125773278711076,1599.99,0
Laptop,"Hp 14-ep2011wm 14"" HD N150 0.8GHz Intel UHD Graphics 4GB RAM 128gb SSD Win 11 Home Tranquil",269.0,3.6,9370,Newegg.com - Hooray Store,Free delivery,HP,low-Budget,32.923350335245765,269.0,0
Laptop,Asus TUF A16 Premium Gaming Laptop 16 inch Wuxga IPS 144Hz AMD 6-core Ryzen 7 7445hs Ddr5 SSD Nvidia GeForce RTX 4050 RGB,1199.99,4.43,6100,Walmart - PrimeGear Tech,Free delivery,Asus,low-Budget,38.612801312202706,1199.99,0
Laptop,"Samsung - Galaxy Chromebook Go - 14"" LED Laptop - Intel Celeron- 4GB Memory - 128GB + 128GB SD Card - Silver",329.99,4.55,600,Best Buy,Unknown,Samsung,low-Budget,29.113606952135193,329.99,0
Laptop,GeekBook X14 Pro Laptop Ultra 9 185H 32GB,1119.0,4.43,1390,geekompc.com,Free delivery by Fri,Unknown,low-Budget,32.06335739022085,1119.0,0
Laptop,Dell 14 Plus Laptop 2.5k Intel Core Ultra,1399.99,4.3,9940,Dell,Free delivery,Dell,low-Budget,39.57901846231223,1399.99,0
Laptop,"ASUS 15.6"" Vivobook 15 Touchscreen Laptop Intel Core-i7 1355U",749.99,4.43,6100,Electronic Express,Free delivery,Asus,low-Budget,38.612801312202706,749.99,0
Laptop,"Lenovo IdeaPad 14"" Laptop Intel Pentium Silver N6000 82LV003WUS",359.99,4.1,810,Walmart,Free delivery,Lenovo,low-Budget,27.46289902187319,359.99,0
Laptop,"Bundle - Lenovo - IdeaPad Slim 3 Chromebook - 14"" 2K Touchscreen Laptop - MediaTek Kompanio 540 2025 - 4GB Memory - 64GB eMMC Cosmic Blue - Carry Case",299.99,4.5,640,Best Buy,Unknown,Lenovo,low-Budget,29.083632556143016,299.99,0
Laptop,GeekBook M16 Laptop Intel Ultra,849.0,4.5,1390,geekompc.com,Free delivery by Fri,Unknown,low-Budget,32.57000186365549,849.0,0
Laptop,MSI Raider 18 HX AI A2XWIG-014US Gaming Laptop,3499.0,5.0,20,EXcaliberPC.com,Unknown,Unknown,low-Budget,15.222612188617115,3499.0,0
headphones,Anker Soundcore Q20i Hybrid Active Noise Cancelling Headphones,39.99,4.8,73000,Best Buy,Free delivery by Mon,Unknown,low-Budget,53.75149640960083,39.99,0
headphones,Beats Studio Pro Wireless Headphones,149.0,4.6,200000,Walmart,Free delivery,Unknown,low-Budget,56.14795716938129,149.0,0
headphones,Sennheiser Momentum 5 Wireless Headphones,399.95,4.6,3150,Sennheiser Consumer Audio US,Free delivery by Thu,Unknown,low-Budget,37.05518565208346,399.95,0
headphones,JBL Live 780NC Over Ear Noise Cancelling Wireless Headphones,199.95,4.6,4090,Sweetwater,Free delivery by Wed,JBL,low-Budget,38.25610570247523,199.95,0
headphones,Bowers & Wilkins PX8 Over-Ear Noise Canceling Wireless Headphones,479.0,4.8,44000,Bowers & Wilkins,Free delivery,Unknown,low-Budget,51.321444671591344,479.0,0
headphones,Sony 1000X THE COLLEXION Wireless Noise Cancelling Headphones,648.0,4.5,5370,Macy's,Free delivery by Fri,Sony,low-Budget,38.64946225457457,648.0,0
headphones,Anker Soundcore Space One Wireless Noise Cancelling Headphones,79.99,4.7,32000,soundcore US,Free delivery,Unknown,low-Budget,48.755555427079884,79.99,0
headphones,Bose QuietComfort Noise Cancelling Headphones,269.0,4.6,76000,Best Buy,Unknown,Bose,low-Budget,51.69710817455254,269.0,0
headphones,JLab Studio 2 Wired Headphones,19.99,4.5,1840,JLab,Free delivery,Unknown,low-Budget,33.83128881554885,19.99,0
headphones,Shokz OpenRun Pro 2,179.95,4.6,85000,Lowe's,Free delivery by Thu,Unknown,low-Budget,52.211924180502,179.95,0
headphones,Panasonic RP-HT161-K Over-Ear Headphones,16.99,4.3,5890,Shop Panasonic USA,Unknown,Panasonic,low-Budget,37.32907847854326,16.99,0
headphones,Onn. Wireless Bluetooth On-Ear Headphones,12.88,4.0,24000,Walmart,Unknown,Unknown,low-Budget,40.34340310051487,12.88,0
headphones,Audio Technica ATH-M40x Monitor Headphones,109.0,4.8,33000,Parts Express,Free delivery,Unknown,low-Budget,49.940607086495,109.0,0
headphones,Headphones Marshall Major V,124.99,4.7,23000,Rough Trade NYC,Free delivery,Unknown,low-Budget,47.20347696946692,124.99,0
headphones,Apple AirPods Max,429.0,4.6,120000,B&H Photo-Video-Audio,Free delivery by Wed,Apple,low-Budget,53.79817463328885,429.0,0
headphones,Skullcandy Icon 180 On Ear Headphones,49.99,4.0,560,Best Buy,Unknown,Unknown,low-Budget,25.318883622090784,49.99,0
headphones,Sennheiser MOMENTUM 4 Wireless Headphones,299.95,4.6,87000,Sennheiser Consumer Audio US,Free delivery by Thu,Unknown,low-Budget,52.31890450238826,299.95,0
headphones,Bowers & Wilkins Px8 S2 Wireless Headphones,749.0,4.8,13000,Sweetwater,Free delivery by Wed,Unknown,low-Budget,45.469351471498406,749.0,0
headphones,JBL Tune 530BT Bluetooth Wireless On-Ear Headphones,39.95,4.7,6540,Home Depot,Free delivery,JBL,low-Budget,41.293473088417706,39.95,0
headphones,TOZO HT3 Headphones 90H Playtime & Smart Adaptive ANC,49.99,4.5,460,TOZO,Free delivery,Unknown,low-Budget,27.600291193484917,49.99,0
headphones,Focal Bathys Wireless Noise Cancelling Headphones,799.0,4.7,8230,Sam Ash Direct,Free delivery by Fri,Unknown,low-Budget,42.37361512697143,799.0,0
headphones,Beats Solo 4 On-Ear Wireless Headphones,139.97,4.5,120000,Best Buy,Unknown,Unknown,low-Budget,52.62864909778258,139.97,0
headphones,Anker Soundcore Q20i Plus Hybrid Active Noise Cancelling Over-Ear Bluetooth Headphones,39.99,4.4,140,Target,Free delivery,Unknown,low-Budget,21.774543517663943,39.99,0
headphones,Anker Soundcore Space One Pro Wireless Headphones,169.98,4.6,6070,soundcore US,Free delivery,Unknown,low-Budget,40.07188162959999,169.98,0
headphones,Dyson OnTrac,249.99,4.6,5880,Dyson Official,Free delivery,Unknown,low-Budget,39.925617634515795,249.99,0
headphones,JBL Tune 730BT Wireless Over-Ear Headphones,59.95,4.6,7310,Dell,Free delivery by Fri,JBL,low-Budget,40.92682257454925,59.95,0
headphones,Sony WH-CH520 Wireless Headphones,68.0,4.7,290000,Best Buy,Free delivery by Mon,Sony,low-Budget,59.114906356093094,68.0,0
headphones,JBL Tune 780NC Wireless Noise Cancelling Over-Ear Headphones,109.95,4.6,4710,Sweetwater,Free delivery by Wed,JBL,low-Budget,38.90521520202018,109.95,0
headphones,Maxell HP-200 Stereo Headphones 190318,10.99,4.3,2000,staples.com,Unknown,HP,low-Budget,32.68603003871005,10.99,0
headphones,Sennheiser HD 560S Headphones,198.99,4.7,11000,Target,Free delivery,Unknown,low-Budget,43.73698484667535,198.99,0
headphones,Onn On-Ear Headphones with 3.5 mm Connector,7.93,4.6,2310,Walmart,Unknown,Unknown,low-Budget,35.62900380726215,7.93,0
headphones,Nothing Headphone Wireless Headphones,199.0,4.8,2510,Best Buy,Free delivery by Mon,Nothing,low-Budget,37.576494523956406,199.0,0
headphones,ADAM Audio H200 Closed Back Headphones,179.99,4.7,420,Guitar Center,Free delivery,Unknown,low-Budget,28.400374318307193,179.99,0
headphones,Skullcandy Crusher 1080 ANC Wireless Bluetooth Over-Ear Headphones,198.99,4.3,410,NFM,Unknown,Unknown,low-Budget,25.879950822333807,198.99,0
headphones,Pioneer DJ HDJ-X10 Professional Headphones,449.0,4.9,4620,ProAudioStar,Free delivery by Thu,Unknown,low-Budget,41.34799541326431,449.0,0
headphones,Bose QuietComfort Headphones Noise,359.0,4.8,840,Dell,Free delivery by Fri,Bose,low-Budget,32.32603996787015,359.0,0
headphones,Creative Zen Hybrid 2 Twin Pack,59.99,4.8,360,Creative Labs,Free delivery,Unknown,low-Budget,28.266614199997825,59.99,0
headphones,Audio-Technica ATH-M50x Monitor Headphones,154.5,4.7,10000,Best Buy,Unknown,Unknown,low-Budget,43.289069724789634,154.5,0
headphones,SUGIFT Wireless Over Ear Headphones Bluetooth 5.4 Active Noise Cancelling Headset,47.99,4.8,1160,Target,Free delivery,Unknown,low-Budget,33.87377751214988,47.99,0
headphones,Meze Audio Poet Open-Back Headphones,2000.0,5.0,120,Sweetwater,Free delivery by Wed,Unknown,low-Budget,23.978952727983707,2000.0,0
headphones,SHOKZ OpenDots ONE,199.95,4.4,32000,Staples,Free delivery by Wed,Unknown,low-Budget,45.64349869769181,199.95,0
headphones,Shokz - OpenDots One - Open Ear True Wireless Earbuds -Black,94.99,4.44,6100,eBay,Free delivery,Unknown,low-Budget,38.69996339191423,94.99,0
headphones,"Shokz Opendots One-open-ear Headphones, Clip-on Earbuds-wireless",370.77,2.8,32000,eBay - easymos-15,Free delivery,Unknown,low-Budget,29.045862807622058,370.77,0
headphones,"Opendots One-open-ear Headphones, Clip-on Earbuds-wireless Bluetooth",399.99,4.6,32000,eBay - helen_shop_italia,Free delivery,Unknown,low-Budget,47.71820318395052,399.99,0
headphones,"Shokz - OpenDots ONE Open-Ear True Wireless Earbuds - Grey E310,NEW,SEALED - New Electronics",143.0,5.0,33000,Mercari,Free delivery,Unknown,low-Budget,52.02146571509896,143.0,0
headphones,Shokz Opendots One E310 Earphone Ear-clip Wireless Bluetooth Earbuds,207.09,5.0,33000,eBay - eyoun53,Unknown,Unknown,low-Budget,52.02146571509896,207.09,0
headphones,"Mas Carney USB C Wired Earbuds for iPhone and Samsung Galaxy, Black",7.99,4.44,6100,Walmart - WAIKAS Store,Unknown,Samsung,low-Budget,38.69996339191423,7.99,0
headphones,SHOKZ OpenDots ONE,199.95,4.4,32000,Potomac River Running,Unknown,Unknown,low-Budget,45.64349869769181,199.95,0
headphones,JLab GO Air POP True Wireless Bluetooth In-Ear Headphones - Teal,66.49,5.0,310000,Reebelo USA,Free delivery by Wed,Unknown,low-Budget,63.22165401131289,66.49,0
headphones,Jlab Go Air Pop Wireless Headphones - New Electronics,32.0,3.7,310000,Mercari,Free delivery,Unknown,low-Budget,46.78402396837154,32.0,0
headphones,JLab Audio Go Air Pop True Wireless Earbuds - 2.0 ea,29.99,4.4,310000,Walgreens.com,Unknown,Unknown,low-Budget,55.63505552995535,29.99,0
headphones,Steven Slate Audio Audio VSX Modeling Headphones - Edition Platinum,399.0,5.0,960,Sweetwater,Free delivery by Wed,Unknown,low-Budget,34.33987204485146,399.0,0
headphones,Sonos Ace Wireless Noise Canceling Headphones,399.0,4.3,39000,Freedom Room,Unknown,Unknown,low-Budget,45.4567730329774,399.0,0
headphones,JLab Wireless Bluetooth Earbuds with Charging Case | Canal Earbud (In Ear Canal) | Bluetooth/Wireless,35.92,2.5,310000,eBay - cantabridge,Free delivery,Unknown,low-Budget,31.610827005656446,35.92,0
headphones,Sonos Ace Wireless Noise Canceling Headphones,349.0,4.3,39000,Crutchfield,Free delivery by Wed,Unknown,low-Budget,45.4567730329774,349.0,0
headphones,Hisenior Audio Mega5-EST In-Ear Headphones Universal Tribrid Drivers,549.0,4.5,1380,Headphones.com,Free delivery,Unknown,low-Budget,32.537534190341816,549.0,0
headphones,JLab - GO Air POP True Wireless in-Ear Headphones - Cloud White1,12.0,4.44,6100,Whatnot,Unknown,Unknown,low-Budget,38.69996339191423,12.0,0
headphones,JLab Wireless Bluetooth Earbuds with Charging Case | Canal Earbud (In Ear Canal) | Bluetooth/Wireless,40.12,3.2,70,eBay - cantabridge,Free delivery,Unknown,low-Budget,13.64057560653221,40.12,0
headphones,Bowers & Wilkins PX8 Over-Ear Noise Canceling Wireless Headphones,479.0,3.3,44000,Bowers & Wilkins,Free delivery,Unknown,low-Budget,35.28349321171905,479.0,0
headphones,"Wired Headphones for Kids, 85dB Volume Limit, 3.5mm Kids Headphones with Cord &usb C to 3.5mm Dongle, Adjustable, Foldable Toddler headsets for School",10.0,4.6,240,Walmart - Jelly Comb,Unknown,Unknown,low-Budget,25.23006589405701,10.0,0
headphones,Beats Solo4 Bluetooth Wireless On-Ear Headphones-Cloud Pink,2504.3,3.6,120000,iPromo,Free delivery,Unknown,low-Budget,42.10291927822606,2504.3,0
headphones,JBL Tune 520BT Wireless On-Ear Headphones-Blue (BL),858.4,5.0,100000,iPromo,Free delivery,JBL,low-Budget,57.56467732460115,858.4,0
headphones,"Wired Headphones for Kids, 85dB Volume Limit, 3.5mm Kids Headphones with Cord &usb C to 3.5mm Dongle, Adjustable, Foldable Toddler headsets for School",10.93,4.6,250,Walmart - Jelly Comb,Unknown,Unknown,low-Budget,25.4170835200062,10.93,0
headphones,"Keewonda 4-Pack Wired Classroom Headphones, No Mic, Individually Bagged Bulk Headphones for School Testing, Laptop, Library - Black, Orange, Green,",13.95,4.44,6100,Walmart - KEEWONDA,Unknown,Unknown,low-Budget,38.69996339191423,13.95,0
headphones,Anker Soundcore Q30 Wireless Over Ear Headphone Active Noise,59.99,4.44,6100,eBay - ankerdirect,Free delivery,Unknown,low-Budget,38.69996339191423,59.99,0
headphones,"Wired Headphones for Kids, 85dB Volume Limit, 3.5mm Kids Headphones with Cord &usb C to 3.5mm Dongle, Adjustable, Foldable Toddler headsets for School",10.93,4.5,250,Walmart - Jelly Comb,Unknown,Unknown,low-Budget,24.864538226093025,10.93,0
headphones,Bundle - Bose - QuietComfort Wireless Noise Cancelling Over-Ear Headphones SANDSTONE,708.0,4.58,51500,Best Buy,Unknown,Bose,low-Budget,49.690052788040795,708.0,0
headphones,Wireless On-Ear Headphones JBL Pure Bass 57hr Battery Foldable Bluetooth,84.0,4.44,6100,Poshmark,Unknown,JBL,low-Budget,38.69996339191423,84.0,0
headphones,Beats Solo4 Bluetooth Wireless On-Ear Headphones-SLATE BLUE,2504.3,2.5,120000,iPromo,Free delivery,Unknown,low-Budget,29.23813838765699,2504.3,0
headphones,Beyerdynamic DT 990 Pro X Open Back Studio Headphones,199.99,4.5,10,Reverb,Free delivery,Unknown,low-Budget,10.790528727592669,199.99,0
headphones,12 JBL Tune 520BT Wireless On-Ear Headphones,75.02,5.0,100000,Successories,Unknown,JBL,low-Budget,57.56467732460115,75.02,0
headphones,JBL Tune 530BT Wireless On-Ear Headphones,805.02,3.5,6080,PromoLeaf,Unknown,JBL,low-Budget,30.495235522920385,805.02,0
headphones,Toy Story 5 Headphones,19.99,3.3,340,Walmart,Unknown,Unknown,low-Budget,19.245212175035604,19.99,0
headphones,JBL Tune 520BT Wireless On-Ear Headphones-Black,858.4,2.7,100000,iPromo,Free delivery,JBL,low-Budget,31.08492575528462,858.4,0
headphones,Kali Audio HP-1 Multi-Reference Studio Headphones,199.0,3.1,270,Sweetwater,Unknown,HP,low-Budget,17.366568344727074,199.0,0
headphones,Jbl Tune 730bt - Wireless Over-Ear Headphones - Black (Sold without manufacturer warranty),74.95,4.44,23000,Walmart - Seller,Free delivery,JBL,low-Budget,44.592220796687904,74.95,0
headphones,"Oneodio A71d Wired over-Ear Headphones - Hi-Res Studio Monitor DJ Headset with 3.5/6.35mm Dual Jack, for AMP Recording Podcast Mixing PC Guitar, Black",26.99,5.0,790,Walmart - OneOdio-USA,Unknown,Unknown,low-Budget,33.36648983883827,26.99,0
headphones,Beats Solo 4 Bluetooth Wireless On-Ear Headphones,162.99,5.0,1040,Overseas Electronics,Unknown,Unknown,low-Budget,34.73968534307485,162.99,0
headphones,Beats Solo 4 Slate Blue Bluetooth Wireless On-Ear Headphones,162.99,5.0,120000,Overseas Electronics,Unknown,Unknown,low-Budget,58.47627677531398,162.99,0
headphones,Promotional Beats by Dr. Dre Studio Pro Wireless Over-Ear Headphones,404.14,1.8,1090,IdeaStage Promotions,Unknown,Unknown,low-Budget,12.590729974499528,404.14,0
headphones,Anker Soundcore Q20i Hybrid Active Noise Cancelling Headphones,39.99,4.8,73000,Best Buy,Free delivery,Unknown,low-Budget,53.75149640960083,39.99,0
headphones,Anker Soundcore Q20i Plus Hybrid Active Noise Cancelling Over-Ear Bluetooth Headphones,39.99,4.4,140,Target,Free delivery,Unknown,low-Budget,21.774543517663943,39.99,0
headphones,Sony WH-CH520 Wireless Headphones,68.0,4.7,290000,Best Buy,Free delivery by Tue,Sony,low-Budget,59.114906356093094,68.0,0
headphones,Shokz OpenRun Pro 2,179.95,4.6,85000,Lowe's,Free delivery by Thu,Unknown,low-Budget,52.211924180502,179.95,0
headphones,Apple AirPods Max,429.0,4.6,120000,B&H Photo-Video-Audio,Free delivery by Wed,Apple,low-Budget,53.79817463328885,429.0,0
headphones,Sennheiser HD 650 Headphones,579.95,4.8,8680,Sennheiser Consumer Audio US,Free delivery by Fri,Unknown,low-Budget,43.530681640280676,579.95,0
headphones,Onn. Wireless Bluetooth On-Ear Headphones,12.88,4.0,24000,Walmart,Unknown,Unknown,low-Budget,40.34340310051487,12.88,0
headphones,Joyus Beats Solo 4 On-Ear Headphones,149.99,4.0,5340,Target,Free delivery,Unknown,low-Budget,34.33267272135908,149.99,0
headphones,Bowers & Wilkins Px8 S2 Wireless Headphones,749.0,4.8,13000,Sweetwater,Free delivery by Thu,Unknown,low-Budget,45.469351471498406,749.0,0
headphones,Skullcandy Icon 180 On Ear Headphones,49.99,4.0,560,Best Buy,Unknown,Unknown,low-Budget,25.318883622090784,49.99,0
headphones,Anker Soundcore Space One Wireless Noise Cancelling Headphones,79.99,4.7,32000,soundcore US,Free delivery,Unknown,low-Budget,48.755555427079884,79.99,0
headphones,Tzumi Soundplay Wireless Over Ear Headphones,24.98,4.5,2630,Home Depot,Free delivery,Unknown,low-Budget,35.43803676468132,24.98,0
headphones,JLab Studio 2 Wired Headphones,19.99,4.5,1840,JLab,Free delivery,Unknown,low-Budget,33.83128881554885,19.99,0
headphones,Beats Solo 4 On-Ear Wireless Headphones,139.97,4.5,120000,Best Buy,Unknown,Unknown,low-Budget,52.62864909778258,139.97,0
headphones,Headphones Marshall Major V,96.99,4.7,23000,Walmart - Seller,Free delivery by Wed,Unknown,low-Budget,47.20347696946692,96.99,0
headphones,Sony Noise-Canceling Wireless Over-Ear Headphones,178.99,4.6,100000,Target,Free delivery,Sony,low-Budget,52.95950313863305,178.99,0
headphones,Audio Technica ATH-M40x Monitor Headphones,109.0,4.8,33000,Parts Express,Free delivery by Tue,Unknown,low-Budget,49.940607086495,109.0,0
headphones,JBL Tune 530BT Bluetooth Wireless On-Ear Headphones,39.95,4.7,6540,Sweetwater,Free delivery by Thu,JBL,low-Budget,41.293473088417706,39.95,0
headphones,Panasonic RP-HT161-K Over-Ear Headphones,16.99,4.3,5890,Shop Panasonic USA,Unknown,Panasonic,low-Budget,37.32907847854326,16.99,0
headphones,Soundcore Anker Life Q20 Hybrid Active Noise Cancelling Headphones,34.59,4.5,570,Best Buy,Unknown,Unknown,low-Budget,28.563251443452046,34.59,0
headphones,Onn On-Ear Headphones with 3.5 mm Connector,7.93,4.6,2310,Walmart,Unknown,Unknown,low-Budget,35.62900380726215,7.93,0
headphones,SUGIFT Wireless Over Ear Headphones Bluetooth 5.4 Active Noise Cancelling Headset,47.99,4.8,1160,Target,Free delivery,Unknown,low-Budget,33.87377751214988,47.99,0
headphones,Sennheiser Momentum 5 Wireless Headphones,399.95,4.6,3150,Sennheiser Consumer Audio US,Free delivery by Fri,Unknown,low-Budget,37.05518565208346,399.95,0
headphones,Focal Bathys Wireless Noise Cancelling Headphones,799.0,4.7,8230,Sam Ash Direct,Free delivery by Fri,Unknown,low-Budget,42.37361512697143,799.0,0
headphones,Sony Wireless Headphones Bluetooth On-Ear Headset with Microphone,68.0,4.7,30000,Best Buy,Free delivery by Wed,Sony,low-Budget,48.45223416908379,68.0,0
headphones,Apple AirPods Max 2,549.0,4.6,10000,Staples,Free delivery by Wed,Apple,low-Budget,42.368025688091976,549.0,0
headphones,Sennheiser HD 800S — Woo Audio,1999.95,4.44,6100,Woo Audio,Free delivery,Unknown,low-Budget,38.69996339191423,1999.95,0
headphones,Meze Audio Empyrean II Over-Ear Headphones,2999.0,4.8,240,HeadAmp Audio,Free delivery by Mon,Unknown,low-Budget,26.32702528075514,2999.0,0
headphones,Skullcandy Crusher 1080 ANC Wireless Bluetooth Over-Ear Headphones,198.99,4.3,410,NFM,Unknown,Unknown,low-Budget,25.879950822333807,198.99,0
headphones,JBL Tour One M3 Smart Tx Over-Ear Noise Cancelling Headphones,299.99,4.5,2560,Best Buy,Free delivery by Tue,JBL,low-Budget,35.31668888789787,299.99,0
headphones,Bang & Olufsen Beoplay H100 Wireless Over-Ear Noise-Canceling Headphones,1850.0,4.8,1530,Over The Moon,Unknown,Unknown,low-Budget,35.20164669915688,1850.0,0
headphones,Sennheiser HD 560S Headphones,198.99,4.7,11000,Target,Free delivery,Unknown,low-Budget,43.73698484667535,198.99,0
headphones,Audeze LCD-5 Open-Back Planar Magnetic Headphones,4500.0,4.6,270,Bloom Audio,Free delivery by Wed,Unknown,low-Budget,25.76974657604662,4500.0,0
headphones,Dyson OnTrac,249.99,4.6,5880,Dyson Official,Free delivery,Unknown,low-Budget,39.925617634515795,249.99,0
headphones,Nothing Headphone Wireless Headphones,199.0,4.8,2510,Best Buy,Free delivery by Tue,Nothing,low-Budget,37.576494523956406,199.0,0
headphones,TOZO HT3 Headphones 90H Playtime & Smart Adaptive ANC,49.99,4.5,460,TOZO,Free delivery,Unknown,low-Budget,27.600291193484917,49.99,0
headphones,Anker Soundcore Space One Pro Wireless Headphones,169.98,4.6,6070,soundcore US,Free delivery,Unknown,low-Budget,40.07188162959999,169.98,0
headphones,JBL Live 780NC Over Ear Noise Cancelling Wireless Headphones,199.95,4.6,4090,Sweetwater,Free delivery by Thu,JBL,low-Budget,38.25610570247523,199.95,0
smartwatch,Amazfit Band 7 Fitness Tracker,49.99,4.3,11000,Target,Free delivery,Unknown,low-Budget,40.01468826397957,49.99,0
smartwatch,Samsung Galaxy Watch Ultra2,19.44,4.9,73000,T-Mobile,Free delivery,Samsung,low-Budget,54.87131925146752,19.44,0
smartwatch,Amazfit Bip 6 Smart Watch,79.99,4.5,2730,Best Buy,Free delivery by Mon,Unknown,low-Budget,35.60590404663167,79.99,0
smartwatch,Smart Watch Fits for Android and iPhone Smartwatch for Women Men with Alexa Built-in,26.99,4.4,2940,Walmart - Cillso Store,Unknown,Unknown,low-Budget,35.14062172963758,26.99,0
smartwatch,Nothing CMF Watch Pro 3,79.0,4.6,6570,Nothing US,Unknown,Nothing,low-Budget,40.43593801173019,79.0,0
smartwatch,Garmin Instinct E,199.99,4.5,1950,Garmin - United States,Free delivery by Thu,Unknown,low-Budget,34.092438032804,199.99,0
smartwatch,Google Pixel Watch 4,449.99,4.5,12000,Google Store,Free delivery,Google,low-Budget,42.26735366384148,449.99,0
smartwatch,Samsung Galaxy Watch9,11.94,4.9,81000,T-Mobile,Free delivery,Samsung,low-Budget,55.38086221836117,11.94,0
smartwatch,Garmin Lily 2,249.99,4.4,12000,Target,Free delivery,Unknown,low-Budget,41.32807913797834,249.99,0
smartwatch,Samsung Galaxy Watch8,349.0,4.5,650000,Best Buy,Unknown,Samsung,low-Budget,60.23128131149478,349.0,0
smartwatch,Samsung Galaxy Watch FE,94.99,4.1,27000,"Walmart - Hyper Microsystems, Inc.",Unknown,Samsung,low-Budget,41.834879643484356,94.99,0
smartwatch,Apple Watch Ultra 3 49mm Titanium,720.51,4.7,41000,Abt Electronics & Appliances,Unknown,Apple,low-Budget,49.92035315747468,720.51,0
smartwatch,Garmin Vivoactive 6,299.99,4.6,24000,Garmin - United States,Free delivery by Thu,Unknown,low-Budget,46.3949135655921,299.99,0
smartwatch,Samsung Galaxy Watch8 Classic,15.28,4.6,84000,T-Mobile,Free delivery,Samsung,low-Budget,52.157486319575874,15.28,0
smartwatch,Withings ScanWatch 2,369.95,4.4,8570,Best Buy,Unknown,Unknown,low-Budget,39.84701463995509,369.95,0
smartwatch,"Smart Watch Fitness Tracker 2.01"" HD Bluetooth Call IP68 Waterproof",35.99,3.0,370,Target,Free delivery,Unknown,low-Budget,17.748606187822304,35.99,0
smartwatch,The Indestructible Smartwatch APEX,139.99,4.4,6100,Njord Gear,Free delivery,Unknown,low-Budget,38.35131507306816,139.99,0
smartwatch,Samsung Galaxy Watch Ultra,329.99,4.6,130000,Walmart - Techmate Intl.,Free delivery by Wed,Samsung,low-Budget,54.166368139892796,329.99,0
smartwatch,Garmin Lily 2 Classic Smartwatch,299.99,4.4,6500,Bass Pro Shops,Free delivery,Unknown,low-Budget,38.63072967689967,299.99,0
smartwatch,TOZO S4,49.99,4.7,1370,TOZO,Free delivery,Unknown,low-Budget,33.94948969394288,49.99,0
smartwatch,Amazfit Active 3 Premium,169.99,4.5,580,Best Buy,Free delivery by Mon,Unknown,low-Budget,28.6413784058336,169.99,0
smartwatch,iTouch Sport 4 Smartwatch,49.99,3.7,2470,Target,Free delivery,Unknown,low-Budget,28.905799362157858,49.99,0
smartwatch,Garmin Instinct 3 Solar,349.99,4.7,20000,Garmin - United States,Free delivery by Thu,Unknown,low-Budget,46.546626491045004,349.99,0
smartwatch,Garmin Lily 2 Active Smartwatch,299.99,4.8,17000,DICK'S Sporting Goods,Unknown,Unknown,low-Budget,46.756931735221094,299.99,0
smartwatch,"1.7 inch Smart Watch for Men & Women with Bluetooth Call, Fitness Tracker, iOS & Android Compatible, Ip67 Waterproof, Adult Unisex, Size: Free Size,",6.99,4.4,6100,Walmart - Wmkox8yii,Unknown,Unknown,low-Budget,38.35131507306816,6.99,0
smartwatch,Carbinox Blaze – Starter Pack,139.95,3.7,79000,Best Buy,Unknown,Unknown,low-Budget,41.725698421508504,139.95,0
smartwatch,Google Pixel Watch 3,399.99,4.4,8890,Target,Free delivery,Google,low-Budget,40.00829715573302,399.99,0
smartwatch,Garmin Vivoactive 5,189.98,4.6,100000,Bass Pro Shops,Free delivery,Unknown,low-Budget,52.95950313863305,189.98,0
smartwatch,Cubitt Terra Rugged Smartwatch with Dual-Band GPS,139.95,4.0,130,Cubitt,Unknown,Unknown,low-Budget,19.500789292804605,139.95,0
smartwatch,Citizen Men's CZ Smart Hybrid Smartwatch,175.0,4.1,1090,Gaines Jewelry,Free delivery,Unknown,low-Budget,28.678884941915587,175.0,0
smartwatch,"Wmkox8yii 1.7 inch Smart Watch, Bluetooth Call, Fitness Tracker, iOS & Android Compatible, Ip67 Waterproof, 3-Day Battery, Adult Unisex, Size: Free",6.99,4.4,6100,Walmart - Wmkox8yii,Unknown,Unknown,low-Budget,38.35131507306816,6.99,0
smartwatch,"Smart Watch for Men Women 2.01"" HD Touchsreen Bluetooth Calling",35.99,3.5,430,Target,Free delivery,Unknown,low-Budget,21.231378315363116,35.99,0
smartwatch,Garmin Fenix 8 Pro AMOLED,1049.99,4.7,12000,Garmin - United States,Free delivery by Thu,Unknown,low-Budget,44.14590271556778,1049.99,0
smartwatch,Apple Watch SE 3 GPS Aluminum Case,269.99,4.7,49000,Best Buy,Free delivery,Apple,low-Budget,50.758101129724594,269.99,0
smartwatch,Tissot Men's T-Touch Connect Solar Watch,1250.0,4.6,2170,Tissot Official Store,Free delivery,Unknown,low-Budget,35.34153858144014,1250.0,0
smartwatch,Amazfit Active 2,99.99,4.8,24000,Target,Free delivery,Unknown,low-Budget,48.412083720617844,99.99,0
smartwatch,"Mingdaln Smart Watch fits for Android and Iphone, Ip68 Waterproof, Suitable for Women Men 100+Sports Modes 1.85 inch Fitness Tracker, with Answer/Make",29.99,4.4,13000,Walmart - Frontier of technology,Unknown,Unknown,low-Budget,41.68023884887354,29.99,0
smartwatch,Garmin Vivomove Trend Smartwatch,299.99,4.3,8660,Cabela's,Free delivery,Unknown,low-Budget,38.986317513823494,299.99,0
smartwatch,Garmin Venu 4,499.99,4.8,9140,Best Buy,Unknown,Unknown,low-Budget,43.77852032473833,499.99,0
smartwatch,Google Pixel Watch 5 LTE,579.99,4.4,12000,Google Store,Free delivery,Google,low-Budget,41.32807913797834,579.99,0
smartwatch,Amazfit Bip 6 Smart Watch,79.99,4.5,2730,Best Buy,Free delivery by Mon,Unknown,low-Budget,35.60590404663167,79.99,0
smartwatch,Samsung Galaxy Watch Ultra2,19.44,4.9,73000,T-Mobile,Free delivery,Samsung,low-Budget,54.87131925146752,19.44,0
smartwatch,Amazfit Band 7 Fitness Tracker,49.99,4.3,11000,Target,Free delivery,Unknown,low-Budget,40.01468826397957,49.99,0
smartwatch,Nothing CMF Watch Pro 3,79.0,4.6,6570,Nothing US,Unknown,Nothing,low-Budget,40.43593801173019,79.0,0
smartwatch,Smart Watch Fits for Android and iPhone Smartwatch for Women Men with Alexa Built-in,26.99,4.4,2940,Walmart - Cillso Store,Unknown,Unknown,low-Budget,35.14062172963758,26.99,0
smartwatch,Garmin Lily 2,249.99,4.4,12000,Garmin - United States,Free delivery by Thu,Unknown,low-Budget,41.32807913797834,249.99,0
smartwatch,Google Pixel Watch 4,449.99,4.5,12000,Google Store,Free delivery,Google,low-Budget,42.26735366384148,449.99,0
smartwatch,Samsung Galaxy Watch8,349.0,4.5,650000,Best Buy,Unknown,Samsung,low-Budget,60.23128131149478,349.0,0
smartwatch,Apple Watch SE 3 GPS Aluminum Case,269.99,4.6,2420,BJ's Wholesale Club,Free delivery,Apple,low-Budget,35.84290540191507,269.99,0
smartwatch,Samsung Galaxy Watch8 Classic,15.28,4.6,84000,T-Mobile,Free delivery,Samsung,low-Budget,52.157486319575874,15.28,0
smartwatch,Samsung Galaxy Watch FE,94.99,4.1,27000,"Walmart - Hyper Microsystems, Inc.",Unknown,Samsung,low-Budget,41.834879643484356,94.99,0
smartwatch,Garmin Instinct E,199.99,4.4,3490,Garmin - United States,Free delivery by Thu,Unknown,low-Budget,35.894951431262164,199.99,0
smartwatch,"Smart Watch Fitness Tracker 2.01"" HD Bluetooth Call IP68 Waterproof",35.99,3.0,370,Target,Free delivery,Unknown,low-Budget,17.748606187822304,35.99,0
smartwatch,Withings ScanWatch 2,369.95,4.4,8570,Best Buy,Unknown,Unknown,low-Budget,39.84701463995509,369.95,0
smartwatch,The Indestructible Smartwatch APEX,139.99,4.4,6100,Njord Gear,Free delivery,Unknown,low-Budget,38.35131507306816,139.99,0
smartwatch,Garmin Lily 2 Classic Smartwatch,299.99,4.4,6500,Bass Pro Shops,Free delivery,Unknown,low-Budget,38.63072967689967,299.99,0
smartwatch,Samsung Galaxy Watch Ultra,329.99,4.6,130000,Walmart - Techmate Intl.,Free delivery by Wed,Samsung,low-Budget,54.166368139892796,329.99,0
smartwatch,Garmin Vivoactive 6,299.99,4.6,24000,Garmin - United States,Free delivery by Thu,Unknown,low-Budget,46.3949135655921,299.99,0
smartwatch,Apple Watch Series 11 GPS Case Sport Band,399.99,4.8,130000,Target,Free delivery,Apple,low-Budget,56.52142762423597,399.99,0
smartwatch,Amazfit Active 3 Premium,169.99,4.5,580,Best Buy,Free delivery by Mon,Unknown,low-Budget,28.6413784058336,169.99,0
smartwatch,TOZO S4,49.99,4.7,1370,TOZO,Free delivery,Unknown,low-Budget,33.94948969394288,49.99,0
smartwatch,Garmin Lily 2 Active Smartwatch,299.99,4.8,17000,DICK'S Sporting Goods,Unknown,Unknown,low-Budget,46.756931735221094,299.99,0
smartwatch,iTouch Sport 4 Smartwatch,49.99,3.7,2470,Target,Free delivery,Unknown,low-Budget,28.905799362157858,49.99,0
smartwatch,Tissot Men's T-Touch Connect Solar Watch,1250.0,4.6,2170,Tissot Official Store,Free delivery,Unknown,low-Budget,35.34153858144014,1250.0,0
smartwatch,"1.7 inch Smart Watch for Men & Women with Bluetooth Call, Fitness Tracker, iOS & Android Compatible, Ip67 Waterproof, Adult Unisex, Size: Free Size,",6.99,4.4,6100,Walmart - Wmkox8yii,Unknown,Unknown,low-Budget,38.35131507306816,6.99,0
smartwatch,Carbinox Blaze – Starter Pack,139.95,3.7,79000,Best Buy,Unknown,Unknown,low-Budget,41.725698421508504,139.95,0
smartwatch,Garmin Vivoactive 5,189.98,4.6,100000,Bass Pro Shops,Free delivery,Unknown,low-Budget,52.95950313863305,189.98,0
smartwatch,Garmin Fenix 8 Pro AMOLED,1049.99,4.7,12000,Garmin - United States,Free delivery by Thu,Unknown,low-Budget,44.14590271556778,1049.99,0
smartwatch,Google Pixel Watch 3,399.99,4.4,8890,Target,Free delivery,Google,low-Budget,40.00829715573302,399.99,0
smartwatch,Apple Watch Ultra 3 49mm Titanium,720.51,4.7,41000,Abt Electronics & Appliances,Unknown,Apple,low-Budget,49.92035315747468,720.51,0
smartwatch,Samsung Galaxy Watch9,12.77,4.9,81000,Verizon,Free delivery,Samsung,low-Budget,55.38086221836117,12.77,0
smartwatch,"Mingdaln Smart Watch fits for Android and Iphone, Ip68 Waterproof, Suitable for Women Men 100+Sports Modes 1.85 inch Fitness Tracker, with Answer/Make",29.99,4.4,13000,Walmart - Frontier of technology,Unknown,Unknown,low-Budget,41.68023884887354,29.99,0
smartwatch,"Smart Watch for Men Women 2.01"" HD Touchsreen Bluetooth Calling",35.99,3.5,430,Target,Free delivery,Unknown,low-Budget,21.231378315363116,35.99,0
smartwatch,Cubitt Terra Rugged Smartwatch with Dual-Band GPS,139.95,4.0,130,Best Buy,Unknown,Unknown,low-Budget,19.500789292804605,139.95,0
smartwatch,Garmin Instinct 3 Solar,299.99,4.7,20000,Garmin - United States,Free delivery by Thu,Unknown,low-Budget,46.546626491045004,299.99,0
smartwatch,Citizen Men's CZ Smart Hybrid Smartwatch,175.0,4.1,1090,Gaines Jewelry,Free delivery,Unknown,low-Budget,28.678884941915587,175.0,0
smartwatch,Amazfit Active 2,99.99,4.8,24000,Target,Free delivery,Unknown,low-Budget,48.412083720617844,99.99,0
smartwatch,Garmin Vivomove Trend Smartwatch,299.99,4.3,8660,Cabela's,Free delivery,Unknown,low-Budget,38.986317513823494,299.99,0
smartwatch,Garmin Venu 4,499.99,4.8,9140,Best Buy,Unknown,Unknown,low-Budget,43.77852032473833,499.99,0
smartwatch,"1.7 inch Smart Watch with Bluetooth Call, Fitness Tracker, AI Control, iOS & Android Compatible, Ip67 Waterproof, Adult Unisex, Size: Free Size, Pink",5.99,4.4,6100,Walmart - Wmkox8yii,Unknown,Unknown,low-Budget,38.35131507306816,5.99,0
smartwatch,Itech Active 3 Unisex Adult Smartwatch Fitness Tracker,22.98,2.8,2820,Walmart,Unknown,Unknown,low-Budget,22.245570790805587,22.98,0
smartwatch,Amazfit Band 7 Fitness Tracker,49.99,4.3,11000,Target,Same-day delivery $10,Unknown,low-Budget,40.01468826397957,49.99,0
smartwatch,Garmin Lily 2,249.99,4.4,12000,Best Buy,Unknown,Unknown,low-Budget,41.32807913797834,249.99,0
smartwatch,Amazfit Bip 6 Smart Watch,79.99,4.9,110000,Amazfit,Free delivery,Unknown,low-Budget,56.880399204647375,79.99,0
smartwatch,Samsung Galaxy Watch8,329.0,4.5,650000,Walmart,Unknown,Samsung,low-Budget,60.23128131149478,329.0,0
smartwatch,Google Pixel Watch 5 LTE,14.72,4.4,47000,Verizon,Free delivery,Google,low-Budget,47.33486629107103,14.72,0
smartwatch,Amazfit Active 2,99.99,4.8,24000,Target,Free delivery,Unknown,low-Budget,48.412083720617844,99.99,0
smartwatch,Armitron Connect Eclipse Adult Smart,54.88,3.9,580,Walmart,Unknown,Unknown,low-Budget,24.822527951722453,54.88,0
smartwatch,Garmin Vivoactive 5,189.98,4.6,100000,Bass Pro Shops,Free delivery,Unknown,low-Budget,52.95950313863305,189.98,0
smartwatch,Samsung Galaxy Watch7 Watch,219.99,4.4,230000,Best Buy,Free delivery by Mon,Samsung,low-Budget,54.321691317176665,219.99,0
smartwatch,Nothing CMF Watch Pro 3,79.0,4.6,6570,Nothing US,Unknown,Nothing,low-Budget,40.43593801173019,79.0,0
smartwatch,Google Pixel Watch 4 45mm in Black | Verizon (with 36 monthly installment payments + plan),13.88,4.5,13000,Verizon,Unknown,Google,low-Budget,42.62751700452976,13.88,0
smartwatch,Garmin Instinct E,199.99,4.5,1950,Garmin - United States,Free delivery by Thu,Unknown,low-Budget,34.092438032804,199.99,0
smartwatch,Smart Watch Fits for Android and iPhone Smartwatch for Women Men with Alexa Built-in,26.99,4.4,2940,Walmart - Cillso Store,Unknown,Unknown,low-Budget,35.14062172963758,26.99,0
smartwatch,Samsung Galaxy Watch9,11.94,4.9,81000,T-Mobile,Free delivery,Samsung,low-Budget,55.38086221836117,11.94,0
smartwatch,"Smart Watch Fitness Tracker 2.01"" HD Bluetooth Call IP68 Waterproof",35.99,3.0,370,Target,Free delivery,Unknown,low-Budget,17.748606187822304,35.99,0
smartwatch,Withings ScanWatch 2,369.95,4.4,8570,Best Buy,Unknown,Unknown,low-Budget,39.84701463995509,369.95,0
smartwatch,Samsung Galaxy Watch Ultra2,699.99,4.9,73000,Samsung,Free delivery,Samsung,low-Budget,54.87131925146752,699.99,0
smartwatch,Apple Watch Ultra 3 49mm Titanium,720.51,4.7,41000,Abt Electronics & Appliances,Unknown,Apple,low-Budget,49.92035315747468,720.51,0
smartwatch,Samsung Galaxy Watch FE,94.99,4.1,27000,"Walmart - Hyper Microsystems, Inc.",Unknown,Samsung,low-Budget,41.834879643484356,94.99,0
smartwatch,Samsung Galaxy Watch8 Classic,15.28,4.6,84000,T-Mobile,Free delivery,Samsung,low-Budget,52.157486319575874,15.28,0
smartwatch,Google Pixel Watch 4,449.99,4.5,12000,Google Store,Free delivery,Google,low-Budget,42.26735366384148,449.99,0
smartwatch,Garmin Vivoactive 6,299.99,4.6,24000,Garmin - United States,Free delivery by Thu,Unknown,low-Budget,46.3949135655921,299.99,0
smartwatch,"Smart Watch for Men Women 2.01"" HD Touchsreen Bluetooth Calling",35.99,3.5,430,Target,Free delivery,Unknown,low-Budget,21.231378315363116,35.99,0
smartwatch,Garmin Lily 2 Classic Smartwatch,299.99,4.4,6500,Best Buy,Unknown,Unknown,low-Budget,38.63072967689967,299.99,0
smartwatch,The Indestructible Smartwatch APEX,139.99,4.4,6100,Njord Gear,Free delivery,Unknown,low-Budget,38.35131507306816,139.99,0
smartwatch,Samsung Galaxy Watch Ultra,329.99,4.6,130000,Walmart - Techmate Intl.,Free delivery by Wed,Samsung,low-Budget,54.166368139892796,329.99,0
smartwatch,Garmin Vivomove Trend Smartwatch,299.99,4.3,8660,Cabela's,Free delivery,Unknown,low-Budget,38.986317513823494,299.99,0
smartwatch,iTouch Sport 4 Smartwatch,49.99,3.7,2470,Target,Free delivery,Unknown,low-Budget,28.905799362157858,49.99,0
smartwatch,TOZO S4,49.99,4.7,1370,TOZO,Free delivery,Unknown,low-Budget,33.94948969394288,49.99,0
smartwatch,Garmin Lily 2 Active Smartwatch,299.99,4.8,17000,Garmin - United States,Free delivery by Thu,Unknown,low-Budget,46.756931735221094,299.99,0
smartwatch,Carbinox Blaze – Starter Pack,139.95,3.7,79000,Best Buy,Unknown,Unknown,low-Budget,41.725698421508504,139.95,0
smartwatch,Tissot Men's T-Touch Connect Solar Watch,1250.0,4.6,2170,Tissot Official Store,Free delivery,Unknown,low-Budget,35.34153858144014,1250.0,0
smartwatch,"1.7 inch Smart Watch for Men & Women with Bluetooth Call, Fitness Tracker, iOS & Android Compatible, Ip67 Waterproof, Adult Unisex, Size: Free Size,",6.99,4.4,6100,Walmart - Wmkox8yii,Unknown,Unknown,low-Budget,38.35131507306816,6.99,0
smartwatch,Google Pixel Watch 3,399.99,4.4,8890,Target,Free delivery,Google,low-Budget,40.00829715573302,399.99,0
smartwatch,Garmin Fenix 8 Pro AMOLED,949.98,4.7,12000,Mack's PW,Free delivery by Tue,Unknown,low-Budget,44.14590271556778,949.98,0
smartwatch,Garmin Instinct 3 Solar,299.99,4.7,20000,Garmin - United States,Free delivery by Thu,Unknown,low-Budget,46.546626491045004,299.99,0
smartwatch,Apple Watch Ultra 2 GPS + Cellular 49mm Titanium Case,399.99,4.7,44000,Best Buy,Free delivery,Apple,low-Budget,50.252247907599866,399.99,0
smartwatch,Cubitt Terra Special Edition Rugged Smartwatch with Dual-Band GPS,154.95,4.3,160,Macy's,Free delivery by Fri,Unknown,low-Budget,21.85003876943319,154.95,0
smartwatch,"Smart Watch for Men Women, 2.01"" HD Touchsreen, Bluetooth Calling, IP68 Water-Resistance, 180+ Sports Modes,Fitness & Sleep Tracker, Android/iOS Pink",35.99,3.7,430,Target,Free delivery,Unknown,low-Budget,22.444599933383866,35.99,0
refrigerator,Frigidaire 7.5 Cu. ft. Refrigerator,218.0,3.7,110000,Walmart,Free delivery,Frigidaire,low-Budget,42.95050552187659,218.0,0
refrigerator,Samsung 27.4 Cu.Ft Stainless Refrigerator Side by Side,1199.0,4.2,74000,Home Depot,Unknown,Samsung,low-Budget,47.089702319555755,1199.0,0
refrigerator,Insignia 30 in. Wide 18 Cu. Ft. Top-Freezer Refrigerator with ENERGY STAR Certification,499.99,4.5,29000,Best Buy,Free delivery,Insignia,low-Budget,46.23788516009722,499.99,0
refrigerator,Mainstays 3.2 Cu ft 2-Door Compact Refrigerator with Freezer,148.0,4.2,7500,Walmart,1 hour delivery $20,Unknown,low-Budget,37.475724820672475,148.0,0
refrigerator,"Frigidaire 25.6 Cu. Ft. 36"" Standard Depth Side by Side Refrigerator",1249.0,4.3,190000,Home Depot,Unknown,Frigidaire,low-Budget,52.26557384143267,1249.0,0
refrigerator,Frigidaire Gallery 7.5 Cu. Ft. Top Mount Fridge,251.9,3.9,2210,Sam's Club,Unknown,Frigidaire,low-Budget,30.03468070534404,251.9,0
refrigerator,Samsung 18 cu. ft. Stainless Steel Smart Counter Depth 3-Door French Door Refrigerator,1199.0,4.0,32000,Home Depot,Unknown,Samsung,low-Budget,41.49408972517437,1199.0,0
refrigerator,Hamilton Beach 17.7 cu. ft. French Door Refrigerator hz0771,678.74,3.5,2140,Walmart,Free delivery,Unknown,low-Budget,26.841599010063888,678.74,0
refrigerator,Hisense Bottom-Freezer Refrigerator hrb171n6a,799.0,4.2,38000,Lowe's,Unknown,Unknown,low-Budget,44.29054456743732,799.0,0
refrigerator,LG 29 cu. ft. Smart InstaView Door-in-Door Standard-Depth MAX 4-Door French Door Refrigerator with MyColor and Craft Ice,2699.0,3.8,1550,Home Depot,Unknown,LG,low-Budget,27.917289620070846,2699.0,0
refrigerator,KitchenAid 25.8 Cu. ft French Door Refrigerator,2499.99,3.8,100000,Best Buy,Free delivery,Unknown,low-Budget,43.74915476669687,2499.99,0
refrigerator,Hamilton Beach 15.6 cu ft Side by Side Refrigerator hz8551,584.0,3.3,4400,Walmart,Free delivery,Unknown,low-Budget,27.685637320476598,584.0,0
refrigerator,Samsung 28 Cu. Ft. 4-Door French Door Refrigerator,1899.0,3.9,50000,Home Depot,Unknown,Samsung,low-Budget,42.19721330842012,1899.0,0
refrigerator,"Mainstays 2.7 cu ft Single-Door Compact Refrigerator, Black, Adjustable Glass Shelves",139.0,4.3,610,Walmart,Free delivery,Unknown,low-Budget,27.58491692443786,139.0,0
refrigerator,Vissani 30 in. 18.4 cu. ft. Standard-Depth French Door Bottom Freezer Refrigerator in Fingerprint Resistant,799.0,4.2,190,Home Depot,Unknown,Unknown,low-Budget,22.059548397795847,799.0,0
refrigerator,GE 16.6 Cu ft Top Freezer Refrigerator,598.99,4.3,40000,Best Buy,Free delivery,GE,low-Budget,45.56563685096938,598.99,0
refrigerator,Frigidaire 17.6 Cu. Ft. Counter-Depth French Door Refrigerator,1224.98,4.6,100000,Warners' Stellian Appliance,"Free delivery on $1,999+",Frigidaire,low-Budget,52.95950313863305,1224.98,0
refrigerator,Big Chill Classic Fridge Color Brushed Brass,5995.0,3.89,6100,Big Chill,Unknown,Unknown,Mid-Range,33.90604900778071,5995.0,0
refrigerator,Mainstays 7.2 cu. ft. Energy Star 2-Door Refrigerator/Freezer with LED Lighting,244.0,1.3,30,Walmart,Free delivery,Unknown,low-Budget,4.46418336583069,244.0,0
refrigerator,"Whirlpool 36"" 24.5 Cu. ft French Door Refrigerator",2099.0,4.0,19000,Home Depot,Unknown,Whirlpool,low-Budget,39.408987553370125,2099.0,0
refrigerator,Hamilton Beach 17.9 cu. ft. French Door Refrigerator hz4051,487.72,3.5,310,Serigrafia.eus,Unknown,Unknown,low-Budget,20.08927519262732,487.72,0
refrigerator,Samsung Bespoke 4-Door Flex Refrigerator 23 Cu. ft,1299.0,4.1,4910,Really Cool Living,Unknown,Samsung,low-Budget,34.846854750760905,1299.0,0
refrigerator,Vissani 7.2 cu. ft. Top Freezer Refrigerator,349.0,3.5,1960,Home Depot,Unknown,Unknown,low-Budget,26.534234391687214,349.0,0
refrigerator,LG Refrigerator Side-by-Side 27 Cu ft,1879.99,4.1,30000,Best Buy,Free delivery,LG,low-Budget,42.26684257303053,1879.99,0
refrigerator,"Frigidaire Top-Freezer Refrigerator: Stainless Steel, 13.9 cu ft Total Capacity, 3 Shelves Model: FFHT1425VV",881.21,4.4,60000,Grainger Industrial Supply,Unknown,Frigidaire,low-Budget,48.40931263402088,881.21,0
refrigerator,Hamilton Beach 17.7 cu. ft. Bottom Freezer French Door Refrigerator in Stainless Steel Look,911.15,3.2,1650,Home Depot,Unknown,Unknown,low-Budget,23.709236620544413,911.15,0
refrigerator,Tacool Mini Refrigerator with Top Freezer 43 Liter Dual Door Small Refrigerator with 7-Level Adjustable Thermostat for Office,89.99,3.89,10,Walmart - TACOOL,Unknown,Unknown,low-Budget,9.327812611185662,89.99,0
refrigerator,Maytag 36-Inch Wide Side-by-Side Refrigerator,1427.0,3.9,25000,Slyman Bros,Free delivery,Unknown,low-Budget,39.4940173018964,1427.0,0
refrigerator,Insignia 7.2 Cu. Ft. Mini Fridge with Top Freezer and ENERGY STAR Certification,289.99,4.7,800,Best Buy,Free delivery by Tue,Insignia,low-Budget,31.42354645122129,289.99,0
refrigerator,ZLINE Autograph Edition 72 In. 39.6 Cu. Ft. Stainless Steel Built In French Door Refrigerator with Graphite Gray Interior and Accents,17084.99,4.6,340,Kelly's Home Center,Free delivery,Unknown,Premium,26.826659395504176,17084.99,0
refrigerator,Samsung 27 cu. ft. 3-Door French Door Refrigerator Counter Depth rf27cg5010s9,1599.0,4.4,14000,Home Depot,Unknown,Samsung,low-Budget,42.00628975231887,1599.0,0
refrigerator,Whirlpool 19.7 Cu. ft French Door Refrigerator,1799.0,3.9,65000,Sargents Maytag,Unknown,Whirlpool,low-Budget,43.22041594016178,1799.0,0
refrigerator,Samsung 26.7 Cu. Ft. Stainless Steel Standard Depth Side-by-Side Refrigerator,1899.0,4.4,24000,Appliance Liquidators,Unknown,Samsung,low-Budget,44.37774341056636,1899.0,0
refrigerator,"Blomberg Appliances 36"" Counter Depth French Door Refrigerator brfd2230xss2",2659.05,3.89,6100,Plesser's Appliances,Free delivery,Unknown,low-Budget,33.90604900778071,2659.05,0
refrigerator,7.0 CuFt Top Freezer Frost-Free Refrigerator in Stainless Steel,499.0,1.0,60,Home Depot,Unknown,Unknown,low-Budget,4.110873864173311,499.0,0
refrigerator,"Miele KFN4799DDENA 24"" Freestanding Bottom Freezer Refrigerator",3999.0,4.7,30,Warners' Stellian Appliance,Free delivery,Unknown,low-Budget,16.139739861080187,3999.0,0
refrigerator,"LG 27 Cu. Ft. Standard-Depth, Side-by-Side Refrigerator, with Ice and Water Bar Handle Design",1398.99,4.2,7790,Best Buy,Free delivery,LG,low-Budget,37.63504290138961,1398.99,0
refrigerator,"Unique Appliances 36"" 21.4 Cu. ft Counter Depth French Door Refrigerator",3999.0,3.6,100,Walmart - Unique Appliances,Free delivery,Unknown,low-Budget,16.614433860628534,3999.0,0
refrigerator,RCA RFR741 Apartment Size-Top Freezer,343.27,3.5,4290,Home Depot,Unknown,Unknown,low-Budget,29.274962797470334,343.27,0
refrigerator,"Frigidaire 30"" 18.6 Cu. ft Garage Ready Top Freezer Refrigerator",599.99,4.4,18000,Aggressive Appliances,Unknown,Frigidaire,low-Budget,43.112003399919104,599.99,0
refrigerator,6.5 Cu. Ft. Upright Freezer Platinum Silver EFRF698,326.42,3.89,6100,eBay - jslellc,Free delivery,Unknown,low-Budget,33.90604900778071,326.42,0
refrigerator,"Frigidaire Top-Freezer Refrigerator: Stainless Steel, 13.9 cu ft Total Capacity, 3 Shelves Model: FFHT1425VV",881.21,5.0,61000,Grainger Industrial Supply,Unknown,Frigidaire,low-Budget,55.0932276823185,881.21,0
refrigerator,"FRIGIDAIRE Refrigerator/Freezer, SS Color, 60-1/2"" H, FFHT1425VV",837.99,5.0,60000,Zoro,Unknown,Frigidaire,low-Budget,55.01058253866009,837.99,0
refrigerator,Frigidaire Gallery 7.5 Cu. Ft. Top Mount Fridge,251.9,2.6,2800,Sam's Club,Unknown,Frigidaire,low-Budget,20.638102615676285,251.9,0
refrigerator,9.8 Cu. Ft. Top Freezer Refrigerator,619.95,5.0,35000,Albo Appliance,Unknown,Unknown,low-Budget,52.31565955745984,619.95,0
refrigerator,LG LTC24380ST 24.0 cu. ft. Top Freezer Refrigerator with 3 Adjustable Glass Shelves,99999.0,5.0,1220,LG Parts,Unknown,LG,Luxury,35.53712737055352,99999.0,0
refrigerator,LG 20 Cu. Ft. Top Freezer Refrigerator,1083.0,2.1,5010,Direct Supply,Free delivery,LG,low-Budget,17.890720627415423,1083.0,0
refrigerator,"Whirlpool 36"" 24.6 Cu. Ft. White Side-by-Side Refrigerator",1748.99,3.1,190000,Don's Appliances,Unknown,Whirlpool,low-Budget,37.67983230428867,1748.99,0
refrigerator,Tacool Mini Refrigerator with Top Freezer 43 Liter Dual Door Small Refrigerator with 7-Level Adjustable Thermostat for Office,89.99,3.89,10,Walmart - TACOOL,Unknown,Unknown,low-Budget,9.327812611185662,89.99,0
refrigerator,Frigidaire 13.9 Cu ft Top Freezer Refrigerator,701.0,4.7,61000,Designer Home Surplus,Unknown,Frigidaire,low-Budget,51.78763402137939,701.0,0
refrigerator,Tacool Small Mini Fridge with Top Freezer Compact Refrigerator Dual Door with Adjustable Thermostat,99.99,4.0,10,Walmart - TACOOL,Unknown,Unknown,low-Budget,9.591581091193483,99.99,0
refrigerator,Frigidaire Top Mount Refrigerator - Silver | FFHT1425VV | Warners' Stellian,749.99,4.4,60000,Warners' Stellian Appliance,Unknown,Frigidaire,low-Budget,48.40931263402088,749.99,0
refrigerator,Frigidaire 27.8 Cu. ft French Door Refrigerator,2597.57,2.5,80000,Grainger Industrial Supply,Unknown,Frigidaire,low-Budget,28.224486033944736,2597.57,0
refrigerator,"GE 36"" 27.9 Cu. Ft. White Side-by-Side Refrigerator with Extra Tall Dispenser and In-Door Icemaker",1999.0,5.0,3080,Halvorson Company,Unknown,GE,low-Budget,40.16504749298334,1999.0,0
refrigerator,GE 21.9 cu. ft. Top Freezer Refrigerator in White (GTS22KGNRWW),113.79,3.89,6100,littlewoods,Free delivery by Tue,GE,low-Budget,33.90604900778071,113.79,0
refrigerator,Frigidaire 7.5 Cu ft Top-Mount Refrigerator efr749,93.45,4.9,3140,littlewoods.com,Free delivery by Wed,Frigidaire,low-Budget,39.45625284773937,93.45,0
refrigerator,"3.1 Cu Ft Compact Two-Door Mini Fridge With Freezer – Freestanding, Black, 2 Shelves",89.5,3.89,6100,praktijkzinnia.be,Unknown,Unknown,low-Budget,33.90604900778071,89.5,0
refrigerator,"Whirlpool 33 Inch Freestanding Side by Side Refrigerator with 21.4 Cu. Ft. Total Capacity WRS321SDH(V/B/Z/W), C Grade / White",899.0,3.3,240000,KC Appliance Outlet,Unknown,Whirlpool,low-Budget,40.881714617640974,899.0,0
refrigerator,Wanai Two Door Mini Fridge with Freezer,129.98,3.2,490,Walmart - Alifemap,Unknown,Unknown,low-Budget,19.828621208942465,129.98,0
refrigerator,Ggtb 4.0 Cu.ft 2-Door Mini Fridge with Bottom Freezer,195.99,3.0,10,Walmart - KRIB BLING,Free delivery,Unknown,low-Budget,7.193685818395112,195.99,0
refrigerator,Package - Samsung - 36 in. Wide 27 cu. ft. 3-Door French Door Counter Depth Smart Refrigerator with Dual Auto Ice Maker - Stainless Steel + 2 more,2279.97,3.8,15000,Best Buy,Unknown,Samsung,low-Budget,36.54031414920978,2279.97,0
refrigerator,GE Profile - 36 in. Wide 27.9 Cu. Ft. 4-Door French Door Smart Refrigerator with Hands-Free AutoFill - Stainless Steel,39.0,3.89,6100,ohiofurnitureusa.com,Unknown,GE,low-Budget,33.90604900778071,39.0,0
refrigerator,Frigidaire - Professional 36 in. Wide 22.3 Cu. Ft. Side by Side Counter Depth Refrigerator - Smudge Proof Stainless Steel,39.0,3.89,6100,ohiofurnitureusa.com,Unknown,Frigidaire,low-Budget,33.90604900778071,39.0,0
refrigerator,Frigidaire Gallery - 23 Cu. Ft. Counter-Depth French Door Refrigerator with Free Additional Filter Kit,3059.0,3.6,24000,Frigidaire,Free delivery,Frigidaire,low-Budget,36.309062790463386,3059.0,0
refrigerator,"Frigidaire Gallery - 22 Cu. Ft. 36"" Counter Depth Side by Side Refrigerator with Free Additional Filter Kit",1649.0,5.0,38000,Frigidaire,Free delivery,Frigidaire,low-Budget,52.72683877075871,1649.0,0
refrigerator,Whirlpool 36-inch Wide Side-by-Side Refrigerator - 25 cu. ft.,43.99,3.6,200000,Rent-A-Center,Free delivery,Whirlpool,low-Budget,43.941879523863626,43.99,0
refrigerator,Frigidaire 19 Cu. Ft. Standard-Depth French Door Refrigerator frfn1801af,1199.99,3.3,10,Best Buy,Free delivery by Tue,Frigidaire,low-Budget,7.913054400234623,1199.99,0
refrigerator,"Frigidaire 26 Cu. Ft. 36"" Standard Depth Side by Side Refrigerator",1449.99,4.7,6550,"Filco Superstore - Sacramento, CA",Free delivery by Tue,Frigidaire,low-Budget,41.30065304703982,1449.99,0
refrigerator,GE 15.6 Cu. Ft. Top-Freezer Refrigerator,746.0,4.4,18000,degroods,Free delivery by Mon,GE,low-Budget,43.112003399919104,746.0,0
refrigerator,Hamilton Beach 15.6 cu ft Side by Side Refrigerator hz8551,584.0,5.0,4080,Walmart,Free delivery,Unknown,low-Budget,41.57048667702903,584.0,0
refrigerator,IKEA OLOFSFORS top-freezer refrigerator,899.0,1.4,10,IKEA,Unknown,Unknown,low-Budget,3.357053381917719,899.0,0
refrigerator,Frigidaire 13.9 Cu ft Top Freezer Refrigerator,746.99,4.7,61000,"Filco Superstore - Sacramento, CA",Free delivery by Tue,Frigidaire,low-Budget,51.78763402137939,746.99,0
refrigerator,"Frigidaire Gallery 25.6 Cu. Ft. 36"" Standard Depth Side by Side Refrigerator",1436.99,2.7,88000,Apartment Supply by Feder's Distributors,Unknown,Frigidaire,low-Budget,30.73977933398678,1436.99,0
refrigerator,Insignia 22 in. Wide 10.1 Cu. Ft. Top-Freezer Refrigerator with Reversible Door and ENERGY STAR Certification,329.99,2.9,2270,Best Buy,Free delivery,Insignia,low-Budget,22.411129072106117,329.99,0
refrigerator,"LG 30 in. W 20 cu. ft. Top Freezer Refrigerator w/ Multi-Air Flow and Reversible Door in Stainless Steel,ENERGY STAR",879.0,2.8,22000,Home Depot,Unknown,LG,low-Budget,27.996760920388063,879.0,0
refrigerator,GE 17.5 Cu. Ft. Stainless Steel Top Freezer Refrigerator,699.96,3.0,4840,Appliance Warehouse & BBQ Supply,Unknown,GE,low-Budget,25.454629769819086,699.96,0
refrigerator,Insignia 30 in. Wide 18 Cu. Ft. Top-Freezer Refrigerator with ENERGY STAR Certification,479.99,3.5,28000,Best Buy,Free delivery,Insignia,low-Budget,35.83998425981861,479.99,0
refrigerator,IKEA LAGAN top-freezer refrigerator,749.0,5.0,10,IKEA,Unknown,Unknown,low-Budget,11.989476363991853,749.0,0
refrigerator,LG 24 Cu. Ft. Top Freezer Refrigerator,879.0,5.0,9010,Home Depot,Unknown,LG,low-Budget,45.53100666117519,879.0,0
refrigerator,Haier 596 L Frost Free Side by Side Convertible Refrigerator with Inverter,663.37,3.89,6100,Ysvara Lifestyle,Free delivery,Haier,low-Budget,33.90604900778071,663.37,0
refrigerator,Frigidaire Gallery 7.5 Cu. Ft. Top Mount Fridge,251.9,2.6,2800,Sam's Club,Unknown,Frigidaire,low-Budget,20.638102615676285,251.9,0
refrigerator,"Whirlpool 36"" 24.6 Cu. Ft. White Side-by-Side Refrigerator",1748.99,3.1,190000,Don's Appliances,Unknown,Whirlpool,low-Budget,37.67983230428867,1748.99,0
refrigerator,Tacool Mini Refrigerator with Top Freezer 43 Liter Dual Door Small Refrigerator with 7-Level Adjustable Thermostat for Office,89.99,3.89,10,Walmart - TACOOL,Unknown,Unknown,low-Budget,9.327812611185662,89.99,0
refrigerator,Frigidaire 13.9 Cu ft Top Freezer Refrigerator,701.0,4.7,61000,Designer Home Surplus,Unknown,Frigidaire,low-Budget,51.78763402137939,701.0,0
refrigerator,Tacool Small Mini Fridge with Top Freezer Compact Refrigerator Dual Door with Adjustable Thermostat,99.99,4.0,10,Walmart - TACOOL,Unknown,Unknown,low-Budget,9.591581091193483,99.99,0
refrigerator,Frigidaire Top Mount Refrigerator - Silver | FFHT1425VV | Warners' Stellian,749.99,4.4,60000,Warners' Stellian Appliance,Unknown,Frigidaire,low-Budget,48.40931263402088,749.99,0
refrigerator,"GE ENERGY STAR 36"" 27.9 Cu. Ft. Black Side-by-Side Refrigerator with Extra Tall Dispenser and In-Door Icemaker",2099.0,3.89,6100,athertonappliance.com,Unknown,GE,low-Budget,33.90604900778071,2099.0,0
refrigerator,"GE 36"" 27.9 Cu. Ft. White Side-by-Side Refrigerator with Extra Tall Dispenser and In-Door Icemaker",1999.0,5.0,3080,Halvorson Company,Unknown,GE,low-Budget,40.16504749298334,1999.0,0
refrigerator,GE 21.9 cu. ft. Top Freezer Refrigerator in White (GTS22KGNRWW),113.79,3.89,6100,littlewoods,Free delivery by Tue,GE,low-Budget,33.90604900778071,113.79,0
refrigerator,Frigidaire 7.5 Cu ft Top-Mount Refrigerator efr749,298.0,4.9,3140,Walmart,Free delivery,Frigidaire,low-Budget,39.45625284773937,298.0,0
refrigerator,"3.1 Cu Ft Compact Two-Door Mini Fridge With Freezer – Freestanding, Black, 2 Shelves",89.5,3.89,6100,praktijkzinnia.be,Unknown,Unknown,low-Budget,33.90604900778071,89.5,0
refrigerator,"Whirlpool 33 Inch Freestanding Side by Side Refrigerator with 21.4 Cu. Ft. Total Capacity WRS321SDH(V/B/Z/W), C Grade / White",899.0,3.3,240000,KC Appliance Outlet,Unknown,Whirlpool,low-Budget,40.881714617640974,899.0,0
refrigerator,Wanai Two Door Mini Fridge with Freezer,129.98,3.2,490,Walmart - Alifemap,Unknown,Unknown,low-Budget,19.828621208942465,129.98,0
refrigerator,Ggtb 4.0 Cu.ft 2-Door Mini Fridge with Bottom Freezer,195.99,3.0,10,Walmart - KRIB BLING,Free delivery,Unknown,low-Budget,7.193685818395112,195.99,0
refrigerator,GE Profile - 36 in. Wide 27.9 Cu. Ft. 4-Door French Door Smart Refrigerator with Hands-Free AutoFill - Stainless Steel,39.0,3.89,6100,ohiofurnitureusa.com,Unknown,GE,low-Budget,33.90604900778071,39.0,0
refrigerator,Frigidaire - Professional 36 in. Wide 22.3 Cu. Ft. Side by Side Counter Depth Refrigerator - Smudge Proof Stainless Steel,39.0,3.89,6100,ohiofurnitureusa.com,Unknown,Frigidaire,low-Budget,33.90604900778071,39.0,0
refrigerator,Frigidaire Gallery - 23 Cu. Ft. Counter-Depth French Door Refrigerator with Free Additional Filter Kit,3059.0,3.6,24000,Frigidaire,Free delivery,Frigidaire,low-Budget,36.309062790463386,3059.0,0
refrigerator,"Frigidaire Gallery - 22 Cu. Ft. 36"" Counter Depth Side by Side Refrigerator with Free Additional Filter Kit",1649.0,5.0,38000,Frigidaire,Free delivery,Frigidaire,low-Budget,52.72683877075871,1649.0,0
refrigerator,Whirlpool 36-inch Wide Side-by-Side Refrigerator - 25 cu. ft.,43.99,3.6,200000,Rent-A-Center,Free delivery,Whirlpool,low-Budget,43.941879523863626,43.99,0
refrigerator,GE Profile ENERGY STAR 22.4 Cu. Ft. Smart Counter-Depth 4-Door French-Door Refrigerator with Kitchen Assistant pxd22hyyfs,3499.99,2.9,10,Sherman's,Unknown,GE,low-Budget,6.953896291115274,3499.99,0
refrigerator,Frigidaire 19 Cu. Ft. Standard-Depth French Door Refrigerator frfn1801af,1199.99,3.3,10,Best Buy,Free delivery by Tue,Frigidaire,low-Budget,7.913054400234623,1199.99,0
refrigerator,"Frigidaire 26 Cu. Ft. 36"" Standard Depth Side by Side Refrigerator",1449.99,4.7,6550,"Filco Superstore - Sacramento, CA",Free delivery by Tue,Frigidaire,low-Budget,41.30065304703982,1449.99,0
refrigerator,GE 15.6 Cu. Ft. Top-Freezer Refrigerator,746.0,4.4,18000,degroods,Free delivery by Mon,GE,low-Budget,43.112003399919104,746.0,0
refrigerator,Hamilton Beach 15.6 cu ft Side by Side Refrigerator hz8551,584.0,5.0,4080,Walmart,Free delivery,Unknown,low-Budget,41.57048667702903,584.0,0
refrigerator,IKEA OLOFSFORS top-freezer refrigerator,899.0,1.4,10,IKEA,Unknown,Unknown,low-Budget,3.357053381917719,899.0,0
refrigerator,Frigidaire 13.9 Cu ft Top Freezer Refrigerator,746.99,4.7,61000,"Filco Superstore - Sacramento, CA",Free delivery by Tue,Frigidaire,low-Budget,51.78763402137939,746.99,0
refrigerator,"Frigidaire Gallery 25.6 Cu. Ft. 36"" Standard Depth Side by Side Refrigerator",1436.99,2.7,88000,Apartment Supply by Feder's Distributors,Unknown,Frigidaire,low-Budget,30.73977933398678,1436.99,0
refrigerator,Insignia 22 in. Wide 10.1 Cu. Ft. Top-Freezer Refrigerator with Reversible Door and ENERGY STAR Certification,329.99,2.9,2270,Best Buy,Free delivery,Insignia,low-Budget,22.411129072106117,329.99,0
refrigerator,"LG 30 in. W 20 cu. ft. Top Freezer Refrigerator w/ Multi-Air Flow and Reversible Door in Stainless Steel,ENERGY STAR",879.0,2.8,22000,Home Depot,Unknown,LG,low-Budget,27.996760920388063,879.0,0
refrigerator,GE 17.5 Cu. Ft. Stainless Steel Top Freezer Refrigerator,699.96,3.0,4840,Appliance Warehouse & BBQ Supply,Unknown,GE,low-Budget,25.454629769819086,699.96,0
refrigerator,Insignia 30 in. Wide 18 Cu. Ft. Top-Freezer Refrigerator with ENERGY STAR Certification,479.99,3.5,28000,Best Buy,Free delivery,Insignia,low-Budget,35.83998425981861,479.99,0
refrigerator,IKEA LAGAN top-freezer refrigerator,749.0,5.0,10,IKEA,Unknown,Unknown,low-Budget,11.989476363991853,749.0,0
refrigerator,LG 24 Cu. Ft. Top Freezer Refrigerator,879.0,5.0,9010,Home Depot,Unknown,LG,low-Budget,45.53100666117519,879.0,0
refrigerator,Haier 596 L Frost Free Side by Side Convertible Refrigerator with Inverter,663.37,3.89,6100,Ysvara Lifestyle,Free delivery,Haier,low-Budget,33.90604900778071,663.37,0
refrigerator,"Frigidaire 22.3 Cu. Ft. 33"" Standard Depth Side By Side Refrigerator",1281.99,3.6,74000,Apartment Supply by Feder's Distributors,Unknown,Frigidaire,low-Budget,40.36260198819065,1281.99,0
gaming laptop,"HP Victus 15.6"" Full HD 144Hz Gaming Laptop Intel Core i5-13420H",779.0,4.5,5890,Best Buy,Unknown,HP,low-Budget,39.06531468684759,779.0,0
gaming laptop,"Acer Nitro V 15.6"" Gaming Laptop Intel Core 5 210H",899.0,4.8,990,Walmart,1 hour delivery $20,Acer,low-Budget,33.113829764783944,899.0,0
gaming laptop,"Lenovo Legion 5 15IRX10 OLED 15.1"" Gaming Laptop Computer",2199.99,4.39,103,Micro Center,Unknown,Lenovo,low-Budget,20.388876047230625,2199.99,0
gaming laptop,"ASUS ROG Zephyrus G16 16"" 2.5K OLED 240Hz Gaming Laptop Intel Core Ultra 9 285H",2149.99,4.6,2520,Best Buy,Free delivery,Asus,low-Budget,36.029090265064426,2149.99,0
gaming laptop,"Razer Blade 18 18"" GeForce RTX 5090 Laptop GPU Intel Core Ultra 9 275HX",6999.99,4.39,6100,Razer.com,Free delivery,Unknown,Mid-Range,38.26415299335663,6999.99,0
gaming laptop,New Asus Rog Strix G16 g614fm Ryzen 9 9955hx 2.5ghz 16gb RAM 1tb Ssd Rtx 5060,1599.0,4.3,920,Walmart,1 hour delivery $20,Asus,low-Budget,29.349478155897817,1599.0,0
gaming laptop,"Alienware 15.3"" 2K Gaming Laptop AMD Ryzen 200 Series R7 260 2026 da15265",1924.99,4.4,340,Best Buy,Free delivery by Mon,Unknown,low-Budget,25.660282900047477,1924.99,0
gaming laptop,"Acer Nitro V 16 AI Copilot+ PC Anv16-61-r8ue 16"" Gaming Laptop Computer",1299.99,3.0,20,Micro Center,Unknown,Acer,low-Budget,9.13356731317027,1299.99,0
gaming laptop,"Lenovo Legion 5 15IRX10 Gaming Laptop 15.1"" WQXGA OLED 165Hz Display Intel Core i7-14700HX",1499.0,4.4,880,Walmart,1 hour delivery $20,Lenovo,low-Budget,29.836653554119195,1499.0,0
gaming laptop,"HyperX HP OMEN 16"" 165Hz 2.5K OLED Gaming Laptop AMD Ryzen 9 8940HX",2149.99,4.6,390,Best Buy,Free delivery by Tue,HP,low-Budget,27.45605477593268,2149.99,0
gaming laptop,"Acer 16"" Nitro V 16S Gaming Laptop",1399.99,5.0,30,B&H Photo-Video-Audio,Free delivery by Tue,Acer,low-Budget,17.16993602242573,1399.99,0
gaming laptop,Razer Blade 18 Ultra-thin 18-inch gaming laptop Dual UHD+ 240 Hz,3499.99,4.39,6100,Razer.com,Free delivery,Unknown,low-Budget,38.26415299335663,3499.99,0
gaming laptop,"ASUS TUF Gaming A16 16"" 165Hz FHD+ Gaming Laptop AMD Ryzen 9 8940HX 2025",2224.99,4.7,190,Best Buy,Free delivery by Mon,Asus,low-Budget,24.68568511181916,2224.99,0
gaming laptop,Msi Cyborg 15.6 inch 144Hz Gaming Laptop Intel Core i5-13420H,899.0,4.59,880,Walmart,Free delivery,Unknown,low-Budget,31.125054503047064,899.0,0
gaming laptop,"Acer Nitro V ANV15-52-574M 15.6"" Gaming Laptop Computer",999.99,4.39,103,Micro Center,Unknown,Acer,low-Budget,20.388876047230625,999.99,0
gaming laptop,"HP Victus 15.6"" Full HD Gaming Laptop AMD Ryzen 5 7535HS",1249.99,4.1,160,Best Buy,Free delivery,HP,low-Budget,20.833757896436296,1249.99,0
gaming laptop,"Lenovo 18"" Legion 9i Gaming Laptop",4999.0,4.56,30,B&H Photo-Video-Audio,Free delivery by Tue,Lenovo,low-Budget,15.658981652452265,4999.0,0
gaming laptop,Asus ROG Strix G18 Gaming Laptop 18 Wqxda 240hz AMD Ryzen 9 9955hx Nvidia GeForce Rtx 5070 8GB Vram,2099.0,4.4,870,Walmart,Free delivery,Asus,low-Budget,29.786424698151016,2099.0,0
gaming laptop,"ASUS ROG Strix G16 16"" FHD 165Hz Gaming Laptop AMD Ryzen 9 8940HX",2299.99,4.5,4410,Best Buy,Free delivery by Mon,Asus,low-Budget,37.76335515047223,2299.99,0
gaming laptop,ASUS TUF F17 17.3 144Hz Gaming Laptop NVIDIA GeForce RTX 3050,749.99,4.39,6100,Staples,Free delivery by Wed,Asus,low-Budget,38.26415299335663,749.99,0
gaming laptop,"HP OMEN Transcend 14-fb1013dx Gaming Laptop 14"" 3K OLED 120Hz Display Intel Core Ultra 7 255h",2499.99,4.7,290,Best Buy,Free delivery by Mon,HP,low-Budget,26.664619355706016,2499.99,0
gaming laptop,"Acer 16"" Predator Helios Neo 16 AI LED IPS Gaming Laptop",1999.99,4.2,90,B&H Photo-Video-Audio,Free delivery by Tue,Acer,low-Budget,18.94560992737077,1999.99,0
gaming laptop,"Laptop 15.6 FHD Gaming Laptop, AMD Ryzen 7 5700u, 16gb Ram, 512gb Ssd, Windows 11 Pro, Graphite, WiFi 6, Backlit KB, Gray",529.39,3.8,210,Walmart - NIPOGI Official Store,Free delivery by Wed,Unknown,low-Budget,20.337060907209054,529.39,0
gaming laptop,"HyperX HP OMEN 16"" 165Hz 2K Gaming Laptop Intel Core Ultra 7 356H",1799.99,4.5,150,Best Buy,Unknown,HP,low-Budget,22.577759265667158,1799.99,0
gaming laptop,"Lenovo Legion 5a 15.3"" OLED WQXGA 165Hz Copilot+ PC Gaming Notebook AMD Ryzen 7 250 16GB RAM 512GB SSD NVIDIA GeForce RTX 5060",1549.99,4.39,6100,Newegg.com - antonline,Free delivery,Lenovo,low-Budget,38.26415299335663,1549.99,0
gaming laptop,"ASUS TUF Gaming F16 16"" 144Hz FHD+ Gaming Laptop Intel Core i7-14650HX 2024",1389.99,4.7,160,Best Buy,Free delivery,Asus,low-Budget,23.88260051542698,1389.99,0
gaming laptop,HP Hyperx Omen 15.3 inch Wuxga 165Hz 2K IPS Gaming Laptop Intel Core 5 210h,1199.0,5.0,10,Walmart,Free delivery,HP,low-Budget,11.989476363991853,1199.0,0
gaming laptop,"Dell 16"" Alienware 16 Aurora Gaming Laptop",1429.99,4.0,20,B&H Photo-Video-Audio,Free delivery by Tue,Dell,low-Budget,12.178089750893692,1429.99,0
gaming laptop,"Lenovo Legion Pro 5i 16"" 2.5k OLED Gaming Laptop Intel Core Ultra 9 275HX 2025",2749.99,4.7,2530,Best Buy,Free delivery,Lenovo,low-Budget,36.83093787456208,2749.99,0
gaming laptop,Acer Nitro V 16 Wuxga IPS 165Hz Gaming Laptop Intel Core 5 Processor 210h,1399.0,4.59,880,Walmart,1 hour delivery $20,Acer,low-Budget,31.125054503047064,1399.0,0
gaming laptop,"Lenovo LOQ 15.6"" 2K Gaming Laptop AMD Ryzen 7 170 2025",999.99,4.3,30,Best Buy,Free delivery,Lenovo,low-Budget,14.766144979286128,999.99,0
gaming laptop,"ASUS ROG Flow Z13 GZ302EAC-XS99 Kojima Productions Edition 13.4"" 2-in-1 Laptop Computer",3699.99,5.0,20,B&H Photo-Video-Audio,Free delivery by Tue,Asus,low-Budget,15.222612188617115,3699.99,0
gaming laptop,GIGABYTE Gaming A16 Gaming Laptop 165Hz 1920x1200 WUXGA RTX 5070,1599.99,4.5,230,Best Buy,Free delivery by Tue,Unknown,low-Budget,24.49087969734807,1599.99,0
gaming laptop,"Asus ROG Zephyrus G14 14"" 3K OLED 120Hz Gaming Laptop AMD Ryzen 9 270",2299.99,4.4,4340,EXcaliberPC.com,Unknown,Asus,low-Budget,36.853784067318216,2299.99,0
gaming laptop,"MSI Raider 16 HX 16"" 2.5K QHD+ 240Hz Gaming Laptop Intel Ultra 9 275HX 2025",2549.99,4.4,1080,Best Buy,Free delivery,Unknown,low-Budget,30.736823997612518,2549.99,0
gaming laptop,Alienware 18 Area-51 Gaming Laptop,3999.99,4.5,4580,Dell,Free delivery,Unknown,low-Budget,37.933526672490345,3999.99,0
gaming laptop,"ASUS TUF A16 FA607NU Gaming Laptop 16"" WUXGA IPS 144Hz Display AMD Ryzen 5 7535HS",1049.0,4.5,320,Walmart,Free delivery,Asus,low-Budget,25.971485054085072,1049.0,0
gaming laptop,"ASUS ROG Flow Z13 13.4"" 2.5K 180Hz QHD+ Touch Screen",2099.99,4.5,2360,Best Buy,Free delivery by Mon,Asus,low-Budget,34.950782416884806,2099.99,0
gaming laptop,ASUS ROG Flow Z13,2199.99,4.6,1410,B&H Photo-Video-Audio,Free delivery by Tue,Asus,low-Budget,33.359448178522946,2199.99,0
gaming laptop,"GIGABYTE GAMING A16 16"" 165Hz 1920x1200 WUXGA Intel Core i7-13620H",1299.99,4.4,830,Best Buy,Free delivery,Unknown,low-Budget,29.579571097363974,1299.99,0
gaming laptop,HP Victus 15 Ryzen 5 8645HS RTX 4050 8GB DDR5 RAM 15.6 inch,1070.0,4.39,6100,ezonelb.com,Unknown,HP,low-Budget,38.26415299335663,1070.0,0
gaming laptop,"15.6"" Gaming Laptop-IPS Fhd, AMD Ryzen 7 8745hs Radeon 780m GPU (Beat R9 6900hx, up to 4.9GHz) 32gb Ddr5 RAM 1TB SSD 100w Type-C Computer with",1079.99,4.39,6100,Walmart - ESOOR,Free delivery,Unknown,low-Budget,38.26415299335663,1079.99,0
gaming laptop,"15.6"" Gaming Laptop-IPS Fhd, AMD Ryzen 7 8745hs Radeon 780m GPU (Beat R9 6900hx, up to 4.9GHz) 16gb Ddr5 RAM 512gb SSD 100w Type-C Computer with",729.99,4.39,6100,Walmart - ESOOR,Free delivery,Unknown,low-Budget,38.26415299335663,729.99,0
gaming laptop,Refurbished Nimo 15.6 N153 FHD R5 6600H Laptop Adata RAM / Bundle Kingston/WD,549.97,5.0,1160,"Walmart - Cleamol Co.,Ltd",Unknown,Unknown,low-Budget,35.285184908489455,549.97,0
gaming laptop,"Dell - Upgraded - Alienware 15.3"" 165Hz Gaming Laptop,AMD Ryzen 5 220,16GB DDR5,1TB SSD+1TB Dock Set,GeForce RTX 4050,Win 11 - Black",1349.0,4.3,2290,Best Buy,Unknown,Dell,low-Budget,33.26799783455003,1349.0,0
gaming laptop,"15.6"" Gaming Laptop-IPS Fhd, AMD Ryzen 7 8745hs Radeon 780m GPU (Beat R9 6900hx, up to 4.9GHz) 32gb Ddr5 RAM 2TB SSD 100w Type-C Computer with",1099.99,4.39,6100,Walmart - ESOOR,Free delivery,Unknown,low-Budget,38.26415299335663,1099.99,0
gaming laptop,"2026 Hp Victus Gaming Laptop 15.6"" Ryzen 7 Nvidia Rtx 4050 Upto 64gb",1499.0,4.39,6100,eBay - hellogoodlife1,Free delivery by Wed,HP,low-Budget,38.26415299335663,1499.0,0
gaming laptop,"2026 Hp Victus Gaming Laptop 15.6"" Ryzen 7 Nvidia Rtx 4050 Upto 64gb",1949.0,4.39,6100,eBay - hellogoodlife1,Free delivery by Fri,HP,low-Budget,38.26415299335663,1949.0,0
gaming laptop,"GIGABYTE - Upgraded - A16 16"" WUXGA 165Hz Gaming Laptop,Intel i7-13620H,RTX 5070,32GB,1TB SSD+1TB Dock,Backlit,Win11 Pro - Black Steel",1899.0,4.4,1080,Best Buy,Unknown,Unknown,low-Budget,30.736823997612518,1899.0,0
gaming laptop,"15.6"" Gaming Laptop-IPS Fhd, AMD Ryzen 7 8745hs Radeon 780m GPU (Beat R9 6900hx, up to 4.9GHz) 64gb Ddr5 RAM 2TB SSD 100w Type-C Computer with",1599.99,4.39,6100,Walmart - ESOOR,Free delivery,Unknown,low-Budget,38.26415299335663,1599.99,0
gaming laptop,Nimo 15.6 inch IPS FHD AMD Ryzen 5 6600h 16gb Ddr5 RAM 512gb SSD (6 Cores Up to 4.5GHz) AMD Radeon 660m GPU-Computer with 100w Type-C Gaming Laptop,599.99,4.39,1160,"Walmart - Cleamol Co.,Ltd",Unknown,Unknown,low-Budget,30.98039234965374,599.99,0
gaming laptop,"Dell Alienware Aurora 16"" Core7-240h Laptop Ram 32gb 1tb Rtx5060",3744.9,5.0,3180,eBay - ksmtop,Unknown,Dell,low-Budget,40.324754458745716,3744.9,0
gaming laptop,"Dell - Upgraded - Alienware 15.3"" 165Hz Gaming Laptop,AMD Ryzen 5 220,32GB DDR5,1TB SSD+1TB Dock Set,GeForce RTX 4050,Win 11 - Black",1499.0,5.0,2030,Best Buy,Unknown,Dell,low-Budget,38.08141780790193,1499.0,0
gaming laptop,"Dell - Alienware 15.3"" 165Hz Gaming Laptop,AMD Ryzen 5 220,16GB DDR5,512GB SSD+1TB Dock Set,GeForce RTX 4050,Win 11 - Black",1199.0,4.4,1080,Best Buy,Unknown,Dell,low-Budget,30.736823997612518,1199.0,0
gaming laptop,"GIGABYTE - Upgraded - A16 16"" WUXGA 165Hz Gaming Laptop,Intel i7-13620H,RTX 5070,32GB,2TB SSD+1TB Dock,Backlit,Win11 Pro - Black Steel",2089.0,4.4,1080,Best Buy,Unknown,Unknown,low-Budget,30.736823997612518,2089.0,0
gaming laptop,"Alienware - 15.3"" FHD+ Gaming Laptop - AMD Ryzen 200 Series R5 220 2026 - 16GB Memory - NVIDIA GeForce RTX 4050 6GB - 512GB Storage - Black",1149.99,4.4,1080,Best Buy,Unknown,Unknown,low-Budget,30.736823997612518,1149.99,0
gaming laptop,"Laptop 15.6 FHD Gaming Laptop, AMD Ryzen 7 5700u, 16gb Ram, 512gb Ssd, Windows 11 Pro, Graphite, WiFi 6, Backlit KB, Gray",529.39,3.1,350,Walmart - NIPOGI Official Store,Free delivery by Wed,Unknown,low-Budget,18.168437292744184,529.39,0
gaming laptop,"Dell - Alienware 16 Aurora 16"" Gaming Laptop,Intel Core 7 240H,16GB DDR5,1TB SSD+1TB Dock Set,GeForce RTX 5060,Win 11 - Blue",1799.0,2.7,2480,Best Buy,Unknown,Dell,low-Budget,21.104325855967865,1799.0,0
gaming laptop,"Dell - Upgraded - Alienware 15.3"" Gaming Laptop,AMD Ryzen 5 220,32GB DDR5,1TB SSD+1TB Dock Set,GeForce RTX 4050,Win 11 Pro - Black",1499.0,4.4,1080,Best Buy,Unknown,Dell,low-Budget,30.736823997612518,1499.0,0
gaming laptop,"Dell Alienware Aurora 16 16"" WQXGA 120Hz Gaming Laptop, Intel Core 7 240H, 64GB DDR5, 3TB Storage(2TB SSD+1TB Docking Station Set), GeForce RTX 5050 8",2449.0,3.2,2500,Newegg.com - Snow Bell,Free delivery,Dell,low-Budget,25.03822697880838,2449.0,0
gaming laptop,"Dell - Upgraded - Alienware 15.3"" Gaming Laptop,AMD Ryzen 5 220,16GB DDR5,1TB SSD+1TB Dock Set,GeForce RTX 4050,Win 11 Pro - Black",1349.0,4.4,1080,Best Buy,Unknown,Dell,low-Budget,30.736823997612518,1349.0,0
gaming laptop,"Dell - Alienware 16 16"" Gaming Laptop,Intel Core 7 240H,64GB DDR5,2TB SSD+1TB Dock Station,GeForce RTX 5060,Win 11 - Blue",2679.0,2.5,3980,Best Buy,Unknown,Dell,low-Budget,20.723220807500795,2679.0,0
gaming laptop,"Dell - Alienware 16 16"" Gaming Laptop,Intel Core 7 240H,16GB DDR5,1TB SSD+1TB Dock Station,GeForce RTX 5060,Win 11 - Blue",1799.0,2.5,3070,Best Buy,Unknown,Dell,low-Budget,20.074396301102055,1799.0,0
gaming laptop,"Asus Vivobook V16 Gaming 16 Inch Laptop Bundle, Intel Core 7 240h, 32gb Ddr5, 1TB Ssd, Black",1974.99,4.4,1080,Best Buy,Unknown,Asus,low-Budget,30.736823997612518,1974.99,0
gaming laptop,"HyperX - Upgraded - HP OMEN 16"" 2K Gaming Laptop,Intel Core Ultra 7 356H,16GB RAM,1TB SSD+1TB Dock Set,GeForce RTX 5060,Win 11 Pro - Shadow Black",1949.0,4.6,280,Best Buy,Unknown,HP,low-Budget,25.936431478935226,1949.0,0
gaming laptop,"Dell - Alienware 16 16"" Gaming Laptop,Intel Core 7 240H,32GB DDR5,2TB SSD+1TB Dock Station,GeForce RTX 5060,Win 11 - Blue",2229.0,4.9,2790,Best Buy,Unknown,Dell,low-Budget,38.87736064432798,2229.0,0
gaming laptop,"Dell - Alienware 16 16"" Gaming Laptop,Intel Core 7 240H,32GB DDR5,1TB SSD+1TB Dock Station,GeForce RTX 5060,Win 11 - Blue",2049.0,4.5,3310,Best Buy,Unknown,Dell,low-Budget,36.472524918962606,2049.0,0
gaming laptop,"Dell - Upgraded - Alienware 18 18"" QHD+ 300Hz Gaming Laptop,Intel Ultra 9 275HX,RTX 5070 Ti,64GB,2TB SSD+1TB Dock, Win 11 Pro - Liquid Teal",4929.0,5.0,130,Best Buy,Unknown,Dell,low-Budget,24.375986616005754,4929.0,0
gaming laptop,"Dell Alienware Aurora 16 16"" WQXGA 120Hz Gaming Laptop, Intel Core 7 240H, 32GB DDR5, 2TB Storage(1TB SSD+1TB Docking Station Set), GeForce RTX 5050 8",1849.0,3.6,3980,Newegg.com - Snow Bell,Free delivery,Dell,low-Budget,29.84143796280114,1849.0,0
gaming laptop,"Dell - Upgraded - Alienware 18 18"" QHD+ 300Hz Gaming Laptop,Intel Ultra 9 275HX,RTX 5070 Ti,64GB,4TB SSD+1TB Dock, Win 11 Pro - Liquid Teal",5269.0,4.8,1080,Best Buy,Unknown,Dell,Mid-Range,33.5310807246682,5269.0,0
gaming laptop,Nimo 17.3 inch Gaming Laptop AMD Ryzen 7 7735hs 16gb Ddr5 Ram,899.79,4.39,1160,"Walmart - Cleamol Co.,Ltd",Unknown,Unknown,low-Budget,30.98039234965374,899.79,0
gaming laptop,"Dell - Upgraded - Alienware 16X Aurora 16"" 2.5K 240Hz Gaming Laptop,Intel Ultra 9 275HX,RTX 5070,32GB RAM,2TB SSD+1TB Dock,Win 11 Pro - Interstellar",2649.0,4.4,1080,Best Buy,Unknown,Dell,low-Budget,30.736823997612518,2649.0,0
gaming laptop,"Dell - Upgraded - Alienware 16X Aurora 16"" 2.5K 240Hz Gaming Laptop,Intel Ultra 9 275HX,RTX 5070,32GB RAM,1TB SSD+1TB Dock,Win 11 Pro - Interstellar",2499.0,4.4,1080,Best Buy,Unknown,Dell,low-Budget,30.736823997612518,2499.0,0
gaming laptop,"HP OMEN MAX HyperX AI Gaming Laptop 16.0"" 240Hz OLED WQXGA Display (Intel Ultra 9 290HX Plus, NVIDIA GeForce RTX 5070 Ti 12GB, 64GB DDR5, 1TB PCIe SSD",4339.99,4.39,6100,Newegg.com - DealKing,Free delivery,HP,low-Budget,38.26415299335663,4339.99,0
gaming laptop,"Alienware 16X Aurora Gaming Laptop, Intel Ultra 9 290hx, 64 GB Ddr5 Ram, 2 TB PCIe Ssd, 16 inch 3K (2560x1600) 240Hz, Nvidia G-Force RTX 5070, Backlit",3379.0,5.0,6890,Walmart - Teknoraks,Unknown,Unknown,low-Budget,44.189857456786044,3379.0,0
gaming laptop,"Alienware 16X Aurora Gaming Laptop, Intel Ultra 9 290hx, 64 GB Ddr5 Ram, 2 TB PCIe Ssd, 16 inch 3K (2560x1600) 240Hz, Nvidia G-Force RTX 5070, Backlit",3379.0,5.0,6890,Walmart - Teknoraks,Unknown,Unknown,low-Budget,44.189857456786044,3379.0,0
gaming laptop,"HP - Upgraded - HyperX OMEN 16"" 2.5K 165Hz Gaming Laptop,Ryzen 9 8940HX,GeForce RTX 5060,32GB,2TB SSD+1TB Dock Set,Win 11 Pro - Black",2569.0,3.8,520,Best Buy,Unknown,HP,low-Budget,23.771850158662794,2569.0,0
gaming laptop,"HP - Upgraded - HyperX OMEN 16"" 2.5K 165Hz Gaming Laptop,Ryzen 9 8940HX,GeForce RTX 5060,16GB,1TB SSD+1TB Dock Set,Win 11 Pro - Black",2129.0,4.4,710,Best Buy,Unknown,HP,low-Budget,28.89335869113426,2129.0,0
gaming laptop,"Alienware 16X Aurora Gaming Laptop, Intel Ultra 9 290hx, 16 GB Ddr5 Ram, 1 TB PCIe Ssd, 16 inch 3K (2560x1600) 240Hz, Nvidia G-Force RTX 5070, Backlit",2569.0,4.1,7510,Walmart - Teknoraks,Unknown,Unknown,low-Budget,36.588907955912646,2569.0,0
gaming laptop,"ASUS - Intel Ultra 9 (Series 2) - RTX 5070 Laptop GPU - 16GB Memory - Gaming - 4TB SSD - 16.0"" Screen - ASUS ROG Zephyrus G16 - Eclipse Gray - 2560x16",2709.0,5.0,1530,Newegg.com - Apollo Premium Electronics,Free delivery,Asus,low-Budget,36.66838197828842,2709.0,0
gaming laptop,"ASUS ROG Zephyrus G16 16"" 2.5K OLED 240Hz Gaming Laptop Intel Core Ultra 9 285H",2149.99,4.6,2520,Best Buy,Free delivery,Asus,low-Budget,36.029090265064426,2149.99,0
gaming laptop,"Acer Nitro V 15.6"" Gaming Laptop Intel Core 5 210H",899.0,4.8,990,Walmart,Free delivery,Acer,low-Budget,33.113829764783944,899.0,0
gaming laptop,"Lenovo 18"" Legion 9i Gaming Laptop",5499.99,4.39,103,Micro Center,Unknown,Lenovo,Mid-Range,20.388876047230625,5499.99,0
gaming laptop,"HyperX HP OMEN 16"" 165Hz 2.5K OLED Gaming Laptop AMD Ryzen 9 8940HX",1624.99,4.6,390,Best Buy,Free delivery by Tue,HP,low-Budget,27.45605477593268,1624.99,0
gaming laptop,"Lenovo Legion 5 15IRX10 OLED 15.1"" Gaming Laptop Computer",2199.99,4.39,103,Micro Center,Unknown,Lenovo,low-Budget,20.388876047230625,2199.99,0
gaming laptop,Alienware Aurora 16 inch Wqxga 120Hz Gaming Laptop Intel Core 7-240h,1249.0,4.4,2600,Walmart,1 hour delivery $20,Unknown,low-Budget,34.60006556797407,1249.0,0
gaming laptop,"Acer Nitro V – 16"" WUXGA 165Hz Gaming Laptop Intel Core 7 240H 2024",1049.99,4.6,170,Best Buy,Free delivery by Mon,Acer,low-Budget,23.651652359912234,1049.99,0
gaming laptop,New Asus Rog Strix G16 g614fm Ryzen 9 9955hx 2.5ghz 16gb RAM 1tb Ssd Rtx 5060,1599.0,4.3,920,Walmart,1 hour delivery $20,Asus,low-Budget,29.349478155897817,1599.0,0
gaming laptop,"Acer Nitro V 16 AI Copilot+ PC Anv16-61-r8ue 16"" Gaming Laptop Computer",1299.99,3.0,20,Micro Center,Unknown,Acer,low-Budget,9.13356731317027,1299.99,0
gaming laptop,"Alienware 15.3"" 2K Gaming Laptop AMD Ryzen 200 Series R7 260 2026 da15265",1924.99,4.4,340,Best Buy,Free delivery by Mon,Unknown,low-Budget,25.660282900047477,1924.99,0
gaming laptop,"Lenovo Legion 5 15IRX10 Gaming Laptop 15.1"" WQXGA OLED 165Hz Display Intel Core i7-14700HX",1499.0,4.4,880,Walmart,1 hour delivery $20,Lenovo,low-Budget,29.836653554119195,1499.0,0
gaming laptop,"Lenovo Legion Pro 7i 16IAX10H OLED 16"" Gaming Laptop Computer",5299.99,4.39,103,Micro Center,Unknown,Lenovo,Mid-Range,20.388876047230625,5299.99,0
gaming laptop,Msi Cyborg 15.6 inch 144Hz Gaming Laptop Intel Core i5-13420H,899.0,4.59,880,Walmart,1 hour delivery $20,Unknown,low-Budget,31.125054503047064,899.0,0
gaming laptop,"ASUS ROG Strix G16 16"" FHD 165Hz Gaming Laptop AMD Ryzen 9 8940HX",2299.99,4.5,4410,Best Buy,Free delivery by Mon,Asus,low-Budget,37.76335515047223,2299.99,0
gaming laptop,"Dell 16"" Alienware 16 Aurora Gaming Laptop",1399.99,3.4,270,Micro Center,Unknown,Dell,low-Budget,19.047203990990983,1399.99,0
gaming laptop,ASUS TUF F17 17.3 144Hz Gaming Laptop NVIDIA GeForce RTX 3050,749.99,4.39,6100,Staples,Free delivery by Wed,Asus,low-Budget,38.26415299335663,749.99,0
gaming laptop,"HP Victus 15.6"" Full HD 144Hz Gaming Laptop Intel Core i5-13420H",779.0,4.5,5890,Best Buy,Unknown,HP,low-Budget,39.06531468684759,779.0,0
gaming laptop,Asus ROG Strix G18 Gaming Laptop 18 Wqxda 240hz AMD Ryzen 9 9955hx Nvidia GeForce Rtx 5070 8GB Vram,2099.0,4.4,870,Walmart,1 hour delivery $20,Asus,low-Budget,29.786424698151016,2099.0,0
gaming laptop,"Acer Nitro V ANV15-52-574M 15.6"" Gaming Laptop Computer",999.99,4.39,103,Micro Center,Unknown,Acer,low-Budget,20.388876047230625,999.99,0
gaming laptop,"Lenovo Legion Pro 5i 16"" 2.5k OLED Gaming Laptop Intel Core Ultra 9 275HX 2025",2749.99,4.7,2530,Best Buy,Free delivery,Lenovo,low-Budget,36.83093787456208,2749.99,0
gaming laptop,"ASUS ROG Strix SCAR 18 G835LXG-XB97 18"" Gaming Laptop Computer",4999.99,4.39,103,Micro Center,Unknown,Asus,low-Budget,20.388876047230625,4999.99,0
gaming laptop,"ASUS ROG Flow Z13 13.4"" 2.5K 180Hz QHD+ Touch Screen",2099.99,4.5,2360,Best Buy,Free delivery by Mon,Asus,low-Budget,34.950782416884806,2099.99,0
gaming laptop,HP Hyperx Omen 15.3 inch Wuxga 165Hz 2K IPS Gaming Laptop Intel Core 5 210h,1199.0,5.0,10,Walmart,1 hour delivery $20,HP,low-Budget,11.989476363991853,1199.0,0
gaming laptop,"Acer 16"" Predator Helios Neo 16 AI Gaming Laptop",2199.99,4.39,103,Micro Center,Unknown,Acer,low-Budget,20.388876047230625,2199.99,0
gaming laptop,"GIGABYTE GAMING A16 16"" 165Hz 1920x1200 WUXGA Intel Core i7-13620H",1299.99,4.4,830,Best Buy,Free delivery,Unknown,low-Budget,29.579571097363974,1299.99,0
gaming laptop,"Asus ROG Zephyrus G14 14"" 3K OLED 120Hz Gaming Laptop AMD Ryzen 9 270",2299.99,4.4,4340,EXcaliberPC.com,Unknown,Asus,low-Budget,36.853784067318216,2299.99,0
gaming laptop,Acer Nitro V 16 Wuxga IPS 165Hz Gaming Laptop Intel Core 5 Processor 210h,1399.0,4.59,880,Walmart,Free delivery,Acer,low-Budget,31.125054503047064,1399.0,0
gaming laptop,ASUS ROG Flow Z13,2099.99,4.6,1410,Best Buy,Free delivery by Fri,Asus,low-Budget,33.359448178522946,2099.99,0
gaming laptop,Hyperx Omen 15.3 inch Wqxga 180Hz 2.5k IPS Gaming Laptop AMD Ryzen 9 8940hx,1799.0,5.0,30,Walmart,1 hour delivery $20,Unknown,low-Budget,17.16993602242573,1799.0,0
gaming laptop,MSI Crosshair A16 Gaming Laptop AMD Ryzen 9-8940HX DDR5 RAM PCIe Ssd,1599.99,4.4,1080,Best Buy,Free delivery by Mon,Unknown,low-Budget,30.736823997612518,1599.99,0
gaming laptop,ASUS ROG Strix G18 G814PH-ES94 Gaming Laptop,1699.0,5.0,10,Target,Free delivery,Asus,low-Budget,11.989476363991853,1699.0,0
gaming laptop,"HP Victus 15.6"" Gaming Laptop AMD Ryzen 7",1039.0,4.7,13000,Best Buy,Unknown,HP,low-Budget,44.52207331584219,1039.0,0
gaming laptop,Gigabyte AMD Ryzen 7 260 RTX 5060 16GB1 1920x1200 1TB 165Hz gaming a16 3vhk3us89,1199.99,4.59,880,Walmart,Free delivery,Unknown,low-Budget,31.125054503047064,1199.99,0
gaming laptop,Alienware 16X Aurora Gaming Laptop Intel Core Ultra 9,2899.99,4.4,7160,Best Buy,Free delivery by Tue,Unknown,low-Budget,39.05618162603054,2899.99,0
gaming laptop,"ASUS ROG Strix G16 G615JMR-DS94 16"" Gaming Laptop Intel Core i9-14900HX",1544.99,5.0,90,BrandsMart USA,Unknown,Asus,low-Budget,22.55429753258425,1544.99,0
gaming laptop,"Lenovo Legion 7a 16"" 2.5K 240Hz OLED Gaming Laptop AMD Ryzen AI 7 450 2026",2399.99,4.5,130,Best Buy,Free delivery,Lenovo,low-Budget,21.93838795440518,2399.99,0
gaming laptop,Razer Blade 18 Ultra-thin 18-inch gaming laptop Dual UHD+ 240 Hz,3499.99,4.39,6100,Razer.com,Free delivery,Unknown,low-Budget,38.26415299335663,3499.99,0
television,Vizio Class Quantum HD Qled Smart TV,77.0,4.1,1390,Walmart,Free delivery,Vizio,low-Budget,29.674890586886114,77.0,0
television,Hiro 4K HDR Smart TV Flat Screen LED Television with Roku TV and Dolby Audio Streaming,279.99,4.57,28444,Target,Unknown,Unknown,low-Budget,46.8686754847343,279.99,0
television,Insignia Class F50 Series LED 4K UHD Smart Fire TV,149.99,4.7,17000,Best Buy,Free delivery by Mon,Insignia,low-Budget,45.78282899073732,149.99,0
television,Philips 32 inch Class HD Google Smart LED TV,148.0,4.1,520,Walmart,Free delivery,Philips,low-Budget,25.648575171188803,148.0,0
television,Roku Select Series Full HD Smart TV,159.99,4.4,11000,Target,Same-day delivery $10,Unknown,low-Budget,40.945262409653516,159.99,0
television,Samsung Class Crystal UHD U7900F 4K Smart TV,329.99,4.4,200000,Best Buy,Free delivery,Samsung,low-Budget,53.70674164027777,329.99,0
television,Hisense M7 Mini-LED Qled 4K UHD Google Smart TV 75m7sg,284.0,4.4,1210,Walmart,1 hour delivery $20,Google,low-Budget,31.236487671633608,284.0,0
television,Samsung Class U8000H Crystal UHD Series 4K Smart TV,297.99,4.4,15000,Abt Electronics & Appliances,Unknown,Samsung,low-Budget,42.309837435927115,297.99,0
television,"LG 55"" Class OLED evo AI C6 4K Smart TV",1299.99,4.8,56000,BJ's Wholesale Club,Free delivery,LG,low-Budget,52.47899916816339,1299.99,0
television,Samsung S90F 4K OLED Smart TV,999.99,4.7,38000,Best Buy,Free delivery,Samsung,low-Budget,49.56322844451319,999.99,0
television,LG 32 inch Class HD Lr60 Smart TV,138.0,4.0,4790,Walmart,1 hour delivery $20,LG,low-Budget,33.89797774753249,138.0,0
television,"Samsung H5000F 32"" HD LED Smart TV un32h5000ffxza",99.99,4.5,55000,Target,Same-day delivery $10,Samsung,low-Budget,49.11797990640376,99.99,0
television,Samsung M70H Mini LED 4K TV,297.99,4.5,15000,Home Depot,Free delivery,Samsung,low-Budget,43.271424650380006,297.99,0
television,LG OLED evo AI C5 4K Smart TV,1499.99,4.8,190000,Best Buy,Free delivery,LG,low-Budget,58.342966148576,1499.99,0
television,"Westinghouse 24"" HD Smart Roku TV",79.99,4.7,78000,BJ's Wholesale Club,Free delivery,Unknown,low-Budget,52.94304155268112,79.99,0
television,Roku 43 Inch Class Select Series 4K LED Smart TV,179.99,4.8,18000,Target,Same-day delivery $10,Unknown,low-Budget,47.03127643627538,179.99,0
television,Hisense M7 Series Mini-LED 4K UHD Smart Google TV,278.0,4.6,8140,Walmart,Free delivery,Google,low-Budget,41.42147418724029,278.0,0
television,Pioneer Class LED 4K UHD Smart Roku TV,149.99,4.7,29000,Best Buy,Free delivery,Unknown,low-Budget,48.292902278323766,149.99,0
television,Samsung QN70HD Neo QLED Mini LED 4K Vision AI Smart TV with 5-Year Coverage,997.99,4.4,6600,BJ's Wholesale Club,Unknown,Samsung,low-Budget,38.69789629943059,997.99,0
television,Insignia Class FE Series LED Full HD Smart Fire TV,89.99,4.6,15000,Best Buy,Free delivery by Mon,Insignia,low-Budget,44.23301186483289,89.99,0
television,Vizio Mini LED Quantum 4K Qled HDR Smart TV,318.0,4.2,7880,Walmart,Free delivery,Vizio,low-Budget,37.68328232908533,318.0,0
television,"Westinghouse 32"" HD Smart Roku TV",99.99,4.7,90000,BJ's Wholesale Club,Free delivery,Unknown,low-Budget,53.615607483700394,99.99,0
television,Samsung R85H 4K Micro RGB Smart TV,2597.99,4.8,4560,PC Richard & Son,Free delivery,Samsung,low-Budget,40.441426448216156,2597.99,0
television,Tcl Qm51l Series QD-Mini LED Qled 4K UHD HDR Smart Google TV 50qm51l,348.0,4.4,250,Walmart,Free delivery,TCL,low-Budget,24.311992932179848,348.0,0
television,Insignia Class F20 Series LED HD Smart Fire TV,69.99,4.7,11000,Best Buy,Free delivery by Mon,Insignia,low-Budget,43.73698484667535,69.99,0
television,TCL Class QM6K Series QD-Mini LED QLED 4K UHD Smart Google TV,499.99,4.6,12000,Target,Free delivery,TCL,low-Budget,43.206628189704624,499.99,0
television,Samsung Q7F 4K QLED Smart TV,347.99,4.6,120000,Walmart,Free delivery,Samsung,low-Budget,53.79817463328885,347.99,0
television,"LG 32lr655bpua 32"" Class HD Smart LED TV",169.0,4.5,7130,Best Buy,Unknown,LG,low-Budget,39.924930402127366,169.0,0
television,Vizio Class Quantum Full HD Qled Smart TV,133.0,4.0,8530,Walmart,Free delivery,Vizio,low-Budget,36.205847467634776,133.0,0
television,LG C6 OLED evo AI Smart 4K TV,1299.0,4.8,56000,Home Depot,Free delivery,LG,low-Budget,52.47899916816339,1299.0,0
television,Insignia Ns-32f201na26,79.99,4.4,22000,Best Buy,Free delivery,Insignia,low-Budget,43.99491001775268,79.99,0
television,Hisense 40-Inch Class H4 Series FHD Roku Smart TV 1080p Full HD LCD Screen,138.0,4.0,110000,Walmart,Free delivery,Unknown,low-Budget,46.432978942569285,138.0,0
television,Sony BRAVIA 8 4K HDR Smart OLED TV,1798.0,4.6,48000,B&H Photo-Video-Audio,Free delivery,Sony,low-Budget,49.58329476582921,1798.0,0
television,"TCL 43"" Class Q-Series QLED 4K UHD Smart Google TV 43q651g",229.99,4.5,64000,Target,Free delivery,TCL,low-Budget,49.799942942488826,229.99,0
television,Samsung M80H 4K Mini LED TV,497.99,4.7,7470,Best Buy,Unknown,Samsung,low-Budget,41.91828544848627,497.99,0
television,"VIZIO 32"" HD Smart TV",79.0,3.8,17000,Walmart,Free delivery,Vizio,low-Budget,37.01590429038337,79.0,0
television,Samsung M70H 4K Mini LED TV,600.02,4.5,8520,Staples,Free delivery by Wed,Samsung,low-Budget,40.7263004272258,600.02,0
television,Samsung The Frame LS03HE QLED 4K Vision AI Smart TV,1299.99,4.6,2320,Samsung,Free delivery,Samsung,low-Budget,35.648865668862406,1299.99,0
television,VIZIO V-Series 4K HDR Smart LED TV,205.0,4.3,170000,Walmart,Free delivery,Vizio,low-Budget,51.78730627298257,205.0,0
television,"77"" Class OLED S84F 4K Samsung Vision AI Smart TV",799.99,4.8,20000,Best Buy,Free delivery,Samsung,low-Budget,47.53698024617362,799.99,0
television,Pioneer Class LED 4K UHD Smart Roku TV,149.99,4.7,29000,Best Buy,Free delivery by Mon,Unknown,low-Budget,48.292902278323766,149.99,0
television,Philips 32 inch Class HD Google Smart LED TV,148.0,4.1,520,Walmart,Free delivery,Philips,low-Budget,25.648575171188803,148.0,0
television,Insignia Class F50 Series LED 4K UHD Smart Fire TV,149.99,4.7,17000,Best Buy,Free delivery,Insignia,low-Budget,45.78282899073732,149.99,0
television,Roku Select Series Full HD Smart TV,159.99,4.4,11000,Target,Free delivery,Unknown,low-Budget,40.945262409653516,159.99,0
television,Samsung Q7F 4K QLED Smart TV,347.99,4.6,120000,Walmart,Free delivery,Samsung,low-Budget,53.79817463328885,347.99,0
television,"LG 55"" Class OLED evo AI C6 4K Smart TV",1299.99,4.8,56000,BJ's Wholesale Club,Free delivery,LG,low-Budget,52.47899916816339,1299.99,0
television,Insignia Class F20 Series LED HD Smart Fire TV,69.99,4.7,11000,Best Buy,Free delivery by Mon,Insignia,low-Budget,43.73698484667535,69.99,0
television,Tcl Qm51l Series QD-Mini LED Qled 4K UHD HDR Smart Google TV 50qm51l,348.0,4.4,250,Walmart,Free delivery,TCL,low-Budget,24.311992932179848,348.0,0
television,Samsung M70H Mini LED 4K TV,297.99,4.5,15000,Home Depot,Free delivery,Samsung,low-Budget,43.271424650380006,297.99,0
television,Insignia Ns-32f201na26,79.99,4.4,22000,Best Buy,Free delivery by Mon,Insignia,low-Budget,43.99491001775268,79.99,0
television,Hisense M7 Mini-LED Qled 4K UHD Google Smart TV 75m7sg,284.0,4.4,1210,Walmart,Free delivery,Google,low-Budget,31.236487671633608,284.0,0
television,Roku 43 Inch Class Select Series 4K LED Smart TV,179.99,4.8,18000,Target,Free delivery,Unknown,low-Budget,47.03127643627538,179.99,0
television,Samsung Class Crystal UHD U7900F 4K Smart TV,329.99,4.4,200000,Best Buy,Free delivery,Samsung,low-Budget,53.70674164027777,329.99,0
television,Vizio Mini LED Quantum 4K Qled HDR Smart TV,318.0,4.2,7880,Walmart,Free delivery,Vizio,low-Budget,37.68328232908533,318.0,0
television,"Westinghouse 24"" HD Smart Roku TV",79.99,4.7,78000,BJ's Wholesale Club,Free delivery,Unknown,low-Budget,52.94304155268112,79.99,0
television,Samsung Class U8000H Crystal UHD Series 4K Smart TV,297.99,4.4,15000,Abt Electronics & Appliances,Free delivery,Samsung,low-Budget,42.309837435927115,297.99,0
television,Samsung S90F 4K OLED Smart TV,1299.99,4.7,38000,Best Buy,Free delivery by Tue,Samsung,low-Budget,49.56322844451319,1299.99,0
television,Hisense 40-Inch Class H4 Series FHD Roku Smart TV 1080p Full HD LCD Screen,138.0,4.0,110000,Walmart,Free delivery,Unknown,low-Budget,46.432978942569285,138.0,0
television,TCL Class QM6K Series QD-Mini LED QLED 4K UHD Smart Google TV,499.99,4.6,12000,Target,Free delivery,TCL,low-Budget,43.206628189704624,499.99,0
television,LG C6 OLED evo AI Smart 4K TV,1299.0,4.8,56000,Home Depot,Free delivery,LG,low-Budget,52.47899916816339,1299.0,0
television,Vizio Class Quantum Full HD Qled Smart TV,133.0,4.0,8530,Walmart,Free delivery,Vizio,low-Budget,36.205847467634776,133.0,0
television,Sony BRAVIA 8 4K HDR Smart OLED TV,1799.99,4.6,48000,Best Buy,Free delivery by Tue,Sony,low-Budget,49.58329476582921,1799.99,0
television,Samsung M70H 4K Mini LED TV,599.99,4.5,8520,Samsung,Free delivery,Samsung,low-Budget,40.7263004272258,599.99,0
television,LG 32 inch Class HD Lr60 Smart TV,138.0,4.0,4790,Walmart,Free delivery by Mon,LG,low-Budget,33.89797774753249,138.0,0
television,"Westinghouse 32"" HD Smart Roku TV",99.99,4.7,90000,BJ's Wholesale Club,Free delivery,Unknown,low-Budget,53.615607483700394,99.99,0
television,Insignia Class FE Series LED Full HD Smart Fire TV,89.99,4.6,15000,Best Buy,Free delivery,Insignia,low-Budget,44.23301186483289,89.99,0
television,"Samsung H5000F 32"" HD LED Smart TV un32h5000ffxza",99.99,4.5,55000,Target,Free delivery,Samsung,low-Budget,49.11797990640376,99.99,0
television,LG OLED evo AI C5 4K Smart TV,1118.0,4.8,190000,Walmart,Free delivery,LG,low-Budget,58.342966148576,1118.0,0
television,SYLVOX Outdoor TV 55 inch Waterproof Smart TV 4K Hdr 10,1549.0,4.4,1790,Sylvox TV,Free delivery,Unknown,low-Budget,32.95832936906713,1549.0,0
television,Samsung M80H 4K Mini LED TV,497.99,4.7,7470,Best Buy,Unknown,Samsung,low-Budget,41.91828544848627,497.99,0
television,Hisense M7 Series Mini-LED 4K UHD Smart Google TV,278.0,4.6,8140,Walmart,Free delivery,Google,low-Budget,41.42147418724029,278.0,0
television,LG G6 OLED evo AI Smart 4K TV,2799.99,4.8,35000,LG,Free delivery,LG,low-Budget,50.22303317516144,2799.99,0
television,Class LG QNED AI QNED70A 4K Smart TV,384.99,4.6,13000,Sam's Club,Unknown,LG,low-Budget,43.57479516018597,384.99,0
television,LG Class Nano 4K UHD AI NU70 Smart TV,379.99,4.6,980,Best Buy,Free delivery,LG,low-Budget,31.68743331400067,379.99,0
television,VIZIO V-Series 4K HDR Smart LED TV,205.0,4.3,170000,Walmart,Free delivery,Vizio,low-Budget,51.78730627298257,205.0,0
television,Sony BRAVIA 3 II Class 4K HDR LED Google TV with Gemini,569.99,4.4,1480,NFM,Unknown,Sony,low-Budget,32.12208038277832,569.99,0
television,Hisense Class U6 Pro Series LCD 4K UHD Smart Vidaa TV,649.99,4.69,78000,BJ's Wholesale Club,Free delivery,Unknown,low-Budget,52.830396783420106,649.99,0
television,"77"" Class OLED S84F 4K Samsung Vision AI Smart TV",799.99,4.8,20000,Best Buy,Free delivery by Tue,Samsung,low-Budget,47.53698024617362,799.99,0
television,Samsung S90H 4K OLED Vision AI Smart TV,1597.99,4.8,5760,Abt Electronics & Appliances,Free delivery,Samsung,low-Budget,41.56255847871544,1597.99,0
television,"Philips 60"" Inch Class Qled 4k Uhd (2160p) Google Smart Tv Hdr10",329.95,5.0,5620,eBay - renleys,Free delivery by Fri,Philips,low-Budget,43.171324315010374,329.95,0
television,Vizio 32” Class Hd 720p Led Smart Tv (vhd32m-08),149.99,2.0,16000,eBay,Free delivery,Vizio,low-Budget,19.36081299853775,149.99,0
television,Insignia Class F50 Series LED 4K UHD Smart Fire TV,659.88,3.4,79000,eBay - d1stopshopla,Free delivery,Insignia,low-Budget,38.34253368462944,659.88,0
television,LG 65UA75006LA 165.1 cm 4K Ultra HD Smart TV Wi-Fi Black,687.0,5.0,840,DirectDial,Unknown,LG,low-Budget,33.67295829986474,687.0,0
television,LG 50'' UM340E Series Professional TV for Education,324.95,4.32,6100,GovConnection,Unknown,LG,low-Budget,37.65401843537601,324.95,0
television,Hiro Roku Tv 720p Hd Smart Tv Led Roku Tv And Dolby Audio For,162.4,4.32,16000,eBay,Free delivery,Unknown,low-Budget,41.819356076841544,162.4,0
television,Tcl Q Series Qled 4K UHD HDR Smart Google TV,698.0,4.0,9860,Walmart,Free delivery,TCL,low-Budget,36.78537144932932,698.0,0
television,LG B5 Series 4K Ultra HD OLED AI Smart TV,1459.7,4.0,48000,mcgrocer.com,Free delivery,LG,low-Budget,43.115908492025405,1459.7,0
television,TCL Class Q3K Series 1080P FHD QLED Smart TV,139.99,3.1,8220,TCL US,Free delivery,TCL,low-Budget,27.944786118971614,139.99,0
television,LG B5 Series 4K Ultra HD OLED AI Smart TV,1176.73,4.0,48000,mcgrocer.com,Free delivery,LG,low-Budget,43.115908492025405,1176.73,0
television,Hisense Class U8 Series 4K Mini-LED QLED UHD Smart Google TV,1399.99,5.0,6850,Electronic Express,Unknown,Google,low-Budget,44.16074953001449,1399.99,0
television,LG 77- C6H Series OLED TV,269.99,4.32,6100,mynavyexchange.com,Free delivery by Fri,LG,low-Budget,37.65401843537601,269.99,0
television,"Vizio 75"" Inch Mini Led Quantum 4k Qled Hdr Big Screen Home Theatre",598.98,4.32,5620,eBay - renleys,Free delivery by Fri,Vizio,low-Budget,37.30002420816896,598.98,0
television,LG OLED65C56LB OLED evo 4K Ultra HD Smart TV,2335.13,5.0,190000,mcgrocer.com,Free delivery,LG,low-Budget,60.77392307143334,2335.13,0
television,"Lg 65"" Class C5 Series Oled Evo Ai Smart Tv",2217.99,4.32,6100,eBay - haniretailstore,Free delivery,LG,low-Budget,37.65401843537601,2217.99,0
television,Onn 32 in 1080p FHD Building Block Smart Roku TV tvbb,118.0,3.9,40000,Walmart,Free delivery,Unknown,low-Budget,41.32697295785596,118.0,0
television,TV,103.0,4.32,6100,mercari.com,Unknown,Unknown,low-Budget,37.65401843537601,103.0,0
television,Insignia Class F40 Series LED FHD Smart Fire TV,89.99,2.9,19000,Best Buy,Free delivery by Mon,Insignia,low-Budget,28.57151597619334,89.99,0
television,Onn Fresco Art Gallery 4K UHD Google TV with Gemini Frame and Mounting Kit,598.0,2.6,620,Walmart,Free delivery,Google,low-Budget,16.721460813027047,598.0,0
television,tv flat screen,42.0,4.32,6100,mercari.com,Unknown,Unknown,low-Budget,37.65401843537601,42.0,0
television,TCL Class Q3K Series 1080P FHD QLED Smart TV,179.99,3.1,8220,Macy's,Free delivery by Fri,TCL,low-Budget,27.944786118971614,179.99,0
television,Onn Fresco Art Gallery 4K UHD Google TV with Gemini Frame and Mounting Kit,598.0,2.6,620,Walmart,Free delivery,Google,low-Budget,16.721460813027047,598.0,0
television,TV,114.0,4.32,6100,mercari.com,Unknown,Unknown,low-Budget,37.65401843537601,114.0,0
television,Roku Select Series 4K QLED Smart TV,699.99,5.0,21000,Walmart,Free delivery,Unknown,low-Budget,49.76162667309714,699.99,0
television,Tv,187.0,4.32,6100,Poshmark,Unknown,Unknown,low-Budget,37.65401843537601,187.0,0
television,Roku 4K HDR Smart TV with Remote Select Series,295.84,4.9,25000,Walmart,Free delivery,Unknown,low-Budget,49.62068840494676,295.84,0
television,Insignia Ns-40f401na26,119.99,2.8,10,Best Buy,Free delivery by Mon,Insignia,low-Budget,6.714106763835438,119.99,0
television,Sony BRAVIA 3 II Class 4K HDR LED Google TV with Gemini,569.99,5.0,2140,NFM,Unknown,Sony,low-Budget,38.34514144294842,569.99,0
television,"Samsung 32"" The Frame QLED Smart TV qn32ls03cbfxza",471.75,4.1,20000,A5 IT,Unknown,Samsung,low-Budget,40.6045039602733,471.75,0
television,Samsung Q7F 4K QLED Smart TV,1799.99,5.0,34000,Walmart - Stellar Products,Free delivery,Samsung,low-Budget,52.170726074652435,1799.99,0
television,Roku 40 inch Class Select Series Full HD LED Smart TV,247.78,4.1,5670,Walmart,Free delivery,Unknown,low-Budget,35.436795066857506,247.78,0
television,Onn Class 4K UHD Powered by Vizio Smart Television,148.0,2.9,21000,Walmart,Free delivery,Vizio,low-Budget,28.861743470396338,148.0,0
television,Roku 32 Inch Class Select Series 1080p FHD LED Smart TV 2026,119.99,5.0,7640,Walmart,Free delivery,Unknown,low-Budget,44.706418818237836,119.99,0
television,Samsung The Frame QLED 4K Smart TV,749.99,4.1,73000,Sargent Appliance,Unknown,Samsung,low-Budget,45.91273651653404,749.99,0
television,Insignia Class FE Series LED Full HD Smart Fire TV,149.99,2.7,14000,Best Buy,Free delivery by Mon,Insignia,low-Budget,25.776586893468398,149.99,0
television,Insignia Class F40 Series LED FHD Smart Fire TV,150.0,2.9,19000,TikTok Shop,Free delivery,Insignia,low-Budget,28.57151597619334,150.0,0
television,Roku 24 Inch Class Select Series HD LED Smart TV,99.99,3.0,7720,Roku,Free delivery,Unknown,low-Budget,26.855097504926448,99.99,0
speakers,Onn Large Party Speaker Gen 2 with LED Lighting,129.0,4.4,35000,Walmart,1 hour delivery $20,Unknown,low-Budget,46.03778041056466,129.0,0
speakers,JBL Grip Portable Bluetooth Speaker,69.99,4.5,10000,Target,Free delivery,JBL,low-Budget,41.446981651394324,69.99,0
speakers,Insignia 2-Way Indoor/Outdoor Speakers,29.99,4.6,3030,Best Buy,Free delivery on $35+,Insignia,low-Budget,36.87658023446589,29.99,0
speakers,Tzumi Super Bass Jobsite Speaker,29.98,4.8,56000,Home Depot,Unknown,Unknown,low-Budget,52.47899916816339,29.98,0
speakers,IKEA KALLSUP portable Bluetooth speaker,9.99,4.5,3980,IKEA,Unknown,Unknown,low-Budget,37.30179745350143,9.99,0
speakers,Apple HomePod mini,129.0,4.6,120000,Staples,Unknown,Apple,low-Budget,53.79817463328885,129.0,0
speakers,Klipsch R-50M Reference Bookshelf Speakers,299.99,4.8,8990,Best Buy,Free delivery by Mon,Unknown,low-Budget,43.69910090872691,299.99,0
speakers,Sonos Era 100 Speaker,219.0,4.5,290000,ListenUp,Free delivery by Fri,Unknown,low-Budget,56.59937842604658,219.0,0
speakers,Klipsch R-600F Reference Floorstanding Speaker,379.99,4.9,1890,Best Buy,Free delivery,Unknown,low-Budget,36.969819236426446,379.99,0
speakers,Logitech Z207 Bluetooth,69.99,4.4,15000,Micro Center,Unknown,Unknown,low-Budget,42.309837435927115,69.99,0
speakers,Beats Bluetooth Pill Portable Speaker Wireless,149.99,4.6,50000,Ace Hardware,Unknown,Unknown,low-Budget,49.77107210736731,149.99,0
speakers,Klipsch R-800F Reference Floorstanding Speaker,449.99,4.8,3770,Best Buy,Free delivery by Mon,Unknown,low-Budget,39.52845838684011,449.99,0
speakers,Mackie Thump212 Powered Loudspeaker,399.99,4.9,290,International House Of Music,Free delivery by Thu,Unknown,low-Budget,27.799284009140315,399.99,0
speakers,Bose Lifestyle Ultra Speaker,299.0,4.0,3940,Bose,Free delivery,Bose,low-Budget,33.116759108780016,299.0,0
speakers,JBL PartyBox 110 Portable Party Speaker,299.95,4.7,24000,Best Buy,Unknown,JBL,low-Budget,47.403498643104975,299.95,0
speakers,JLab Go Party Bluetooth Portable Speaker,24.99,4.8,22000,Home Depot,Free delivery,Unknown,low-Budget,47.994447292093824,24.99,0
speakers,Klipsch R-40PM Reference Powered Monitor Bookshelf Speakers,349.99,4.5,1220,Best Buy,Free delivery by Mon,Unknown,low-Budget,31.98341463349817,349.99,0
speakers,Logitech Multimedia Speakers Z150 980-000802,37.09,4.4,25000,Staples,Free delivery by Tue,Unknown,low-Budget,44.557352853421584,37.09,0
speakers,Marshall Acton III Bluetooth Speaker,299.99,4.8,28000,guitarcenter.com,Free delivery,Unknown,low-Budget,49.151978413465514,299.99,0
speakers,Alto Professional TX415 Powered Speaker,299.0,4.7,130,Rock And Soul DJ Equipment & Records,Free delivery by Wed,Unknown,low-Budget,22.913427419045412,299.0,0
speakers,Edifier R1280DBs Powered Bluetooth Bookshelf Speakers,159.99,4.8,3620,Home Depot,Free delivery,Unknown,low-Budget,39.33362644687507,159.99,0
speakers,JBL PartyBox 310 Portable Party Speaker,499.95,4.8,63000,Best Buy,Free delivery by Tue,JBL,low-Budget,53.04434821566512,499.95,0
speakers,SVS Ultra Evolution Bookshelf Speakers,599.99,4.9,760,SVS,Free delivery,Unknown,low-Budget,32.50970345352226,599.99,0
speakers,Bowers & Wilkins 702 S3 Signature Floorstanding Speaker,4950.0,5.0,1310,Abt Electronics & Appliances,Unknown,Unknown,low-Budget,35.8927274188185,4950.0,0
speakers,KEF LS50 Meta Bookshelf Speakers,1599.99,4.9,3170,ListenUp,Free delivery by Fri,Unknown,low-Budget,39.502831145237906,1599.99,0
speakers,"VEVOR Passive Bookshelf Speaker, 300-Watt Book Shelf Stereo Speakers with 5.25 in. Woofer and 1 in. Tweeter",95.9,4.8,33318,Home Depot,Free delivery,Unknown,low-Budget,49.98663880236292,95.9,0
speakers,JBL Flip 7 Bluetooth Portable Waterproof Speaker,119.99,4.7,63000,Best Buy,Unknown,JBL,low-Budget,51.939257627838764,119.99,0
speakers,Dayton Audio Classic B65 Bookshelf/Surround Speaker Set with 6-1/2 In. Woofers,79.98,4.7,1410,Parts Express,Free delivery on $99+,Unknown,low-Budget,34.08465357370823,79.98,0
speakers,JBL Party Box Stage 320 Party Speaker,23.99,4.8,100,Rent-A-Center,Free delivery,JBL,low-Budget,22.152578480838045,23.99,0
speakers,Polk Audio Reserve R200 Bookshelf Speakers,719.0,4.9,1520,Audiolab Stereo & Home Theater,Free delivery,Unknown,low-Budget,35.90290413207054,719.0,0
speakers,QSC cb10 Battery Powered Loudspeaker,777.0,4.9,240,Music Store US,Unknown,Unknown,low-Budget,26.87550497410421,777.0,0
speakers,JBL PartyBox 720 Speaker,899.95,4.7,5910,Best Buy,Unknown,JBL,low-Budget,40.817480413874534,899.95,0
speakers,Monster Mag Flux Magnetic Bluetooth Speaker 5W Portable Wireless Speaker,14.88,4.4,1040,Walmart,Unknown,Unknown,low-Budget,30.570923101905866,14.88,0
speakers,Rockville RockTower 64D Dark Wood Home Audio Tower Speaker Passive 4 Ohm,119.95,4.71,6100,Rockville Audio,Free delivery,Unknown,low-Budget,41.05333954412523,119.95,0
speakers,JBL Clip 5 Bluetooth Portable Speaker,69.95,4.8,83000,Home Depot,Unknown,JBL,low-Budget,54.36771808751485,69.95,0
speakers,JLab Pop Party Bluetooth Portable Speaker,22.99,4.7,8700,Best Buy,Unknown,Unknown,low-Budget,42.63460823066032,22.99,0
speakers,Wharfedale Super Linton Stand mount Speakers,2699.0,4.9,120,Upscale Audio,Free delivery,Unknown,low-Budget,23.499373673424035,2699.0,0
speakers,Sonos Era 100 SL Compact Wireless Smart Speakers,189.0,4.9,5230,Crate & Barrel,Free delivery,Unknown,low-Budget,41.955552942516,189.0,0
speakers,Edifier MR4 Powered Studio Monitor 2.0 Speakers,169.99,4.9,18000,Lowe's,Unknown,Unknown,low-Budget,48.011094695364456,169.99,0
speakers,Bose SoundLink Flex Portable Bluetooth Speaker,139.0,4.7,55000,Best Buy,Unknown,Bose,low-Budget,51.30100123557727,139.0,0
speakers,JBL Flip 7 Bluetooth Portable Waterproof Speaker,119.99,4.7,63000,Best Buy,Unknown,JBL,low-Budget,51.939257627838764,119.99,0
speakers,Logitech Multimedia Speakers Z150 980-000802,37.09,4.4,25000,Staples,Free delivery by Tue,Unknown,low-Budget,44.557352853421584,37.09,0
speakers,Bose Lifestyle Ultra Speaker,299.0,4.0,3940,Bose,Free delivery,Bose,low-Budget,33.116759108780016,299.0,0
speakers,JLab Go Party Bluetooth Portable Speaker,24.99,4.8,22000,Home Depot,Free delivery,Unknown,low-Budget,47.994447292093824,24.99,0
speakers,JBL Grip Portable Bluetooth Speaker,69.99,4.5,10000,Target,Free delivery,JBL,low-Budget,41.446981651394324,69.99,0
speakers,Klipsch R-600F Reference Floorstanding Speaker,379.99,4.9,1890,Best Buy,Free delivery by Tue,Unknown,low-Budget,36.969819236426446,379.99,0
speakers,Marshall Acton III Bluetooth Speaker,299.99,4.8,28000,guitarcenter.com,Free delivery,Unknown,low-Budget,49.151978413465514,299.99,0
speakers,Bowers & Wilkins 702 S3 Signature Floorstanding Speaker,4950.0,5.0,1310,Abt Electronics & Appliances,Unknown,Unknown,low-Budget,35.8927274188185,4950.0,0
speakers,Edifier R1280DBs Powered Bluetooth Bookshelf Speakers,159.99,4.8,3620,Home Depot,Free delivery by Thu,Unknown,low-Budget,39.33362644687507,159.99,0
speakers,SVS Ultra Evolution Bookshelf Speakers,599.99,4.9,760,SVS,Free delivery,Unknown,low-Budget,32.50970345352226,599.99,0
speakers,Alto Professional TX415 Powered Speaker,299.0,4.7,130,Rock And Soul DJ Equipment & Records,Free delivery by Wed,Unknown,low-Budget,22.913427419045412,299.0,0
speakers,Klipsch R-50M Reference Bookshelf Speakers,299.99,4.8,8990,Best Buy,Free delivery,Unknown,low-Budget,43.69910090872691,299.99,0
speakers,Sonos Era 100 SL Compact Wireless Smart Speakers,189.0,4.9,5230,Crate & Barrel,Free delivery,Unknown,low-Budget,41.955552942516,189.0,0
speakers,KEF LS50 Meta Bookshelf Speakers,1599.99,4.9,3170,ListenUp,Free delivery by Fri,Unknown,low-Budget,39.502831145237906,1599.99,0
speakers,Dayton Audio Classic B65 Bookshelf/Surround Speaker Set with 6-1/2 In. Woofers,79.98,4.7,1410,Parts Express,Free delivery on $99+,Unknown,low-Budget,34.08465357370823,79.98,0
speakers,JBL Party Box Stage 320 Party Speaker,23.99,4.8,100,Rent-A-Center,Free delivery,JBL,low-Budget,22.152578480838045,23.99,0
speakers,Polk Audio Reserve R200 Bookshelf Speakers,719.0,4.9,1520,Audiolab Stereo & Home Theater,Free delivery,Unknown,low-Budget,35.90290413207054,719.0,0
speakers,Klipsch R-800F Reference Floorstanding Speaker,449.99,4.8,3770,Best Buy,Free delivery by Mon,Unknown,low-Budget,39.52845838684011,449.99,0
speakers,QSC cb10 Battery Powered Loudspeaker,777.0,4.9,240,Music Store US,Unknown,Unknown,low-Budget,26.87550497410421,777.0,0
speakers,Rockville RockTower 64D Dark Wood Home Audio Tower Speaker Passive 4 Ohm,119.95,4.71,6100,Rockville Audio,Free delivery,Unknown,low-Budget,41.05333954412523,119.95,0
speakers,Bar Audio by cellhelmet All-Nighter Water-Resistant Portable Bluetooth Speakerphone,59.99,5.0,10,Academy Sports + Outdoors,Free delivery,Unknown,low-Budget,11.989476363991853,59.99,0
speakers,JLab Pop Party Bluetooth Portable Speaker,22.99,4.7,8700,Best Buy,Unknown,Unknown,low-Budget,42.63460823066032,22.99,0
speakers,IKEA VAPPEBY bluetooth speaker,89.99,4.3,990,IKEA,Unknown,Unknown,low-Budget,29.66447249761895,89.99,0
speakers,"Oumilen Portable Bluetooth Speakers, Black, ON-SP-11-wm, Size: Small",16.29,4.71,21770,Walmart,Unknown,Unknown,low-Budget,47.04505355422682,16.29,0
speakers,Beats Bluetooth Pill Portable Speaker Wireless,129.95,4.6,50000,Staples,Free delivery by Wed,Unknown,low-Budget,49.77107210736731,129.95,0
speakers,Bose SoundLink Flex Portable Bluetooth Speaker,139.0,4.7,55000,Best Buy,Unknown,Bose,low-Budget,51.30100123557727,139.0,0
speakers,Sonos Era 100 Speaker,219.0,4.5,290000,Sonos,Free delivery,Unknown,low-Budget,56.59937842604658,219.0,0
speakers,Wharfedale Linton Heritage Bookshelf Loudspeaker,1999.0,4.8,1580,Crutchfield,Free delivery by Wed,Unknown,low-Budget,35.355901618605465,1999.0,0
speakers,"Gemini AS-2110BT 10"" Bluetooth Active Loudspeaker",159.95,4.1,190,Music & Arts,Free delivery,Unknown,low-Budget,21.53432105499118,159.95,0
speakers,Sony XB100 Portable Bluetooth Speaker,58.98,4.8,100000,Best Buy,Unknown,Sony,low-Budget,55.2620902316171,58.98,0
speakers,Polk Audio Signature Elite ES10 Surround Speakers,225.0,4.8,1910,ABC Warehouse,Unknown,Unknown,low-Budget,36.26583333235331,225.0,0
speakers,Klipsch R-40M Reference Bookshelf Speakers,299.99,4.8,1260,Macy's,Free delivery by Fri,Unknown,low-Budget,34.27036961263161,299.99,0
speakers,Monoprice Monolith B5 Bookshelf Speaker Black Powerful Woofers Punchy Bass,199.99,4.7,90,Monoprice.com,Free delivery,Unknown,low-Budget,21.201039680629194,199.99,0
speakers,Edifier R1280T Powered Bookshelf Speakers,149.99,4.7,16000,Best Buy,Free delivery by Mon,Unknown,low-Budget,45.497910546563716,149.99,0
speakers,JBL Charge 6 Portable Bluetooth Speaker Waterproof,149.95,4.8,84000,Home Depot,Free delivery,JBL,low-Budget,54.425203116079174,149.95,0
speakers,Marshall Kilburn III Portable Bluetooth Speaker,379.99,4.9,14000,Crutchfield,Free delivery by Wed,Unknown,low-Budget,46.77973176962784,379.99,0
speakers,Mackie Thump212 Powered Loudspeaker,399.99,4.9,290,International House Of Music,Free delivery by Thu,Unknown,low-Budget,27.799284009140315,399.99,0
speakers,JBL Clip 5 Bluetooth Portable Speaker,69.95,4.8,83000,Best Buy,Unknown,JBL,low-Budget,54.36771808751485,69.95,0
speakers,2 Rockville WA870 8 inch 70V Commercial/Restaurant in-Wall Speakers 50w/25w/12w/6w,134.95,4.71,6100,Walmart - Audiosavings,Free delivery,Unknown,low-Budget,41.05333954412523,134.95,0
speakers,Electro Voice 2-Way Powered Speaker,649.0,4.8,1420,TruthSeeker GearTechs,Unknown,Unknown,low-Budget,34.84375741486608,649.0,0
speakers,JBL Grip Portable Bluetooth Speaker,69.99,4.5,10000,Target,Free delivery,JBL,low-Budget,41.446981651394324,69.99,0
speakers,Klipsch R-600F Reference Floorstanding Speaker,379.99,4.9,1890,Best Buy,Unknown,Unknown,low-Budget,36.969819236426446,379.99,0
speakers,Beats Bluetooth Pill Portable Speaker Wireless,129.95,4.6,50000,Walmart,Unknown,Unknown,low-Budget,49.77107210736731,129.95,0
speakers,Apple HomePod mini,129.0,4.6,120000,Staples,Unknown,Apple,low-Budget,53.79817463328885,129.0,0
speakers,Logitech Z207 Bluetooth,69.99,4.4,15000,Micro Center,Unknown,Unknown,low-Budget,42.309837435927115,69.99,0
speakers,Sonos Era 100 Speaker,219.0,4.5,290000,ListenUp,Free delivery by Fri,Unknown,low-Budget,56.59937842604658,219.0,0
speakers,JBL Flip 7 Bluetooth Portable Waterproof Speaker,119.99,4.7,63000,Best Buy,Unknown,JBL,low-Budget,51.939257627838764,119.99,0
speakers,Logitech Multimedia Speakers Z150 980-000802,37.09,4.4,25000,Staples,Free delivery by Tue,Unknown,low-Budget,44.557352853421584,37.09,0
speakers,Monster Mag Flux Magnetic Bluetooth Speaker 5W Portable Wireless Speaker,14.88,4.4,1040,Walmart,Unknown,Unknown,low-Budget,30.570923101905866,14.88,0
speakers,Bose Lifestyle Ultra Speaker,349.0,4.0,3940,Bose,Free delivery,Bose,low-Budget,33.116759108780016,349.0,0
speakers,JBL Charge 6 Portable Bluetooth Speaker Waterproof,199.99,4.8,84000,Blain's Farm & Fleet,Unknown,JBL,low-Budget,54.425203116079174,199.99,0
speakers,Edifier R1280T Powered Bookshelf Speakers,149.99,4.7,16000,Best Buy,Free delivery by Mon,Unknown,low-Budget,45.497910546563716,149.99,0
speakers,JLab Go Party Bluetooth Portable Speaker,24.99,4.8,22000,Home Depot,Free delivery,Unknown,low-Budget,47.994447292093824,24.99,0
speakers,Soundcore Boom 2-Plus Bluetooth Portable Speaker,249.99,4.8,5350,soundcore NA,Free delivery,Unknown,low-Budget,41.20818594389426,249.99,0
speakers,Bar Audio by cellhelmet All-Nighter Water-Resistant Portable Bluetooth Speakerphone,59.99,5.0,10,Academy Sports + Outdoors,Free delivery,Unknown,low-Budget,11.989476363991853,59.99,0
speakers,JBL Party Box Stage 320 Party Speaker,23.99,4.8,100,Rent-A-Center,Free delivery,JBL,low-Budget,22.152578480838045,23.99,0
speakers,JBL XTREME 5 Portable Waterproof Speaker,349.95,4.8,3030,Best Buy,Unknown,JBL,low-Budget,38.479909809877455,349.95,0
speakers,Marshall Acton III Bluetooth Speaker,299.99,4.8,28000,guitarcenter.com,Free delivery,Unknown,low-Budget,49.151978413465514,299.99,0
speakers,Alto Professional TX415 Powered Speaker,299.0,4.7,130,Rock And Soul DJ Equipment & Records,Free delivery by Wed,Unknown,low-Budget,22.913427419045412,299.0,0
speakers,Sony ULT FIELD 3 Portable Speaker Wireless,148.0,4.7,4350,B&H Photo-Video-Audio,Free delivery by Wed,Sony,low-Budget,39.377356618787196,148.0,0
speakers,KEF LS50 Meta Bookshelf Speakers,1599.99,4.9,3170,ListenUp,Free delivery by Fri,Unknown,low-Budget,39.502831145237906,1599.99,0
speakers,Klipsch R-50M Reference Bookshelf Speakers,299.99,4.8,8990,Best Buy,Free delivery,Unknown,low-Budget,43.69910090872691,299.99,0
speakers,Edifier R1280DBs Powered Bluetooth Bookshelf Speakers,159.99,4.8,3620,Home Depot,Free delivery,Unknown,low-Budget,39.33362644687507,159.99,0
speakers,Polk Audio Reserve R200 Bookshelf Speakers,719.0,4.9,1520,Audiolab Stereo & Home Theater,Free delivery,Unknown,low-Budget,35.90290413207054,719.0,0
speakers,Devialet Mania Portable Speaker,1099.0,4.7,300,Devialet,Free delivery,Unknown,low-Budget,26.823418244319715,1099.0,0
speakers,"Gemini AS-2110BT 10"" Bluetooth Active Loudspeaker",159.95,4.1,190,Music & Arts,Free delivery,Unknown,low-Budget,21.53432105499118,159.95,0
speakers,JBL PartyBox 720 Speaker,899.95,4.7,5910,Best Buy,Unknown,JBL,low-Budget,40.817480413874534,899.95,0
speakers,Bose SoundLink Flex Portable Bluetooth Speaker,159.0,4.7,55000,Guitar Center,Free delivery,Bose,low-Budget,51.30100123557727,159.0,0
speakers,QSC cb10 Battery Powered Loudspeaker,777.0,4.9,240,Music Store US,Unknown,Unknown,low-Budget,26.87550497410421,777.0,0
speakers,Monoprice Monolith B4 Bookshelf Speaker Powerful Woofers Punchy Bass,69.99,5.0,20,Monoprice.com,Free delivery,Unknown,low-Budget,15.222612188617115,69.99,0
speakers,Rockville RockTower 64D Dark Wood Home Audio Tower Speaker Passive 4 Ohm,119.95,4.71,6100,Rockville Audio,Free delivery,Unknown,low-Budget,41.05333954412523,119.95,0
speakers,JLab Pop Party Bluetooth Portable Speaker,22.99,4.7,8700,Best Buy,Unknown,Unknown,low-Budget,42.63460823066032,22.99,0
speakers,Electro Voice EVERSE 12 Battery Powered,1099.0,4.9,330,KPODJ.com,Free delivery by Wed,Unknown,low-Budget,28.43038003934761,1099.0,0
speakers,Bowers & Wilkins 702 S3 Signature Floorstanding Speaker,4950.0,5.0,1310,Abt Electronics & Appliances,Unknown,Unknown,low-Budget,35.8927274188185,4950.0,0
speakers,Wharfedale SUPER LINTON Matched pair of speakers with stands - Mahogany,2999.0,4.71,7790,Crutchfield,Free delivery by Wed,Unknown,low-Budget,42.205012396558345,2999.0,0
speakers,Dayton Audio Classic B65 Bookshelf/Surround Speaker Set with 6-1/2 In. Woofers,79.98,4.7,1410,Parts Express,Free delivery on $99+,Unknown,low-Budget,34.08465357370823,79.98,0
speakers,JBL Clip 5 Bluetooth Portable Speaker,69.95,4.8,83000,Best Buy,Unknown,JBL,low-Budget,54.36771808751485,69.95,0
speakers,IKEA VAPPEBY bluetooth speaker,89.99,4.3,990,IKEA,Unknown,Unknown,low-Budget,29.66447249761895,89.99,0
speakers,Bose SoundLink Max Bluetooth Portable Speaker,399.0,4.8,32000,Lenovo,Free delivery,Bose,low-Budget,49.79290767020924,399.0,0
speakers,Sonos Era 100 SL Compact Wireless Smart Speakers,189.0,4.9,5230,Crate & Barrel,Free delivery,Unknown,low-Budget,41.955552942516,189.0,0
camera,Sony ZV-1 Mark II Vlog-camera 20.1 mp,614.0,4.5,700,MPB,Free delivery,Sony,low-Budget,29.486285491655657,614.0,0
camera,Kodak PIXPRO FZ45 Digital Camera,99.99,4.0,16000,Best Buy,Free delivery by Mon,Unknown,low-Budget,38.7216259970755,99.99,0
camera,Canon EOS R100 Mirrorless Camera with 18-45mm Lens,472.99,4.7,12000,Lowe's,Free delivery by Thu,Canon,low-Budget,44.14590271556778,472.99,0
camera,Nikon D7500 DSLR Camera,696.95,4.8,34000,Samy's Camera,Free delivery by Thu,Nikon,low-Budget,50.08389703166633,696.95,0
camera,Canon PowerShot ELPH 360 HS A Digital Camera,380.0,4.5,2220,MoMA Design Store,Unknown,Canon,low-Budget,34.67570770752492,380.0,0
camera,Sony a7 III Mirrorless Camera Body,1199.95,4.7,49000,bhphotovideo.com,Unknown,Sony,low-Budget,50.758101129724594,1199.95,0
camera,Canon EOS R50 Mirrorless Camera,679.0,4.8,25000,Macy's,Free delivery by Fri,Canon,low-Budget,48.60802129464172,679.0,0
camera,Fujifilm GFX100RF Digital Camera,5599.0,4.6,690,The Camera Exchange,Unknown,Unknown,Mid-Range,30.07544318933128,5599.0,0
camera,Kodak PIXPRO FZ55 Digital Camera,133.0,4.6,28000,Walmart - Tri State Camera,Free delivery,Unknown,low-Budget,47.10397931290445,133.0,0
camera,Vivitar 4K Hybrid Optical Zoom Camera,159.99,4.4,240,Best Buy,Free delivery by Mon,Unknown,low-Budget,24.13310650735888,159.99,0
camera,DJI Osmo Action 6 Adventure Combo,429.99,4.8,1120,Cardinal Camera,Free delivery,Unknown,low-Budget,33.705486830746366,429.99,0
camera,Sony ZV-E10 II Mirrorless Camera,998.0,4.7,4190,Target,Free delivery,Sony,low-Budget,39.201264845247835,998.0,0
camera,Sony a6700 Mirrorless Camera,1498.0,4.8,5180,B&H Photo-Video-Audio,Free delivery by Wed,Sony,low-Budget,41.05321616071098,1498.0,0
camera,Canon EOS R50 Mirrorless Camera with RF-S 18-45mm Lens,799.0,4.8,16000,Macy's,Free delivery by Fri,Canon,low-Budget,46.4659511964906,799.0,0
camera,Nikon Z6 II Mirrorless Camera,1396.95,4.8,10000,Abt Electronics & Appliances,Free delivery,Nikon,low-Budget,44.21011376148728,1396.95,0
camera,GoPro HERO12 Black Camera,269.0,4.6,7350,MPB,Free delivery,Unknown,low-Budget,40.951921531920796,269.0,0
camera,Canon PowerShot G7 X Mark III Digital Camera,879.0,4.5,24000,Bedford Camera & Video,Free delivery,Canon,low-Budget,45.38632848807923,879.0,0
camera,Canon EOS R8 Mirrorless Camera with RF 24-50mm F4.5-6.3 IS STM Lens,1549.0,4.7,4370,Best Buy,Free delivery by Mon,Canon,low-Budget,39.39891134585758,1549.0,0
camera,Panasonic LUMIX G100D 4K Mirrorless Camera with 12-32mm Lens,647.99,4.5,530,Shop Panasonic USA,Unknown,Panasonic,low-Budget,28.236429095588726,647.99,0
camera,Sony a7 V Mirrorless Camera,2898.0,4.9,1860,bhphotovideo.com,Unknown,Sony,low-Budget,36.891459357547035,2898.0,0
camera,Sony Alpha a7S Mirrorless Digital Camera,473.0,4.6,1760,keh.com,Free delivery by Thu,Sony,low-Budget,34.378730699082546,473.0,0
camera,Olympus OM-D E-M1 Mark II Mirrorless Camera,634.0,4.8,1830,MPB,Free delivery,Unknown,low-Budget,36.06056421443765,634.0,0
camera,Fujifilm X-T5 Mirrorless Camera Lens,1999.0,4.8,4330,Willoughby's Photo Emporium,Free delivery,Unknown,low-Budget,40.193057957830206,1999.0,0
camera,Sony Alpha a7 III Mirrorless Camera with 28-70mm II Lens,1898.0,4.8,1070,Best Buy,Unknown,Sony,low-Budget,33.486470738149194,1898.0,0
camera,SONY ZV-E10 Mirrorless Camera,659.99,4.6,11000,Deals All Year,Free delivery,Sony,low-Budget,42.8064107010014,659.99,0
camera,OM SYSTEM OM-5 Mark II Mirrorless Camera,1199.99,4.8,530,Adorama,Free delivery by Wed,Unknown,low-Budget,30.118857701961304,1199.99,0
camera,Canon EOS R6 Mark II Mirrorless Camera,1999.0,4.8,20000,Canon,Unknown,Canon,low-Budget,47.53698024617362,1999.0,0
camera,Yashica Tank Compact Digital Camera,99.99,4.7,430,B&H Photo-Video-Audio,Free delivery by Wed,Unknown,low-Budget,28.510708023487613,99.99,0
camera,Sony Alpha a7R II Mirrorless Digital Camera,699.0,4.7,11000,MPB,Free delivery,Sony,low-Budget,43.73698484667535,699.0,0
camera,Canon Digital Camera Eos Rebel Xt,35.0,4.6,1650,keh.com,Free delivery on $75+,Canon,low-Budget,34.082027642032585,35.0,0
camera,Nikon Z8 Mirrorless Camera with Z 24-120mm f/4 S Lens,4296.95,4.9,680,Best Buy,Unknown,Nikon,low-Budget,31.96545530013261,4296.95,0
camera,Sony FX2 Full-frame Cinema Camera with XLR Handle,3098.0,4.5,230,Walmart - Focus Camera,Free delivery,Sony,low-Budget,24.49087969734807,3098.0,0
camera,Sony RX1R III Compact Camera,4573.3,4.6,910,Aden Camera,Free delivery,Sony,low-Budget,31.346897327395805,4573.3,0
camera,Nikon D5100 Digital SLR Camera,105.0,4.7,3490,MPB,Free delivery,Nikon,low-Budget,38.34233448339367,105.0,0
camera,Insta360 X5 Camera,549.99,4.7,5260,B&H Photo-Video-Audio,Free delivery by Wed,Unknown,low-Budget,40.26995908813479,549.99,0
camera,Sony Alpha a7 IV Mirrorless Camera with 28-70mm II Lens,2103.72,4.9,790,ExcellentPhoto.ca,Unknown,Sony,low-Budget,32.69916004206151,2103.72,0
camera,Nikon D300S Digital SLR Camera,450.99,4.7,2810,newegg.com,Unknown,Nikon,low-Budget,37.3240891832607,450.99,0
camera,Panasonic LUMIX ZS99 Digital Camera,697.99,4.5,1730,Macy's,Free delivery by Fri,Panasonic,low-Budget,33.55404549829294,697.99,0
camera,Canon EOS 70D Digital SLR Camera 8469B002,294.0,4.7,4150,MPB,Free delivery,Canon,low-Budget,39.15619137584929,294.0,0
camera,Canon EOS R6 Mark III Mirrorless Camera with RF 24-105mm Lens,3149.0,4.7,850,Best Buy,Free delivery by Mon,Canon,low-Budget,31.708137004294862,3149.0,0
camera,Canon EOS Rebel T7 Camera,499.99,4.7,85000,Canon,Unknown,Canon,low-Budget,53.34696601051292,499.99,0
camera,Nikon D7500 DSLR Camera,696.95,4.8,34000,Best Buy,Unknown,Nikon,low-Budget,50.08389703166633,696.95,0
camera,Kodak PIXPRO FZ55 Digital Camera,139.99,4.6,28000,B&H Photo-Video-Audio,Free delivery by Wed,Unknown,low-Budget,47.10397931290445,139.99,0
camera,Canon EOS R50 Mirrorless Camera with RF-S 18-45mm Lens,799.0,4.8,16000,Macy's,Free delivery by Fri,Canon,low-Budget,46.4659511964906,799.0,0
camera,Kodak PIXPRO FZ45 Digital Camera,114.99,4.0,16000,Best Buy,Unknown,Unknown,low-Budget,38.7216259970755,114.99,0
camera,Sony a7 III Mirrorless Camera Body,1009.0,4.7,49000,MPB,Free delivery,Sony,low-Budget,50.758101129724594,1009.0,0
camera,Canon PowerShot G7 X Mark III Digital Camera,879.0,4.5,24000,Bedford Camera & Video,Free delivery,Canon,low-Budget,45.38632848807923,879.0,0
camera,DJI Osmo Pocket 3,439.0,4.7,12000,Glazer's Camera,Free delivery,Unknown,low-Budget,44.14590271556778,439.0,0
camera,Vivitar 4K Hybrid Optical Zoom Camera,159.99,4.4,240,Best Buy,Free delivery by Thu,Unknown,low-Budget,24.13310650735888,159.99,0
camera,Kodak PIXPRO C1 Compact Digital Camera,99.99,4.5,5240,B&H Photo-Video-Audio,Free delivery by Wed,Unknown,low-Budget,38.539204194609745,99.99,0
camera,Canon Digital Camera Eos Rebel Xt,35.0,4.6,1650,keh.com,Free delivery on $75+,Canon,low-Budget,34.082027642032585,35.0,0
camera,Canon PowerShot ELPH 360 HS A Digital Camera,380.0,4.5,2220,MoMA Design Store,Unknown,Canon,low-Budget,34.67570770752492,380.0,0
camera,Sony Alpha a7 III Mirrorless Camera with 28-70mm II Lens,1898.0,4.8,1070,Samy's Camera,Free delivery by Thu,Sony,low-Budget,33.486470738149194,1898.0,0
camera,Nikon D3400 DSLR Camera with 18-55mm,204.0,4.8,7600,MPB,Free delivery,Nikon,low-Budget,42.89296846351699,204.0,0
camera,Canon EOS R6 Mark III Mirrorless Camera,2799.0,4.8,1910,Canon,Unknown,Canon,low-Budget,36.26583333235331,2799.0,0
camera,Canon EOS R50 Mirrorless Camera,679.0,4.8,25000,Macy's,Free delivery by Fri,Canon,low-Budget,48.60802129464172,679.0,0
camera,Fujifilm Instax Mini 13 Instant Camera,89.95,4.9,7290,Best Buy,Free delivery by Mon,Unknown,low-Budget,43.58254035005151,89.95,0
camera,Yashica Tank Compact Digital Camera,99.99,4.7,430,B&H Photo-Video-Audio,Free delivery by Wed,Unknown,low-Budget,28.510708023487613,99.99,0
camera,Nikon Z6 II Mirrorless Camera,1396.95,4.8,10000,Abt Electronics & Appliances,Free delivery,Nikon,low-Budget,44.21011376148728,1396.95,0
camera,"Nuisk Mini Action Camera 4K, Wearable Magnetic Body Cam with 128gb SD Card, Hands-Free WiFi Camcorder for Vlogging and Outdoor Sports (Black)",72.99,4.0,310,Walmart - NUISK US,Free delivery,Unknown,low-Budget,22.959171648716936,72.99,0
camera,GoPro HERO12 Black Camera,269.0,4.6,7350,MPB,Free delivery,Unknown,low-Budget,40.951921531920796,269.0,0
camera,Panasonic LUMIX G100D 4K Mirrorless Camera with 12-32mm Lens,647.99,4.5,530,Shop Panasonic USA,Unknown,Panasonic,low-Budget,28.236429095588726,647.99,0
camera,SONY ZV-E10 Mirrorless Camera,659.99,4.6,11000,Deals All Year,Free delivery,Sony,low-Budget,42.8064107010014,659.99,0
camera,Canon EOS R6 Mark III Mirrorless Camera with RF 24-105mm Lens,3149.0,4.7,850,Best Buy,Free delivery by Tue,Canon,low-Budget,31.708137004294862,3149.0,0
camera,Canon EOS R6 Mark II Mirrorless Camera,1999.0,4.8,20000,Canon,Unknown,Canon,low-Budget,47.53698024617362,1999.0,0
camera,Sony a7 V Mirrorless Camera,2898.0,4.9,1860,bhphotovideo.com,Unknown,Sony,low-Budget,36.891459357547035,2898.0,0
camera,Canon EOS 70D Digital SLR Camera 8469B002,294.0,4.7,4150,MPB,Free delivery,Canon,low-Budget,39.15619137584929,294.0,0
camera,"Dji Osmo Pocket 3 Creator Combo, Vlogging Cameras with 1'' Cmos, 4K/120fps Vlog Camera, 3-Axis Stabilization, Face/Object Tracking, Mic Included for",498.69,5.0,80,Walmart - milky tech,Free delivery,Unknown,low-Budget,21.972245773362197,498.69,0
camera,Nikon D300S Digital SLR Camera,450.99,4.7,2810,newegg.com,Unknown,Nikon,low-Budget,37.3240891832607,450.99,0
camera,Minolta MN4K40NV 4K Ultra HD 16x IR Night Vision Video Camcorder,199.0,4.0,410,Macy's,Free delivery by Fri,Unknown,low-Budget,24.074372857984937,199.0,0
camera,Canon Digital Rebel XT DSLR Camera with EF-S 18-55mm f/3.5-5.6 Lens,122.19,4.7,970,acephoto.net,Unknown,Canon,low-Budget,32.328134400969226,122.19,0
camera,Olympus OM-D E-M1 Mark II Mirrorless Camera,634.0,4.8,1830,MPB,Free delivery,Unknown,low-Budget,36.06056421443765,634.0,0
camera,Panasonic LUMIX BGH1 4K Cinema Box Camera,1199.95,4.6,220,B&H Used Store,Free delivery by Wed,Panasonic,low-Budget,24.83154842698166,1199.95,0
camera,Fujifilm X-T5 Mirrorless Camera Lens,1999.0,4.8,4330,Willoughby's Photo Emporium,Free delivery,Unknown,low-Budget,40.193057957830206,1999.0,0
camera,Kodak PIXPRO AZ528 16MP Astro Zoom Digital Camera with 52x Zoom Bundle,299.99,4.0,10,Best Buy,Unknown,Unknown,low-Budget,9.591581091193483,299.99,0
camera,Sony ZV-E10 II Mirrorless Camera,998.0,4.7,4190,Target,Free delivery,Sony,low-Budget,39.201264845247835,998.0,0
camera,Sony FX2 Full-frame Cinema Camera with XLR Handle,3098.0,4.5,230,Walmart - Focus Camera,Free delivery,Sony,low-Budget,24.49087969734807,3098.0,0
camera,Sony a6700 Mirrorless Camera,1377.8,4.8,5180,ExcellentPhoto.ca,Unknown,Sony,low-Budget,41.05321616071098,1377.8,0
camera,Kodak PIXPRO C1 Compact Digital Camera,99.99,4.5,5240,B&H Photo-Video-Audio,Free delivery by Wed,Unknown,low-Budget,38.539204194609745,99.99,0
camera,Sony ZV-1 Mark II Vlog-camera 20.1 mp,614.0,4.5,700,MPB,Free delivery,Sony,low-Budget,29.486285491655657,614.0,0
camera,Kodak PIXPRO FZ45 Digital Camera,114.99,4.0,16000,Best Buy,Unknown,Unknown,low-Budget,38.7216259970755,114.99,0
camera,"Digital Camera, 48mp Flip Screen Camcorder for Photography on YouTube, video camera with Wide-Angle Lens and Macro Lens, 32G Micro Card, 2 Batteries,1",54.79,3.9,150,Walmart - BOYIFZ,Free delivery,Unknown,low-Budget,19.567391363578203,54.79,0
camera,Canon PowerShot G7 X Mark III Digital Camera,879.0,4.5,24000,Bedford Camera & Video,Free delivery,Canon,low-Budget,45.38632848807923,879.0,0
camera,DJI Osmo Pocket 3,439.0,4.7,12000,Glazer's Camera,Free delivery,Unknown,low-Budget,44.14590271556778,439.0,0
camera,Canon Digital Camera Eos Rebel Xt,35.0,4.6,1650,keh.com,Free delivery on $75+,Canon,low-Budget,34.082027642032585,35.0,0
camera,Kodak PIXPRO FZ55 Digital Camera,139.99,4.6,28000,B&H Photo-Video-Audio,Free delivery by Wed,Unknown,low-Budget,47.10397931290445,139.99,0
camera,Sony a7 III Mirrorless Camera Body,1009.0,4.7,49000,MPB,Free delivery,Sony,low-Budget,50.758101129724594,1009.0,0
camera,Fujifilm X100 12.3MP Digital Camera,649.99,4.5,1080,Allen’s Camera,Unknown,Unknown,low-Budget,31.435388179376435,649.99,0
camera,Sony a6700 Mirrorless Camera with 18-135mm Lens,1898.0,4.7,3050,Best Buy,Unknown,Sony,low-Budget,37.70915601816835,1898.0,0
camera,Nikon D5600 DSLR Camera Lens,519.95,4.8,1760,B&H Used Store,Free delivery by Wed,Nikon,low-Budget,35.873458120781784,519.95,0
camera,Canon EOS R50 Mirrorless Camera,679.0,4.8,25000,Macy's,Free delivery by Fri,Canon,low-Budget,48.60802129464172,679.0,0
camera,Fujifilm GFX100RF Digital Camera,5599.0,4.6,690,The Camera Exchange,Unknown,Unknown,Mid-Range,30.07544318933128,5599.0,0
camera,Nikon D3400 DSLR Camera with 18-55mm,204.0,4.8,7600,MPB,Free delivery,Nikon,low-Budget,42.89296846351699,204.0,0
camera,Panasonic LUMIX G100D 4K Mirrorless Camera with 12-32mm Lens,647.99,4.5,530,Shop Panasonic USA,Unknown,Panasonic,low-Budget,28.236429095588726,647.99,0
camera,Yashica Tank Compact Digital Camera,99.99,4.7,430,B&H Photo-Video-Audio,Free delivery by Wed,Unknown,low-Budget,28.510708023487613,99.99,0
camera,Vivitar 4K Hybrid Optical Zoom Camera,159.99,4.4,240,Best Buy,Free delivery by Mon,Unknown,low-Budget,24.13310650735888,159.99,0
camera,Nikon Z6 II Mirrorless Camera,1396.95,4.8,10000,Abt Electronics & Appliances,Free delivery,Nikon,low-Budget,44.21011376148728,1396.95,0
camera,Canon Digital Rebel XT DSLR Camera with EF-S 18-55mm f/3.5-5.6 Lens,122.19,4.7,970,acephoto.net,Unknown,Canon,low-Budget,32.328134400969226,122.19,0
camera,GoPro HERO12 Black Camera,269.0,4.6,7350,MPB,Free delivery,Unknown,low-Budget,40.951921531920796,269.0,0
camera,Sony RX1R III Compact Camera,4573.3,4.6,910,Aden Camera,Free delivery,Sony,low-Budget,31.346897327395805,4573.3,0
camera,Canon EOS R6 Mark II Mirrorless Camera,1999.0,4.8,20000,Canon,Unknown,Canon,low-Budget,47.53698024617362,1999.0,0
camera,Canon EOS R6 Mark III Mirrorless Camera with RF 24-105mm Lens,3149.0,4.7,850,Best Buy,Free delivery by Mon,Canon,low-Budget,31.708137004294862,3149.0,0
camera,SONY ZV-E10 Mirrorless Camera,659.99,4.6,11000,Deals All Year,Free delivery,Sony,low-Budget,42.8064107010014,659.99,0
camera,Nikon D40x Digital SLR Camera Body,64.0,4.5,1350,MPB,Free delivery,Nikon,low-Budget,32.4387015208209,64.0,0
camera,Sony a7 V Mirrorless Camera,2898.0,4.9,1860,bhphotovideo.com,Unknown,Sony,low-Budget,36.891459357547035,2898.0,0
camera,Minolta MN4K40NV 4K Ultra HD 16x IR Night Vision Video Camcorder,199.0,4.0,410,Macy's,Free delivery by Fri,Unknown,low-Budget,24.074372857984937,199.0,0
camera,Insta360 X5 Camera,593.99,4.7,5260,Best Buy,Unknown,Unknown,low-Budget,40.26995908813479,593.99,0
camera,Nikon D300S Digital SLR Camera,450.99,4.7,2810,newegg.com,Unknown,Nikon,low-Budget,37.3240891832607,450.99,0
camera,Canon EOS 70D Digital SLR Camera 8469B002,294.0,4.7,4150,MPB,Free delivery,Canon,low-Budget,39.15619137584929,294.0,0
camera,Sony ZV-E10 II Mirrorless Camera,998.0,4.7,4190,Target,Free delivery,Sony,low-Budget,39.201264845247835,998.0,0
camera,Blackmagic Design 6K Pro Studio Camera,2495.0,4.7,90,Lunchbox Audio,Free delivery by Fri,Unknown,low-Budget,21.201039680629194,2495.0,0
camera,Kodak PIXPRO AZ528 16MP Astro Zoom Digital Camera with 52x Zoom Bundle,299.99,4.0,10,Best Buy,Unknown,Unknown,low-Budget,9.591581091193483,299.99,0
camera,Nikon Z5 II Mirrorless Camera Lens,1896.95,4.9,780,Walmart - Beach Camera,Free delivery,Nikon,low-Budget,32.636818234214466,1896.95,0
